fill|4|ford|My Ford's new anti-theft system releases ___ when it recognizes my ex.|A familiar car safeguard becomes a specific excessive response to a recognizable adult threat.
fill|4|chevrolet|The Chevrolet salesman promised the trunk could conceal ___ and still close.|A normal sales demonstration acquires an explicit suspicious concealment requirement.
fill|4|honda|My Honda's dashboard said "maintenance overdue" and then printed my ___.|A routine vehicle warning reveals a specific absurd private failure beyond the car.
fill|4|toyota|The Toyota dealer valued my trade-in higher after finding ___ in the glove box.|A clear sales appraisal is corrupted by a suspicious hidden discovery.
fill|4|subaru|My Subaru's emergency kit includes flares, blankets, and a notarized ___.|A practical road kit adds a specific excessively defensive legal preparation.
fill|4|jeep|The Jeep owner's manual says the mud on my wedding outfit is actually ___.|An off-road cleanup becomes a clear absurd excuse at an adult ceremony.
fill|3|volvo|My Volvo's safety briefing ended with a warning about ___.|The familiar safety association is clear but the blank lacks a distinctive mechanism.
fill|4|bmw|My BMW's turn signal charges a convenience fee every time I ___.|A routine driving control receives a specific petty luxury subscription condition.
fill|4|mercedes-benz|The Mercedes-Benz valet handed back my keys wearing my ___.|A luxury service becomes a concrete and invasive personal-property discovery.
fill|4|audi|My Audi's voice assistant notified the police when I asked for directions to ___.|A familiar navigation request exposes a specific suspicious destination.
fill|4|porsche|The Porsche dealer offered a midlife-crisis package with complimentary ___.|A recognizable adult status purchase gets a concrete embarrassing bundled extra.
fill|4|ferrari|The Ferrari test-drive waiver required me to identify my next of kin and ___.|A luxury demonstration escalates a real-looking risk form into a morbid extra obligation.
fill|4|lamborghini|My Lamborghini's exhaust is loud enough to interrupt ___.|A familiar excessive status display creates a concrete outrageously inappropriate disruption.
fill|3|maserati|My Maserati's mechanic diagnosed the strange noise as ___.|The car problem is readable but an unspecified diagnosis is a generic blank.
fill|4|bentley|The Bentley's champagne cooler also has a discreet compartment for ___.|A recognizable luxury amenity adds a concrete suspicious concealment feature.
fill|4|rolls-royce|My Rolls-Royce chauffeur refused to drive until I signed a waiver about ___.|A familiar elite service imposes a specific outrageous passenger liability condition.
fill|4|cadillac|The Cadillac dealership offered to roll my funeral expenses into ___.|A normal financing upsell becomes a concrete morbid commercial obligation.
fill|4|lincoln|My Lincoln's massage seat only relaxes after I confess ___.|A luxury comfort function becomes a specific invasive interrogation ritual.
fill|3|buick|The Buick's secret button activates ___.|An unnamed special feature supplies almost all the joke without a specific premise.
fill|4|gmc|My GMC's towing package includes a brochure titled "How to remove ___."|A practical vehicle accessory advertises a concrete suspicious extraction task.
fill|4|dodge|The Dodge salesman called my getaway route "a perfect opportunity to test ___."|A routine performance demonstration becomes explicitly complicit in a criminal escape.
fill|4|ram|The Ram owner's club expelled me for hauling ___ instead of furniture.|A familiar truck activity becomes a specific outrageous community standards dispute.
fill|4|chrysler|My Chrysler's warranty excludes damage caused by relatives arguing over ___.|A vehicle contract treats an adult family conflict as a specific destructive hazard.
fill|4|nissan|My Nissan's backup camera caught the undertaker doing ___.|A normal visibility feature reveals a concrete disturbing funeral-service indiscretion.
fill|4|hyundai|The Hyundai dealership's trade-in checklist asks whether the ghost has ___.|A car appraisal gains a specific bureaucratic condition for supernatural occupants.
fill|4|kia|My Kia's roadside assistance asked me to stop ___ before they would arrive.|A practical rescue dispatch imposes a clear suspicious behavior restriction.
fill|4|mazda|My Mazda's GPS labeled the divorce attorney "your most visited ___."|Navigation history creates a specific humiliating adult relationship classification.
fill|3|mitsubishi|The Mitsubishi rental smelled like the previous driver had been ___.|The unpleasant rental setup is clear but an unspecified past behavior is broad.
fill|4|volkswagen|My Volkswagen's glove box contained a love letter addressed to ___.|A mundane car compartment reveals a specific absurdly compromising romantic recipient.
fill|4|mini|The Mini salesperson said my emotional baggage would need ___.|A familiar small-car purchase gives an adult metaphor a concrete practical restriction.
fill|4|land-rover|My Land Rover's adventure package came with a map to my ex's ___.|A familiar off-road purchase becomes a concrete excessive revenge expedition.
fill|4|lexus|The Lexus concierge insisted my divorce counted as a complimentary ___.|A familiar luxury-service tone absurdly rebrands a painful adult event as a benefit.
fill|4|acura|My Acura's security camera emailed my boss footage of me ___.|A practical monitoring feature becomes a concrete humiliating adult workplace exposure.
fill|3|infiniti|The Infiniti's luxury package includes a private ___.|An unspecified elite extra leaves nearly the entire premise to the answer.
fill|4|genesis|The Genesis valet returned my car with an itemized bill for deleting ___.|A normal service handoff reveals a specific suspicious digital cleanup charge.
fill|4|pontiac|My haunted Pontiac demands ___ before it lets me shift out of park.|A recognizable old-car haunting creates a specific supernatural extortion condition.
fill|4|oldsmobile|The inherited Oldsmobile had a handwritten instruction: "Never open ___ at night."|An adult inheritance contains a concrete ominous vehicle-use restriction.
fill|3|saturn|My Saturn's reunion club required a ceremonial ___.|An obsolete-car gathering is understandable but the ritual is arbitrary.
fill|4|hummer|My Hummer's parking permit required permission from the city and ___.|An excessive vehicle creates a concrete absurd expansion of everyday parking bureaucracy.
fill|4|saab|The Saab restoration invoice listed "removal of previous owner's ___" as labor.|A practical repair bill reveals a specific disturbing remnant of the car's history.
fill|4|fiat|My Fiat's emergency exit is labeled "First apologize for ___."|A small-car safety procedure acquires a concrete absurd personal prerequisite.
fill|3|alfa-romeo|My Alfa Romeo's romance mode automatically plays ___.|An invented romance feature is readable but the missing content lacks a dark mechanism.
fill|4|aston-martin|The Aston Martin salesman asked whether my ejector-seat request was for ___.|A familiar spy-car expectation becomes a concrete suspicious customer-use clarification.
fill|4|bugatti|The Bugatti dealer rejected my down payment because it was entirely ___.|A recognizable extravagant purchase receives a concrete inappropriate payment proposal.
fill|4|mclaren|My McLaren's track-day insurance covers crashes but specifically excludes ___.|An elite driving-risk contract adds a specific absurdly troubling exception.
fill|4|ducati|My Ducati's helmet camera recorded my last words as "Please delete ___."|A familiar risky adult hobby gets a specific morbid privacy request.
fill|4|harley-davidson|The Harley-Davidson wedding convoy refused to stop roaring until we ___.|A recognizable loud adult celebration imposes a specific outrageous ceremony condition.
fill|4|indian-motorcycle|My Indian Motorcycle's custom seat has room for me and my divorce ___.|A recognizable adult motorcycle purchase incorporates an embarrassing legal companion.
fill|4|vespa|The Vespa hearse has a weight limit and a strict rule about ___.|A recognizable small scooter becomes a concrete impractical funeral transport.
fill|4|harbor-freight|Harbor Freight's coffin kit came with extra screws labeled "For ___."|A familiar budget tool purchase acquires a specific unsettling burial assembly instruction.
most-likely|4|ford|Who's most likely to ask a Ford dealer whether the alarm can recognize their ex?|A practical purchase question expresses a specific excessive adult relationship defense.
most-likely|4|chevrolet|Who's most likely to measure a Chevrolet trunk while refusing to explain the dimensions?|A plausible car-shopping precaution becomes a specific suspicious concealment behavior.
most-likely|4|honda|Who's most likely to blame a Honda warning light for finally revealing their secret marriage?|A routine car fault becomes a concrete absurd excuse for an adult personal betrayal.
most-likely|4|toyota|Who's most likely to negotiate a Toyota trade-in using jewelry found inside the seat?|A familiar sales negotiation gains a concrete suspicious extra asset.
most-likely|4|subaru|Who's most likely to keep a notarized alibi beside the flares in their Subaru emergency kit?|A plausible preparedness habit incorporates a specific disturbing legal defense.
most-likely|4|jeep|Who's most likely to drive a muddy Jeep through a wedding because the entrance felt boring?|A recognizable off-road habit creates a specific disruptive adult ceremony stunt.
most-likely|3|volvo|Who's most likely to demand a Volvo safety test for their emotional baggage?|The metaphor is clear but the actual behavior remains physically vague.
most-likely|4|bmw|Who's most likely to invoice friends for every BMW turn signal used on a group trip?|A mundane driving act becomes a concrete outrageous petty billing behavior.
most-likely|4|mercedes-benz|Who's most likely to tip a Mercedes-Benz valet with someone else's engagement ring?|A familiar luxury-service interaction becomes a specific suspicious adult-property transfer.
most-likely|4|audi|Who's most likely to ask an Audi voice assistant for a route with no witnesses?|A plausible navigation request becomes a concrete criminally suspicious travel preference.
most-likely|4|porsche|Who's most likely to ask if a Porsche lease can be listed as therapy on an insurance claim?|A recognizable adult status purchase creates a specific outrageous reimbursement scheme.
most-likely|4|ferrari|Who's most likely to assign their next of kin before a Ferrari test drive at the mall?|A familiar luxury demonstration triggers a specific disproportionately morbid preparation.
most-likely|4|lamborghini|Who's most likely to rev a Lamborghini during a moment of silence for attention?|A recognizable loud status symbol creates a concrete socially outrageous adult disruption.
most-likely|3|maserati|Who's most likely to describe every Maserati repair as a personality test?|The metaphor is readable but it lacks a concrete outrageous or morbid behavior.
most-likely|4|bentley|Who's most likely to ask whether a Bentley champagne cooler can hide divorce papers?|A familiar luxury amenity becomes a specific adult legal-concealment tool.
most-likely|4|rolls-royce|Who's most likely to make a Rolls-Royce chauffeur sign an alibi instead of a mileage log?|A recognizable elite service gets a specific suspicious documentation substitution.
most-likely|4|cadillac|Who's most likely to ask a Cadillac dealer to finance the car and its owner's funeral?|A familiar financing negotiation extends into a concrete disturbing death transaction.
most-likely|4|lincoln|Who's most likely to treat a Lincoln massage seat as their court-ordered therapist?|A recognizable comfort feature becomes a specific outrageous legal-compliance substitute.
most-likely|3|buick|Who's most likely to insist their Buick has a button nobody is emotionally ready to press?|The ominous feature is readable but the actual risk is entirely unspecified.
most-likely|4|gmc|Who's most likely to ask if a GMC towing package includes removal of an occupied coffin?|A practical truck purchase gains an explicit grotesque service expectation.
most-likely|4|dodge|Who's most likely to request a Dodge test drive that ends outside a freshly robbed bank?|A familiar car demonstration becomes a specific transparently suspicious escape rehearsal.
most-likely|4|ram|Who's most likely to haul a coffin in a Ram and still complain about scratches in the bed?|A recognizable truck task gives a concrete morbid scene a petty ownership priority.
most-likely|4|chrysler|Who's most likely to ask Chrysler whether inheritance arguments void the windshield warranty?|A practical vehicle question incorporates a specific destructive adult family conflict.
most-likely|4|nissan|Who's most likely to use a Nissan backup camera as surveillance during a suspicious funeral?|A familiar vehicle feature becomes a specific morbid amateur-investigation tool.
most-likely|4|hyundai|Who's most likely to demand a Hyundai appraisal include the ghost's outstanding debts?|A familiar trade-in process acquires a concrete absurd supernatural financial condition.
most-likely|4|kia|Who's most likely to ask Kia roadside assistance to bring a shovel without asking why?|A practical rescue request includes a specific suspicious concealment implement.
most-likely|4|mazda|Who's most likely to delete their Mazda's route history before a divorce lawyer reads it?|A recognizable car-management action serves a specific adult legal-evidence concealment.
most-likely|3|mitsubishi|Who's most likely to complain that a Mitsubishi rental smells like someone else's regrets?|The metaphor is accessible but it does not describe a concrete outrageous behavior.
most-likely|4|volkswagen|Who's most likely to hide a breakup letter in a Volkswagen recalled by their ex?|A familiar vehicle problem becomes a specific spiteful adult message-delivery scheme.
most-likely|4|mini|Who's most likely to put divorce papers on a Mini roof rack because the cabin is full?|A recognizable small-car space problem becomes a specific humiliating adult legal image.
most-likely|4|land-rover|Who's most likely to plan a Land Rover expedition around locations their ex avoids?|A recognizable adventure vehicle enables a specific obsessive adult travel scheme.
most-likely|4|lexus|Who's most likely to demand Lexus loyalty points for driving to their third divorce hearing?|A familiar customer reward becomes a specific inappropriate adult legal benefit claim.
most-likely|4|acura|Who's most likely to demand their Acura camera blur faces before they lend it to a lover?|A practical monitoring setting becomes a concrete suspicious adult privacy precaution.
most-likely|3|infiniti|Who's most likely to insist an Infiniti concierge handle their personal moral dilemmas?|The elite-service entitlement is clear but its actual demand remains broad.
most-likely|4|genesis|Who's most likely to pay a Genesis valet more to delete footage than to park the car?|A recognizable service transaction acquires a specific suspicious evidence-cleanup priority.
most-likely|4|pontiac|Who's most likely to charge their Pontiac's ghost rent for occupying the back seat?|A recognizable old-car haunting creates a concrete petty supernatural billing behavior.
most-likely|4|oldsmobile|Who's most likely to ignore a dead relative's warning taped inside an inherited Oldsmobile?|An adult inheritance prompts a specific knowingly risky and morbid curiosity behavior.
most-likely|3|saturn|Who's most likely to make Saturn ownership part of a dating profile's emergency instructions?|The obsolete-car pride is clear but the emergency connection is arbitrary.
most-likely|4|hummer|Who's most likely to ask a Hummer valet to park directly on their ex's lawn?|A recognizable oversized vehicle becomes a specific outrageous adult revenge request.
most-likely|4|saab|Who's most likely to ask a Saab mechanic to bill removal of bones as routine maintenance?|A familiar repair invoice becomes a concrete grotesque evidence-concealment request.
most-likely|4|fiat|Who's most likely to ask a Fiat salesperson to demonstrate escape while wearing handcuffs?|A familiar small-car demonstration gains a specific suspicious adult restraint condition.
most-likely|3|alfa-romeo|Who's most likely to expect an Alfa Romeo to improve the tone of their breakup messages?|The romantic brand association is clear but it lacks a concrete outrageous mechanism.
most-likely|4|aston-martin|Who's most likely to ask an Aston Martin dealer if the ejector seat works on a spouse?|A recognizable spy-car expectation becomes a specific disturbing adult sales question.
most-likely|4|bugatti|Who's most likely to offer a Bugatti dealer a bag of teeth as proof of available collateral?|A familiar extravagant purchase receives a concrete grotesque financing proposal.
most-likely|4|mclaren|Who's most likely to list a McLaren track day as the reason nobody should expect inheritance?|A recognizable risky luxury hobby prompts a specific morbid adult financial warning.
most-likely|4|ducati|Who's most likely to label their Ducati helmet camera "Delete before the will reading"?|A recognizable adult hobby gets a specific morbid privacy instruction for relatives.
most-likely|4|harley-davidson|Who's most likely to interrupt wedding vows with a Harley-Davidson exhaust demonstration?|A recognizable loud adult hobby creates a specific outrageous ceremony intrusion.
most-likely|4|indian-motorcycle|Who's most likely to ask an Indian Motorcycle dealer for a passenger seat sized for an urn?|A recognizable motorcycle purchase becomes a specific morbid transport modification.
most-likely|4|vespa|Who's most likely to strap a full coffin to a Vespa and complain about handling?|A familiar small scooter enables a concrete grotesque and impractical transport decision.
most-likely|4|harbor-freight|Who's most likely to assemble a Harbor Freight coffin before checking who the funeral is for?|A recognizable budget DIY habit becomes a specific disturbing premature funeral preparation.
