fill|5|subway|The Subway sandwich artist refused to draw the chalk outline around ___.|The familiar job title becomes an absurdly specific adult crime-scene duty.
fill|5|burger-king|The Burger King crown was admitted as evidence that ___ had seized the throne.|A recognizable paper crown creates a tangible ridiculous succession crime.
fill|5|wendys|Wendy's drive-through asked whether I wanted my condolences with ___ or without.|The familiar ordering ritual becomes a clear and tasteless funeral service.
fill|4|kfc|The KFC bucket contained eleven herbs, spices, and the missing ___ from the will.|A familiar recipe slogan conceals a concrete and morbid inheritance clue.
fill|5|chick-fil-a|The Chick-fil-A hostage negotiator said my pleasure, then demanded ___.|The recognizable courteous phrase clashes with a specific outrageous criminal demand.
fill|4|popeyes|The Popeyes biscuit was used to seal the airlock after ___ escaped.|The notoriously dry biscuit becomes a concrete absurd emergency repair material.
fill|4|sonic-drive-in|The Sonic carhop delivered my final meal on skates and accidentally ran over ___.|The familiar service style creates a visible morbid physical mishap.
fill|5|arbys|Arby's has the meats, but the coroner would like a word about ___.|The household slogan directly motivates a specific ominous forensic inquiry.
fill|4|jack-in-the-box|Jack in the Box's head rolled into court, carrying the only evidence of ___.|The distinctive mascot head becomes a tangible absurd courtroom witness.
fill|4|five-guys|Five Guys agreed to cater the séance if the ghost stopped stealing ___.|A familiar restaurant receives a specific negotiable supernatural service problem.
fill|4|in-n-out|In-N-Out's secret menu finally revealed the correct way to order ___.|The recognizable hidden menu offers access to a plainly absurd adult service.
fill|4|shake-shack|Shake Shack's vibrating pager summoned me to identify ___.|A familiar restaurant object becomes a specific morbid identification signal.
fill|3|whataburger|The Whataburger receipt became my only proof that ___ had occurred.|The regional brand is less universal and the unfilled event bears most of the humor.
fill|5|white-castle|The White Castle sliders were arranged into a tiny fortress defending ___.|Small recognizable burgers create a visible absurd defense with answerable targets.
fill|4|carls-jr|Carl's Jr. charged me a cleaning fee after I proposed with ___.|A familiar fast-food setting supplies a specific messy adult romantic disaster.
fill|3|hardees|Hardee's breakfast survived the flood, but now demanded ___.|The regional reference and generic personification make this weaker than concrete service scenes.
fill|4|del-taco|The Del Taco drive-through mistook my getaway car for ___.|A concrete adult criminal vehicle enters a familiar ordering procedure.
fill|5|chipotle|Chipotle charged extra for guacamole and another dollar to remove ___.|A familiar surcharge turns into a specific outrageous food-contamination upsell.
fill|3|qdoba|Qdoba's catering contract required us to supply our own ___.|The brand is less immediate and the missing object supplies nearly the whole joke.
fill|3|moes-southwest-grill|The greeting at Moe's got quieter after ___ walked through the door.|The brand-specific welcome is regional and the setup needs a strong supplied visitor.
fill|5|panera|Panera put my organs in a bread bowl and asked whether I wanted chips.|A distinctive menu vessel creates an explicit outrageous adult medical service.
fill|4|panda-express|The Panda Express fortune cookie predicted a class-action lawsuit over ___.|A familiar meal component forecasts a concrete and oddly specific legal consequence.
fill|4|pf-changs|The P.F. Chang's lettuce wrap concealed the witness's instructions to ___.|A recognizable food wrapping becomes a tangible clandestine communication device.
fill|3|pei-wei|Pei Wei delivered a receipt signed by my alleged accomplice, ___.|The legal clue is coherent but the restaurant reference is comparatively niche.
fill|3|noodles-and-company|Noodles & Company listed ___ as the new corporate partner.|The company-name pun is obvious and the open partner slot lacks concrete adult stakes.
fill|5|olive-garden|Olive Garden's unlimited breadsticks ended when the ghost started using them to ___.|A household service promise becomes a specific supernatural misuse with clear objects.
fill|5|red-lobster|The Red Lobster tank contained one lobster wearing the stolen ___.|The distinctive live tank produces a visible absurd piece of criminal evidence.
fill|4|chilis|The Chili's sizzling skillet drowned out the confession that I had ___.|A recognizable audible dish interferes with a concrete adult admission.
fill|4|applebees|Applebee's half-price appetizers came with a full-price bill for ___.|A familiar restaurant promotion becomes an outrageous but legible added service charge.
fill|4|tgi-fridays|The TGI Fridays server's flair included a badge certifying them to ___.|The distinctive decorated uniform receives a specific inappropriate professional credential.
fill|5|outback-steakhouse|The Outback Bloomin' Onion opened to reveal a tiny lawyer demanding ___.|An immediately recognizable food shape conceals an absurd legal interruption.
fill|4|longhorn-steakhouse|The LongHorn steak knife was returned with a police label reading ___.|A familiar restaurant utensil becomes tangible evidence of a specific adult crime.
fill|4|texas-roadhouse|The Texas Roadhouse line dance began before anyone noticed ___ under the table.|The familiar dining ritual continues through a concrete outrageous physical discovery.
fill|5|cracker-barrel|The Cracker Barrel rocking chair rocked itself while reading grandpa's ___.|A distinctive restaurant object becomes a vivid supernatural executor of adult documents.
fill|5|ihop|IHOP's pancake stack was the only thing holding up the ___ during surgery.|A recognizable menu feature becomes a physically absurd medical support.
fill|4|dennys|Denny's renamed the Grand Slam after a customer successfully punched ___.|A familiar menu name motivates a specific outrageous physical achievement.
fill|5|waffle-house|The Waffle House stayed open during the apocalypse but stopped accepting ___.|The household resilience reputation creates a specific absurd post-apocalyptic payment rule.
fill|3|bob-evans|Bob Evans's farm tour ended when we discovered ___ behind the barn.|The familiar rural setting is clear but the hidden discovery remains generic.
fill|5|cheesecake-factory|The Cheesecake Factory menu added a chapter explaining how to bury ___.|The notoriously long menu gains a specific outrageous procedural section.
fill|4|golden-corral|Golden Corral weighed my coffin before deciding whether ___ counted as a refill.|The buffet policy becomes a concrete and morbid pricing dispute.
fill|4|buffalo-wild-wings|Buffalo Wild Wings put my mugshot on the TV after I tried to ___.|The recognizable sports-screen setting displays evidence of a specific adult transgression.
fill|4|wingstop|Wingstop's lemon pepper residue traced the getaway route all the way to ___.|A familiar wing flavor creates a tangible forensic trail with answerable destinations.
fill|4|hooters|The Hooters owl was sworn in as the expert witness on ___.|A recognizable adult restaurant mascot receives a precise absurd court responsibility.
fill|3|twin-peaks-restaurant|The Twin Peaks sports bar refused to televise the competitive ___.|The restaurant-versus-show reference is ambiguous and the sports refusal is generic.
fill|4|ruths-chris|Ruth's Chris served my steak on a plate hot enough to erase ___.|The signature hot plate produces a concrete and exaggerated physical consequence.
fill|3|mortons-steakhouse|Morton's charged a corkage fee for the bottle containing ___.|The premium restaurant is less immediate and the strange bottle supplies most of the premise.
fill|3|capital-grille|The Capital Grille sommelier recommended a wine to accompany my ___.|The relatively niche dining reference leaves a generic inappropriate pairing frame.
fill|5|benihana|The Benihana chef's onion volcano erupted and uncovered ___.|A distinctive tabletop performance causes a visible absurd forensic discovery.
fill|3|culvers|Culver's frozen custard thawed to reveal the missing ___.|The regional brand and generic concealed-object frame reduce immediate comic force.
fill|5|dairy-queen|The Dairy Queen Blizzard stayed upside down while the hearse lost ___.|The signature inverted dessert demonstration contrasts with a concrete morbid transport mishap.
most-likely|5|subway|Who's most likely to ask a Subway sandwich artist to sketch the getaway driver?|The household job title gets a specific and absurd police-sketch assignment.
most-likely|5|burger-king|Who's most likely to wear a Burger King crown while demanding diplomatic immunity?|A recognizable disposable crown underwrites a concrete ridiculous legal claim.
most-likely|5|wendys|Who's most likely to ask Wendy's to roast the obituary instead of the burger?|The familiar roasting persona becomes a specific tasteless adult writing request.
most-likely|4|kfc|Who's most likely to fingerprint every piece in the KFC bucket before eating?|A recognizable shared meal receives a concrete excessive forensic procedure.
most-likely|4|chick-fil-a|Who's most likely to ask Chick-fil-A for a refund on their failed exorcism?|The familiar courteous service setting is assigned an absurd supernatural warranty claim.
most-likely|4|popeyes|Who's most likely to use a Popeyes biscuit to patch the hull of a sinking boat?|A notoriously dense snack becomes a visible misguided emergency repair.
most-likely|5|sonic-drive-in|Who's most likely to order Sonic from the drive-through lane in a stolen hearse?|A familiar fast-food procedure contains an explicit ridiculous adult crime vehicle.
most-likely|5|arbys|Who's most likely to ask Arby's if having the meats includes organ transplants?|The household slogan prompts a specific and morbidly inappropriate service inquiry.
most-likely|4|jack-in-the-box|Who's most likely to subpoena the Jack in the Box head as an eyewitness?|The distinctive mascot receives a precise and ridiculous adult legal role.
most-likely|4|five-guys|Who's most likely to count Five Guys as the six-person jury they need?|A familiar restaurant name is used in a concrete and visibly flawed civic calculation.
most-likely|4|in-n-out|Who's most likely to ask In-N-Out for the secret-menu witness protection plan?|The familiar hidden menu becomes a specific absurd adult legal service.
most-likely|4|shake-shack|Who's most likely to bring a Shake Shack pager to a séance and wait for grandpa?|A recognizable vibrating object serves as a precise ridiculous supernatural communication device.
most-likely|3|whataburger|Who's most likely to carry a Whataburger receipt as their entire legal defense?|The action is coherent but the regional restaurant adds little unique comic information.
most-likely|5|white-castle|Who's most likely to build a White Castle slider wall against the repo man?|Tiny familiar burgers become a tangible futile defense against an adult financial consequence.
most-likely|4|carls-jr|Who's most likely to propose in Carl's Jr. and charge the ring as a meal upgrade?|The familiar restaurant transaction becomes a specific outrageously cheap adult proposal.
most-likely|3|hardees|Who's most likely to name Hardee's as the beneficiary of the estate?|The bizarre inheritance is legible but the regional brand substitution feels relatively arbitrary.
most-likely|4|del-taco|Who's most likely to demand Del Taco catering during a police standoff?|A familiar meal service is requested in a concrete inappropriate adult emergency.
most-likely|5|chipotle|Who's most likely to ask Chipotle whether witness protection costs extra like guac?|A household surcharge provides a specific absurd comparison to a serious legal service.
most-likely|3|qdoba|Who's most likely to use a Qdoba catering tray as the family crest?|The regional reference and arbitrary emblem substitution produce only moderate comic specificity.
most-likely|3|moes-southwest-grill|Who's most likely to practice the Moe's greeting before entering a police lineup?|The adult legal scene is specific but relies on regional knowledge of the greeting.
most-likely|5|panera|Who's most likely to ask Panera to deliver the donated kidney in a bread bowl?|A signature menu vessel becomes a concrete wildly inappropriate medical container.
most-likely|4|panda-express|Who's most likely to enter a Panda Express fortune cookie as testimony?|A familiar meal component receives a precise absurd legal evidentiary role.
most-likely|4|pf-changs|Who's most likely to hide the divorce settlement in a P.F. Chang's lettuce wrap?|A recognizable wrapping food becomes a tangible foolish storage choice for adult documents.
most-likely|3|pei-wei|Who's most likely to ask Pei Wei for a notarized alibi with the delivery?|The specific adult paperwork request works but the comparatively niche brand adds little.
most-likely|3|noodles-and-company|Who's most likely to list Noodles & Company as co-defendants in a parking appeal?|The company pun is clear but the restaurant's role in the legal matter is arbitrary.
most-likely|5|olive-garden|Who's most likely to test Olive Garden's unlimited promise during a hunger strike?|A household service promise meets a specific and self-defeating adult protest.
most-likely|5|red-lobster|Who's most likely to hire a Red Lobster tank resident as the getaway driver?|The distinctive live animal display receives a concrete absurd criminal assignment.
most-likely|4|chilis|Who's most likely to request a Chili's sizzling skillet as the polygraph machine?|A recognizable audible dish is used as a precise obviously unsuitable forensic tool.
most-likely|4|applebees|Who's most likely to demand half-price bail because it's happy hour at Applebee's?|A familiar promotion becomes a specific absurd request about adult criminal detention.
most-likely|4|tgi-fridays|Who's most likely to wear TGI Fridays flair as their military decorations in court?|The distinctive decorated uniform supports a concrete absurd fraudulent credential.
most-likely|5|outback-steakhouse|Who's most likely to open a Bloomin' Onion at Outback with bomb-disposal scissors?|The signature dish receives a specific and exaggerated dangerous-object procedure.
most-likely|4|longhorn-steakhouse|Who's most likely to demand a LongHorn steak knife for the ribbon-cutting ceremony?|A familiar dining utensil is assigned an oddly aggressive adult ceremonial task.
most-likely|4|texas-roadhouse|Who's most likely to do the Texas Roadhouse line dance while the bailiff waits?|A distinctive restaurant routine visibly delays a specific adult court obligation.
most-likely|5|cracker-barrel|Who's most likely to claim a Cracker Barrel rocking chair is haunted by the bill?|A recognizable restaurant object becomes a specific ridiculous supernatural debt collector.
most-likely|4|ihop|Who's most likely to stack IHOP pancakes under the missing coffin leg?|A familiar menu item becomes a tangible undignified structural funeral repair.
most-likely|4|dennys|Who's most likely to order a Denny's Grand Slam as their final legal appeal?|A recognizable meal name replaces a concrete consequential adult court action.
most-likely|5|waffle-house|Who's most likely to reserve a Waffle House booth as the apocalypse command center?|The household resilience reputation supports a specific absurd emergency planning choice.
most-likely|3|bob-evans|Who's most likely to ask Bob Evans to appraise the suspicious hole behind the barn?|The adult rural scene is clear but the restaurant has no strong role in the task.
most-likely|5|cheesecake-factory|Who's most likely to hide the witness-protection handbook in a Cheesecake Factory menu?|The notoriously lengthy menu provides a specific absurd concealment method for adult secrets.
most-likely|5|golden-corral|Who's most likely to roll the coffin into Golden Corral and demand a group discount?|The familiar buffet becomes the site of an explicit outrageous funeral pricing request.
most-likely|4|buffalo-wild-wings|Who's most likely to ask Buffalo Wild Wings to replay the footage of their arrest?|The familiar sports-screen service is repurposed for a precise self-incriminating viewing request.
most-likely|4|wingstop|Who's most likely to follow Wingstop grease stains instead of the GPS during a chase?|A tangible food residue becomes a specific absurd adult criminal navigation method.
most-likely|4|hooters|Who's most likely to ask the Hooters owl to certify their night-vision impairment?|The household owl mascot receives a specific ridiculous adult medical assessment task.
most-likely|3|twin-peaks-restaurant|Who's most likely to ask Twin Peaks to broadcast the estate inventory as a sport?|The restaurant reference may be confused with the show and supplies little unique detail.
most-likely|4|ruths-chris|Who's most likely to use a Ruth's Chris hot plate to destroy the parking ticket?|The signature hot plate becomes a specific petty evidence-destruction tool.
most-likely|3|mortons-steakhouse|Who's most likely to request Morton's room service during a tax audit?|The service request is coherent but the premium brand contributes a fairly generic excess.
most-likely|3|capital-grille|Who's most likely to have Capital Grille pair a wine with the restraining order?|The adult document pairing is legible but the comparatively niche brand adds little.
most-likely|5|benihana|Who's most likely to call the fire department on the Benihana onion volcano?|A distinctive cooking performance motivates a concrete and exaggerated emergency response.
most-likely|3|culvers|Who's most likely to send Culver's custard as proof the freezer still works?|The regional reference and mild household evidence task do not establish strong adult stakes.
most-likely|5|dairy-queen|Who's most likely to flip the Dairy Queen Blizzard while carrying grandpa's ashes?|The signature inverted dessert trick causes a visible and morbid juggling risk.
