seed,case,ms,value,played
1,0,90.555578,144,20
1,1,8.789297000000033,98,19
1,2,21.12911200000002,102,18
1,3,16.663178000000016,163,19
1,4,0.6712039999999888,109,17
1,5,49.454218000000026,107,16
1,6,2.3863739999999893,162,20
1,7,1.7365920000000301,135,20
1,8,22.14731900000004,142,19
1,9,2.0947419999999966,165,20
1,10,37.429280000000006,127,18
1,11,10.49443100000002,127,20
1,12,1.314296000000013,138,19
1,13,29.671072000000038,112,18
1,14,6.444212999999991,148,20
1,15,1.8808360000000448,130,20
1,16,23.843751999999995,100,17
1,17,5.255493000000001,141,20
1,18,11.06901300000004,124,14
1,19,81.92400800000007,147,18
1,20,19.877201999999897,140,20
1,21,34.77820899999995,151,17
1,22,1.0473499999999376,158,20
1,23,8.430329000000029,97,20
1,24,18.022045999999932,135,18
1,25,19.912474999999972,130,20
1,26,1.62161100000003,115,20
1,27,2.4569870000000265,119,20
1,28,16.33705199999997,178,20
1,29,68.62740299999996,117,19
1,30,16.09269100000006,129,19
1,31,3.942175999999904,107,19
1,32,19.502387999999996,142,20
1,33,0.560350000000085,134,17
1,34,3.0628729999999678,145,20
1,35,12.13873799999999,158,19
1,36,1.083503999999948,111,20
1,37,15.26010800000006,161,20
1,38,21.07060899999999,98,15
1,39,1.3002350000000433,125,20
1,40,0.7187139999999772,134,17
1,41,6.837932000000023,147,17
1,42,5.965119999999956,146,19
1,43,4.541262000000074,134,19
1,44,1.7267460000000483,101,17
1,45,13.657695999999987,125,19
1,46,1.245873999999958,149,20
1,47,2.4922290000000658,133,20
1,48,1.3164179999999988,126,16
1,49,14.470339999999965,130,17
1,50,4.6795770000001085,165,20
1,51,22.201201999999967,94,13
1,52,0.68200899999988,153,18
1,53,14.190605000000005,149,18
1,54,38.280663000000004,121,20
1,55,15.722402999999986,129,15
1,56,1.236660000000029,135,20
1,57,39.83581499999991,145,19
1,58,5.282167999999956,141,20
1,59,51.618396000000075,141,18
1,60,26.336934000000156,128,19
1,61,8.792914999999994,77,14
1,62,23.85738400000014,151,18
1,63,98.04014900000016,118,17
1,64,7.324372000000039,128,18
1,65,1.828065999999808,115,15
1,66,12.752124999999978,121,18
1,67,38.67171200000007,131,19
1,68,4.319784000000027,150,19
1,69,4.834385999999995,139,20
1,70,2.254656999999952,149,20
1,71,62.76218099999983,156,20
1,72,4.027942999999823,141,20
1,73,23.145710000000008,144,19
1,74,10.803832000000057,128,18
1,75,8.993882999999869,126,19
1,76,10.797011999999995,141,20
1,77,179.63025900000002,123,18
1,78,2.5894929999999476,136,20
1,79,2.9978570000000673,101,14
1,80,1.9537619999998697,104,19
1,81,6.179306999999881,161,20
1,82,4.338741999999911,141,20
1,83,26.126422000000048,141,19
1,84,28.994718000000148,138,19
1,85,4.383088000000043,165,19
1,86,26.46962099999996,132,16
1,87,4.4812030000000505,121,20
1,88,21.012383,118,15
1,89,29.775144000000182,147,19
1,90,12.681060000000116,125,16
1,91,1.3979190000000017,134,19
1,92,18.13148799999999,163,18
1,93,57.54603999999995,151,19
1,94,8.842167999999901,136,15
1,95,12.63053600000012,121,19
1,96,45.20895900000005,128,18
1,97,27.108886999999868,139,19
1,98,32.1235099999999,130,18
1,99,21.02543199999991,169,19
1,100,8.642963000000236,136,16
1,101,3.451147999999648,128,20
1,102,19.17119700000012,123,17
1,103,8.443999000000076,144,17
1,104,1.0672500000000582,133,20
1,105,1.8327519999998003,148,20
1,106,14.622363999999834,138,19
1,107,14.174256000000241,145,19
1,108,12.429478000000017,153,20
1,109,37.60869899999989,119,17
1,110,9.088533000000098,133,18
1,111,5.052118000000064,146,19
1,112,4.064476000000013,128,20
1,113,14.706057999999757,175,17
1,114,3.742971000000125,124,17
1,115,26.265048000000206,136,18
1,116,4.116203000000041,140,16
1,117,3.028263000000152,181,20
1,118,14.762391000000207,158,20
1,119,41.30867500000022,106,17
1,120,3.254287000000204,116,17
1,121,5.560700999999881,137,15
1,122,8.277341999999862,133,15
1,123,7.247757999999976,89,18
1,124,26.481727999999748,165,19
1,125,6.53626499999973,129,19
1,126,10.583185999999841,107,18
1,127,1.1829609999999775,128,20
1,128,21.875661000000036,152,19
1,129,1.5487020000000484,111,19
1,130,1.1622999999999593,144,20
1,131,4.567590999999993,153,19
1,132,5.133358000000044,137,20
1,133,6.930188000000271,125,14
1,134,4.38025400000015,129,19
1,135,20.180892000000313,127,20
1,136,9.43485499999997,118,17
1,137,46.48279400000001,96,15
1,138,5.0111070000002655,136,20
1,139,8.40053399999988,111,19
1,140,1.4117599999999584,103,17
1,141,10.855178000000251,122,16
1,142,11.27203499999996,134,20
1,143,1.4554940000002716,135,20
1,144,3.0138709999996536,144,15
1,145,6.6563820000001215,128,17
1,146,8.671945999999934,113,20
1,147,2.0623829999999543,147,20
1,148,0.5152219999999943,120,20
1,149,22.430190999999922,131,18
1,150,2.218343999999888,135,20
1,151,9.328688000000056,120,20
1,152,0.8505589999999756,133,20
1,153,13.323892000000342,119,19
1,154,114.71022500000026,149,19
1,155,1.9567470000001776,123,20
1,156,11.67536199999995,123,19
1,157,2.6556409999998323,125,20
1,158,4.507512000000133,135,16
1,159,3.572838000000047,143,19
1,160,27.163868000000093,124,20
1,161,6.600280000000112,141,19
1,162,32.65933300000006,122,18
1,163,14.712716999999884,153,20
1,164,22.874158999999963,116,16
1,165,8.803310000000238,141,19
1,166,12.328209000000243,160,20
1,167,1.5243660000001,142,20
1,168,31.041807999999946,99,16
1,169,1.3619760000001406,135,20
1,170,37.09062199999971,156,18
1,171,8.663914000000204,153,20
1,172,18.50345900000002,160,20
1,173,9.40981899999997,146,18
1,174,7.678486000000248,106,17
1,175,10.642231999999694,112,17
1,176,21.803153000000293,141,18
1,177,5.1497629999998935,162,19
1,178,3.0649170000001504,142,20
1,179,4.480162000000291,132,20
1,180,2.404939000000013,137,16
1,181,90.73426999999992,146,18
1,182,10.936066999999639,160,19
1,183,29.30670000000009,126,17
1,184,11.328538999999637,152,18
1,185,37.79612100000031,110,18
1,186,15.408270000000357,106,18
1,187,50.49389400000018,145,20
1,188,28.032186999999794,159,17
1,189,1.2696599999999307,129,20
1,190,7.736618000000362,118,20
1,191,7.584742999999889,152,19
1,192,4.175514999999905,105,17
1,193,131.542371,117,20
1,194,33.293298999999934,142,18
1,195,2.2163729999997486,130,20
1,196,0.7299309999998513,102,20
1,197,10.484058000000005,157,19
1,198,13.803644000000077,112,20
1,199,9.95310100000006,123,19
2,0,7.59265400000001,136,17
2,1,6.652530999999982,125,20
2,2,74.034426,129,20
2,3,8.183628999999996,122,20
2,4,2.241418999999979,130,20
2,5,7.009541000000013,137,18
2,6,4.289963,147,20
2,7,34.10286300000001,115,17
2,8,0.5801089999999931,131,16
2,9,9.933260000000018,117,20
2,10,8.691530999999998,120,18
2,11,1.7677280000000337,116,20
2,12,20.535000000000025,106,18
2,13,7.420057999999983,146,17
2,14,49.07412300000004,108,17
2,15,8.780633000000023,136,17
2,16,7.527688000000012,155,20
2,17,9.724790999999982,150,18
2,18,4.701190999999994,159,20
2,19,27.126450999999975,145,19
2,20,3.8479879999999866,132,16
2,21,4.8681700000000205,144,20
2,22,120.53090099999997,99,19
2,23,32.611954999999966,123,20
2,24,6.056919999999991,148,19
2,25,6.4823390000000245,132,20
2,26,84.221543,124,18
2,27,10.07742399999995,151,17
2,28,1.0422730000000229,133,18
2,29,6.2905660000000125,156,20
2,30,8.241595000000075,140,20
2,31,6.953446999999983,119,20
2,32,21.34237500000006,107,18
2,33,4.903872000000092,159,20
2,34,3.583896999999979,95,17
2,35,1.3484770000000026,122,20
2,36,24.436286999999993,145,19
2,37,32.02554600000008,137,18
2,38,2.705777000000012,140,17
2,39,1.370679999999993,169,20
2,40,0.4065019999999322,149,18
2,41,17.14282700000001,115,17
2,42,67.38635099999999,157,19
2,43,10.47764600000005,97,18
2,44,12.71693300000004,161,18
2,45,35.90952799999991,118,16
2,46,1.4030179999999746,142,20
2,47,1.637854999999945,142,20
2,48,111.00195100000008,104,13
2,49,1.5838360000000193,105,19
2,50,6.638440000000173,154,19
2,51,3.1315669999999045,139,19
2,52,12.22603499999991,129,19
2,53,48.165537000000086,127,19
2,54,32.84326699999997,144,16
2,55,18.245427999999947,127,20
2,56,7.321672999999919,174,19
2,57,13.90458099999978,136,18
2,58,29.322382999999945,136,18
2,59,1.70030799999995,172,20
2,60,32.393501000000015,110,14
2,61,24.817491000000018,137,17
2,62,9.11638999999991,145,16
2,63,1.7530859999999393,139,18
2,64,3.4291289999998753,60,14
2,65,22.846422000000075,106,16
2,66,36.9197029999998,122,20
2,67,1.3344459999998435,131,20
2,68,6.826118000000179,143,19
2,69,19.002431000000115,151,19
2,70,17.798007000000098,120,17
2,71,1.617134999999962,122,19
2,72,8.839019000000008,132,17
2,73,6.3334389999999985,131,19
2,74,6.105702000000065,142,18
2,75,58.84304899999984,131,19
2,76,15.260719000000108,164,18
2,77,33.33514600000012,148,20
2,78,1.5657889999999952,130,20
2,79,4.694772999999941,140,20
2,80,9.899308999999903,92,15
2,81,6.534917999999834,116,20
2,82,20.215075999999954,157,18
2,83,8.230158000000074,120,19
2,84,24.001884000000018,139,17
2,85,7.324586999999838,150,19
2,86,2.086330000000089,148,19
2,87,12.553229999999985,106,15
2,88,6.7322099999998954,94,15
2,89,20.42560800000001,121,19
2,90,1.6191879999998946,143,20
2,91,8.901493000000073,129,19
2,92,4.682905000000119,149,20
2,93,13.988133999999945,143,18
2,94,2.851562000000058,108,20
2,95,4.604158000000098,129,20
2,96,0.6411689999999908,118,18
2,97,10.81589699999995,145,18
2,98,16.993774999999914,115,19
2,99,7.928491000000122,155,18
2,100,0.8961470000001555,57,12
2,101,14.218474999999899,95,18
2,102,20.37262899999996,140,18
2,103,21.11988599999995,140,19
2,104,2.9707099999998263,102,20
2,105,74.10954700000002,115,17
2,106,63.32834200000002,103,19
2,107,2.649753000000146,130,20
2,108,1.8903490000000147,132,19
2,109,4.986644999999953,128,20
2,110,10.002261999999973,151,19
2,111,4.612310999999863,177,18
2,112,1.3617060000001402,140,15
2,113,7.606745000000046,143,20
2,114,57.292753999999604,148,17
2,115,16.61488499999996,120,19
2,116,1.8886760000000322,114,19
2,117,75.9875890000003,145,20
2,118,6.47187299999996,150,19
2,119,8.70455099999981,128,18
2,120,0.7016690000000381,97,15
2,121,10.390496999999868,107,15
2,122,72.77485100000013,134,17
2,123,9.968902000000071,153,19
2,124,3.458831999999802,97,15
2,125,17.176236000000245,143,19
2,126,26.544198999999935,152,18
2,127,5.593062999999802,113,20
2,128,2.292934999999943,110,19
2,129,3.399945000000116,142,20
2,130,17.23692600000004,118,13
2,131,7.008127999999942,122,20
2,132,20.329114000000118,117,17
2,133,10.047799999999825,142,18
2,134,2.131707000000006,123,16
2,135,30.74281699999983,105,18
2,136,8.17848099999992,135,19
2,137,40.846058000000085,122,17
2,138,4.117437000000336,145,18
2,139,4.761591999999837,120,20
2,140,6.357615000000351,138,16
2,141,14.999763000000257,121,17
2,142,1.14956200000006,136,20
2,143,3.7665680000000066,155,20
2,144,0.9032280000001265,128,20
2,145,12.034341999999924,144,20
2,146,1.6836629999997967,105,20
2,147,12.072668000000249,129,17
2,148,16.981307000000015,123,17
2,149,4.530808999999863,158,17
2,150,10.290719000000081,124,20
2,151,12.263050000000021,112,18
2,152,1.1406090000000404,98,15
2,153,2.4472139999998035,110,20
2,154,46.09107600000016,165,20
2,155,1.4937019999997574,136,20
2,156,2.8729040000002897,116,19
2,157,1.4153360000000248,142,19
2,158,30.600526000000173,158,18
2,159,8.98444500000005,137,20
2,160,1.6309259999998176,119,20
2,161,9.044683999999961,157,15
2,162,17.299829000000045,148,18
2,163,9.77181100000007,144,19
2,164,32.281285000000025,139,20
2,165,16.187701999999717,161,19
2,166,54.415202000000136,129,17
2,167,76.24195499999996,127,18
2,168,4.6862599999999475,131,17
2,169,9.1491189999997,183,19
2,170,22.259653999999955,140,19
2,171,2.9120420000003833,178,20
2,172,10.716550999999981,126,15
2,173,4.2707149999996545,104,17
2,174,3.2880700000000616,97,18
2,175,11.686027000000195,120,20
2,176,11.993001999999706,149,18
2,177,3.8310739999997168,137,20
2,178,1.4831669999998667,134,20
2,179,2.806536999999935,125,20
2,180,26.183588999999756,124,20
2,181,2.012169999999969,154,20
2,182,7.317718000000241,161,19
2,183,38.78726599999982,129,19
2,184,1.2316839999998592,121,20
2,185,2.079519999999775,129,20
2,186,3.646259999999984,126,16
2,187,16.770187000000078,160,20
2,188,1.3681870000000345,109,17
2,189,55.752762000000075,160,18
2,190,29.784071999999924,98,20
2,191,11.262750999999753,144,18
2,192,0.5720980000000964,118,18
2,193,1.8903599999998733,145,20
2,194,60.23070400000006,134,20
2,195,1.7239039999999477,124,20
2,196,36.03134399999999,163,20
2,197,1.5290240000003905,149,20
2,198,3.8868270000002667,159,19
2,199,8.529321999999866,122,20
3,0,5.352877999999976,142,18
3,1,25.719191999999993,118,19
3,2,5.53360600000002,107,16
3,3,7.758170000000007,154,20
3,4,47.90212600000001,145,20
3,5,5.316152999999986,137,16
3,6,3.373676000000046,136,20
3,7,69.97833300000002,160,19
3,8,6.016911999999991,131,18
3,9,3.153741000000025,130,20
3,10,2.5689350000000104,130,20
3,11,10.039399000000003,129,16
3,12,4.347900000000038,137,18
3,13,9.825752999999963,104,16
3,14,2.3204659999999535,128,20
3,15,9.658885999999995,157,20
3,16,8.972509000000002,121,15
3,17,1.216401000000019,130,20
3,18,7.4243960000000015,137,17
3,19,27.54425500000002,121,19
3,20,8.774786000000006,139,19
3,21,8.114448000000039,185,20
3,22,18.460560999999984,128,19
3,23,13.155944000000034,151,20
3,24,2.085418999999945,97,15
3,25,1.8948260000000232,172,20
3,26,12.005351000000019,168,20
3,27,31.815962000000013,157,20
3,28,4.458884000000012,136,18
3,29,15.20116500000006,142,18
3,30,20.47582699999998,114,18
3,31,2.6145219999999654,117,18
3,32,0.7579620000000205,138,20
3,33,45.27526599999999,97,18
3,34,3.4254740000000083,149,19
3,35,12.738365999999928,97,20
3,36,3.8782149999999547,156,19
3,37,1.8771200000001045,125,20
3,38,20.273226000000022,148,19
3,39,35.74379899999997,122,16
3,40,3.398723999999902,170,19
3,41,2.8210390000000416,99,19
3,42,18.69697199999996,137,18
3,43,4.192409999999995,127,20
3,44,1.5092260000000124,131,18
3,45,31.979573999999957,146,17
3,46,12.201622000000043,151,20
3,47,52.998054000000025,144,18
3,48,12.94626500000004,124,17
3,49,9.543435000000045,144,19
3,50,38.625365999999985,135,18
3,51,34.97245700000008,163,20
3,52,0.7339059999999336,107,15
3,53,2.5838770000000295,145,17
3,54,71.06242799999995,155,18
3,55,6.239299999999957,117,17
3,56,7.287413000000015,121,18
3,57,36.97310000000016,142,18
3,58,5.641755000000103,132,19
3,59,34.54551399999991,139,19
3,60,0.5384570000001077,58,14
3,61,2.99082999999996,150,19
3,62,26.81205100000011,115,18
3,63,5.778257999999823,148,18
3,64,47.006489999999985,146,18
3,65,10.240606999999954,131,20
3,66,6.3521780000000945,132,20
3,67,54.6691380000002,149,19
3,68,49.35830299999998,143,17
3,69,19.463657000000012,140,18
3,70,58.77283599999987,122,19
3,71,5.567667000000029,105,18
3,72,37.09337800000003,153,20
3,73,1.4796409999999014,141,20
3,74,1.988986000000068,141,20
3,75,6.241894000000002,145,19
3,76,2.700370000000021,123,17
3,77,2.645377999999937,167,19
3,78,18.24730599999998,131,18
3,79,8.463015000000041,111,17
3,80,7.324838,166,19
3,81,5.967868999999837,122,18
3,82,25.955300999999963,124,17
3,83,48.51455399999986,114,19
3,84,49.030958000000055,133,19
3,85,2.283922999999959,141,20
3,86,7.890124999999898,139,18
3,87,45.93677600000001,138,17
3,88,10.649041000000125,125,17
3,89,10.784573000000137,132,19
3,90,33.02322000000004,127,19
3,91,2.2370730000000094,172,20
3,92,4.663587000000007,131,19
3,93,10.208819999999832,169,20
3,94,19.962976000000026,121,18
3,95,5.033294999999953,120,15
3,96,2.2954400000000987,141,20
3,97,9.18245899999988,119,16
3,98,57.17568099999994,123,20
3,99,3.4243619999999737,140,20
3,100,1.027561999999989,136,19
3,101,3.25831600000015,123,18
3,102,7.83390200000008,103,20
3,103,8.70715599999994,140,20
3,104,22.544439999999895,138,19
3,105,11.498319000000038,130,20
3,106,15.802515000000085,147,18
3,107,8.858298999999988,115,16
3,108,1.5937699999999495,136,20
3,109,2.873266000000058,103,17
3,110,8.246282999999949,108,16
3,111,3.2298440000001847,127,20
3,112,5.485404000000017,175,19
3,113,55.82342900000003,135,18
3,114,8.539157999999816,115,18
3,115,16.35886900000014,140,18
3,116,2.1750010000000657,158,20
3,117,25.343734999999924,116,18
3,118,10.436087000000043,118,16
3,119,6.457134000000224,103,17
3,120,55.70183799999995,123,17
3,121,9.03342900000007,133,16
3,122,25.22419899999977,106,20
3,123,274.606131,100,17
3,124,87.57392300000038,129,19
3,125,37.117383999999674,117,19
3,126,5.294581999999991,118,20
3,127,3.364452000000256,156,18
3,128,12.01180099999965,127,18
3,129,5.7961850000001505,136,20
3,130,2.3470559999996112,145,20
3,131,1.433824000000186,152,20
3,132,10.144604999999956,117,17
3,133,35.81061899999986,147,19
3,134,4.725358000000142,140,20
3,135,1.8046030000000428,159,20
3,136,2.2209790000001703,140,20
3,137,38.5940999999998,150,19
3,138,64.446821,115,17
3,139,6.881731999999829,150,19
3,140,9.139285999999629,159,19
3,141,12.474725999999919,133,19
3,142,11.28568499999983,163,18
3,143,3.090237000000343,133,19
3,144,1.405822000000171,87,14
3,145,7.547628000000259,141,19
3,146,3.6763850000002094,160,20
3,147,17.06860000000006,139,20
3,148,17.57009199999993,105,17
3,149,9.704032000000097,122,19
3,150,4.016638000000057,153,20
3,151,3.19156699999985,127,20
3,152,4.126601999999821,99,13
3,153,8.147377000000233,160,19
3,154,30.569394999999986,150,18
3,155,17.54845000000023,135,18
3,156,3.675192999999581,152,18
3,157,20.609073999999964,118,18
3,158,27.40189399999963,149,17
3,159,1.6794669999999314,108,20
3,160,1.949967999999899,116,17
3,161,2.65945899999997,144,20
3,162,3.804874999999811,122,20
3,163,1.2875269999999546,141,20
3,164,21.735681999999997,151,19
3,165,9.026378000000022,135,17
3,166,8.08248999999978,108,14
3,167,32.979455000000144,115,19
3,168,7.113575999999739,153,19
3,169,2.1274700000003577,145,19
3,170,9.682540999999674,126,17
3,171,20.57204899999988,128,16
3,172,26.015681000000313,149,18
3,173,74.5824819999998,118,19
3,174,22.9703999999997,142,18
3,175,8.160065999999915,107,20
3,176,0.622211000000334,120,19
3,177,57.39922299999989,88,16
3,178,18.148969999999736,132,18
3,179,8.667487000000165,143,20
3,180,1.948095000000194,128,17
3,181,3.313517000000047,128,19
3,182,15.385807999999997,137,20
3,183,21.450128999999833,129,16
3,184,11.096173999999792,116,18
3,185,34.9000189999997,143,19
3,186,12.824223999999958,149,16
3,187,5.599873000000116,146,19
3,188,3.9767299999998613,146,17
3,189,1.3654820000001564,126,20
3,190,13.671037999999953,114,17
3,191,74.68640600000026,116,17
3,192,5.200881999999638,134,20
3,193,34.8566050000004,166,18
3,194,20.99889099999973,120,20
3,195,1.140758999999889,183,20
3,196,17.06715800000029,103,14
3,197,5.2357740000002195,147,16
3,198,1.4049610000001849,142,20
3,199,5.852507999999943,169,20
