id,name,category,edition,format,timeLimit,controls,winRules,scoreRules,tieRules,reward,summary,phoneFit,phoneFitReason,confidence,status
"MG001","Lumber Tumble","Free-for-All Minigames","base","","","","","","","","","","","low","UNVERIFIED"
"MG002","Big-Top Quiz","Free-for-All Minigames","base","","","","","","","","","","","low","UNVERIFIED"
"MG003","Camera-Ready","Free-for-All Minigames","base","","","","","","","","","","","low","UNVERIFIED"
"MG004","Scare-ousel","Free-for-All Minigames","base","","","","","","","","","","","low","UNVERIFIED"
"MG005","Snag the Flags","Free-for-All Minigames","base","","","","","","","","","","","low","UNVERIFIED"
"MG006","Sandwiched","Free-for-All Minigames","base","","","","","","","","","","","low","UNVERIFIED"
"MG007","Hot Cross Blocks","Free-for-All Minigames","base","","","","","","","","","","","low","UNVERIFIED"
"MG008","Light-Wave Battle","Free-for-All Minigames","base","","","","","","","","","","","low","UNVERIFIED"
"MG009","Thwomp the Difference","Free-for-All Minigames","base","","","","","","","","","","","low","UNVERIFIED"
"MG010","Cold Front","Free-for-All Minigames","base","","","","","","","","","","","low","UNVERIFIED"
"MG011","Hot-Hot Hop","Free-for-All Minigames","base","","","","","","","","","","","low","UNVERIFIED"
"MG012","Domination","Free-for-All Minigames","base","","","","","","","","","","","low","UNVERIFIED"
"MG013","Three Throw","Free-for-All Minigames","base","","","","","","","","","","","low","UNVERIFIED"
"MG014","Granite Getaway","Free-for-All Minigames","base","","","","","","","","","","","low","UNVERIFIED"
"MG015","Tilt-a-Golf","Free-for-All Minigames","base","","","","","","","","","","","low","UNVERIFIED"
"MG016","Night Lights","Free-for-All Minigames","base","","","","","","","","","","","low","UNVERIFIED"
"MG017","Hammer It Home","Free-for-All Minigames","base","","","","","","","","","","","low","UNVERIFIED"
"MG018","Twist and Sort","Free-for-All Minigames","base","","","","","","","","","","","low","UNVERIFIED"
"MG019","Shuttle Scuttle","Free-for-All Minigames","base","","","","","","","","","","","low","UNVERIFIED"
"MG020","Tiny Triathlon","Free-for-All Minigames","base","","","","","","","","","","","low","UNVERIFIED"
"MG021","Pickax Dash","Free-for-All Minigames","base","","","","","","","","","","","low","UNVERIFIED"
"MG022","Gate Key-pers","Free-for-All Minigames","base","","","","","","","","","","","low","UNVERIFIED"
"MG023","Sled to the Edge","Free-for-All Minigames","base","","","","","","","","","","","low","UNVERIFIED"
"MG024","Rinks to Riches","Free-for-All Minigames","base","","","","","","","","","","","low","UNVERIFIED"
"MG025","Treetop Treasure","Free-for-All Minigames","base","","","","","","","","","","","low","UNVERIFIED"
"MG026","Treasure Divers","Free-for-All Minigames","base","","","","","","","","","","","low","UNVERIFIED"
"MG027","Platform Peril","Free-for-All Minigames","base","","","","","","","","","","","low","UNVERIFIED"
"MG028","Stamp Out!","Free-for-All Minigames","base","","","","","","","","","","","low","UNVERIFIED"
"MG029","Trample-line","Free-for-All Minigames","base","","","","","","","","","","","low","UNVERIFIED"
"MG030","Sunset Standoff","1 vs. 3 Minigames","base","","","","","","","","","","","low","UNVERIFIED"
"MG031","Cookie Cutters","1 vs. 3 Minigames","base","","","","","","","","","","","low","UNVERIFIED"
"MG032","Unfriendly Flying Object","1 vs. 3 Minigames","base","","","","","","","","","","","low","UNVERIFIED"
"MG033","Lost and Pound","1 vs. 3 Minigames","base","","","","","","","","","","","low","UNVERIFIED"
"MG034","Arch Rivals","1 vs. 3 Minigames","base","","","","","","","","","","","low","UNVERIFIED"
"MG035","On-Again, Off-Again","1 vs. 3 Minigames","base","","","","","","","","","","","low","UNVERIFIED"
"MG036","Broozer Bash","1 vs. 3 Minigames","base","","","","","","","","","","","low","UNVERIFIED"
"MG037","Cage Catch","1 vs. 3 Minigames","base","","","","","","","","","","","low","UNVERIFIED"
"MG038","Income Stream","1 vs. 3 Minigames","base","","","","","","","","","","","low","UNVERIFIED"
"MG039","Blame It on the Crane","1 vs. 3 Minigames","base","","","","","","","","","","","low","UNVERIFIED"
"MG040","Snow Brawl","1 vs. 3 Minigames","base","","","","","","","","","","","low","UNVERIFIED"
"MG041","Squeaky Shakedown","1 vs. 3 Minigames","base","","","","","","","","","","","low","UNVERIFIED"
"MG042","Rocky Rope Race","2 vs. 2 Minigames","base","","","","","","","","","","","low","UNVERIFIED"
"MG043","Pickin' Produce","2 vs. 2 Minigames","base","","","","","","","","","","","low","UNVERIFIED"
"MG044","Prime Cut","2 vs. 2 Minigames","base","","","","","","","","","","","low","UNVERIFIED"
"MG045","Dorrie Pedal-Paddle","2 vs. 2 Minigames","base","","","","","","","","","","","low","UNVERIFIED"
"MG046","Robo Arm Wrestle","2 vs. 2 Minigames","base","","","","","","","","","","","low","UNVERIFIED"
"MG047","Shadow Play","2 vs. 2 Minigames","base","","","","","","","","","","","low","UNVERIFIED"
"MG048","Match Makers","2 vs. 2 Minigames","base","","","","","","","","","","","low","UNVERIFIED"
"MG049","Defuse or Lose","2 vs. 2 Minigames","base","","","","","","","","","","","low","UNVERIFIED"
"MG050","Jump the Gun","2 vs. 2 Minigames","base","","","","","","","","","","","low","UNVERIFIED"
"MG051","Two-Axis Taxi","2 vs. 2 Minigames","base","","","","","","","","","","","low","UNVERIFIED"
"MG052","Tricky Turntable","2 vs. 2 Minigames","base","","","","","","","","","","","low","UNVERIFIED"
"MG053","Coin Corral","2 vs. 2 Minigames","base","","","","","","","","","","","low","UNVERIFIED"
"MG054","Fast Fishing","Duel Minigames","base","","","","","","","","","","","low","UNVERIFIED"
"MG055","Slappy-Go-Round","Duel Minigames","base","","","","","","","","","","","low","UNVERIFIED"
"MG056","Stone-Eye Bowling","Duel Minigames","base","","","","","","","","","","","low","UNVERIFIED"
"MG057","Fuzzy Heights","Duel Minigames","base","","","","","","","","","","","low","UNVERIFIED"
"MG058","All the Marbles","Duel Minigames","base","","","","","","","","","","","low","UNVERIFIED"
"MG059","Roll with It","Item Minigames","base","","","","","","","","","","","low","UNVERIFIED"
"MG060","Prize Line","Item Minigames","base","","","","","","","","","","","low","UNVERIFIED"
"MG061","A Stone's Throw","Item Minigames","base","","","","","","","","","","","low","UNVERIFIED"
"MG062","Flip 'n Find","Item Minigames","base","","","","","","","","","","","low","UNVERIFIED"
"MG063","Prize Drop","Item Minigames","base","","","","","","","","","","","low","UNVERIFIED"
"MG064","Mario's Three-peat","Showdown Minigames","base","","","","","","","","","","","low","UNVERIFIED"
"MG065","Luigi Rescue Operation","Showdown Minigames","base","","","","","","","","","","","low","UNVERIFIED"
"MG066","Peach's Day Off","Showdown Minigames","base","","","","","","","","","","","low","UNVERIFIED"
"MG067","Daisy's Field Day","Showdown Minigames","base","","","","","","","","","","","low","UNVERIFIED"
"MG068","Wario's Buzzer Beater","Showdown Minigames","base","","","","","","","","","","","low","UNVERIFIED"
"MG069","Waluigi's Pinball Arcade","Showdown Minigames","base","","","","","","","","","","","low","UNVERIFIED"
"MG070","Yoshi's Mountain Race","Showdown Minigames","base","","","","","","","","","","","low","UNVERIFIED"
"MG071","Rosalina's Radical Race","Showdown Minigames","base","","","","","","","","","","","low","UNVERIFIED"
"MG072","DK's Konga Line","Showdown Minigames","base","","","","","","","","","","","low","UNVERIFIED"
"MG073","Jr.'s Jauntlet","Showdown Minigames","base","","","","","","","","","","","low","UNVERIFIED"
"MG074","Dragoneel Slayers","Boss Minigames","base","","","","","","","","","","","low","UNVERIFIED"
"MG075","Mega Stingby Stompers","Boss Minigames","base","","","","","","","","","","","low","UNVERIFIED"
"MG076","Mega Rocky Wrench Wreckers","Boss Minigames","base","","","","","","","","","","","low","UNVERIFIED"
"MG077","Boss Sumo Bro Blitzers","Boss Minigames","base","","","","","","","","","","","low","UNVERIFIED"
"MG078","Bowser Crashers","Boss Minigames","base","","","","","","","","","","","low","UNVERIFIED"
"MG079","Noggin Knock","Coin Minigames","base","","","","","","","","","","","low","UNVERIFIED"
"MG080","Brick Breaker","Coin Minigames","base","","","","","","","","","","","low","UNVERIFIED"
"MG081","Gold 'n Brown","Coin Minigames","base","","","","","","","","","","","low","UNVERIFIED"
"MG082","Spike's Gambit","Coin Minigames","base","","","","","","","","","","","low","UNVERIFIED"
"MG083","Down the Hatch","Coin Minigames","base","","","","","","","","","","","low","UNVERIFIED"
"MG084","Lane Change","Coin Minigames","base","","","","","","","","","","","low","UNVERIFIED"
"MG085","Coin Conveyor","Coin Minigames","base","","","","","","","","","","","low","UNVERIFIED"
"MG086","Which Door Has More?","Coin Minigames","base","","","","","","","","","","","low","UNVERIFIED"
"MG087","Sky-High Cannons","Coin Minigames","base","","","","","","","","","","","low","UNVERIFIED"
"MG088","Burning Bridges","Survivathon Minigames","base","","","","","","","","","","","low","UNVERIFIED"
"MG089","Castle Hassle","Survivathon Minigames","base","","","","","","","","","","","low","UNVERIFIED"
"MG090","Sleight of Shell","Survivathon Minigames","base","","","","","","","","","","","low","UNVERIFIED"
"MG091","Fire Away","Survivathon Minigames","base","","","","","","","","","","","low","UNVERIFIED"
"MG092","The Floor Is Falling","Survivathon Minigames","base","","","","","","","","","","","low","UNVERIFIED"
"MG093","Juiceworks","Kaboom-Squad Minigames","base","","","","","","","","","","","low","UNVERIFIED"
"MG094","Ball Volley","Kaboom-Squad Minigames","base","","","","","","","","","","","low","UNVERIFIED"
"MG095","Ballistic Bingo","Kaboom-Squad Minigames","base","","","","","","","","","","","low","UNVERIFIED"
"MG096","Bath Bob-ombs","Kaboom-Squad Minigames","base","","","","","","","","","","","low","UNVERIFIED"
"MG097","Chomp Wash","Kaboom-Squad Minigames","base","","","","","","","","","","","low","UNVERIFIED"
"MG098","Match! That! Item!","Kaboom-Squad Minigames","base","","","","","","","","","","","low","UNVERIFIED"
"MG099","Trading Cards","Kaboom-Squad Minigames","base","","","","","","","","","","","low","UNVERIFIED"
"MG100","Ski-daddle","Kaboom-Squad Minigames","base","","","","","","","","","","","low","UNVERIFIED"
"MG101","Look This Way","Kaboom-Squad Minigames","base","","","","","","","","","","","low","UNVERIFIED"
"MG102","Puzzle Pandemonium","Kaboom-Squad Minigames","base","","","","","","","","","","","low","UNVERIFIED"
"MG103","Soup Troupe","Rhythm Minigames","base","","","","","","","","","","","low","UNVERIFIED"
"MG104","Parfait the Course","Rhythm Minigames","base","","","","","","","","","","","low","UNVERIFIED"
"MG105","Whisk Cream","Rhythm Minigames","base","","","","","","","","","","","low","UNVERIFIED"
"MG106","Spread 'n Butter","Rhythm Minigames","base","","","","","","","","","","","low","UNVERIFIED"
"MG107","Short-Stack Chef","Rhythm Minigames","base","","","","","","","","","","","low","UNVERIFIED"
"MG108","Burger Builders","Rhythm Minigames","base","","","","","","","","","","","low","UNVERIFIED"
"MG109","Footlong Frenzy","Rhythm Minigames","base","","","","","","","","","","","low","UNVERIFIED"
"MG110","Copycat Curry","Rhythm Minigames","base","","","","","","","","","","","low","UNVERIFIED"
"MG111","En Barb!","Rhythm Minigames","base","","","","","","","","","","","low","UNVERIFIED"
"MG112","On the Beet","Rhythm Minigames","base","","","","","","","","","","","low","UNVERIFIED"
"MG113","Shell Hockey","Mouse minigames","jamboree_tv","","","","","","","","","","","low","UNVERIFIED"
"MG114","Bowser Filter","Mouse minigames","jamboree_tv","","","","","","","","","","","low","UNVERIFIED"
"MG115","Stuffie Stacker","Mouse minigames","jamboree_tv","","","","","","","","","","","low","UNVERIFIED"
"MG116","Pull-Back Attack","Mouse minigames","jamboree_tv","","","","","","","","","","","low","UNVERIFIED"
"MG117","Domino Effect","Mouse minigames","jamboree_tv","","","","","","","","","","","low","UNVERIFIED"
"MG118","Bob-omb Makeover","Mouse minigames","jamboree_tv","","","","","","","","","","","low","UNVERIFIED"
"MG119","Toad-ally Electric Escape","Mouse minigames","jamboree_tv","","","","","","","","","","","low","UNVERIFIED"
"MG120","Ice and Easy","Mouse minigames","jamboree_tv","","","","","","","","","","","low","UNVERIFIED"
"MG121","Bob-omb Toss","Mouse minigames","jamboree_tv","","","","","","","","","","","low","UNVERIFIED"
"MG122","Net Gains","Mouse minigames","jamboree_tv","","","","","","","","","","","low","UNVERIFIED"
"MG123","Get a Grip","Mouse minigames","jamboree_tv","","","","","","","","","","","low","UNVERIFIED"
"MG124","What's the Scoop?","Mouse minigames","jamboree_tv","","","","","","","","","","","low","UNVERIFIED"
"MG125","Knock-Knock Match","Mouse minigames","jamboree_tv","","","","","","","","","","","low","UNVERIFIED"
"MG126","Goomba Scoopas","Mouse minigames","jamboree_tv","","","","","","","","","","","low","UNVERIFIED"
"MG127","Talking Flower Says","Bowser Live minigames","jamboree_tv","","","","","","","","","","","low","UNVERIFIED"
"MG128","Hitting It Rich","Bowser Live minigames","jamboree_tv","","","","","","","","","","","low","UNVERIFIED"
"MG129","Goombalancing Act","Bowser Live minigames","jamboree_tv","","","","","","","","","","","low","UNVERIFIED"
"MG130","Bowser Chicken","Bowser Live minigames","jamboree_tv","","","","","","","","","","","low","UNVERIFIED"
"MG131","Speak Up, Junior!","Bowser Live minigames","jamboree_tv","","","","","","","","","","","low","UNVERIFIED"
"MG132","Bowser Beats","Bowser Live minigames","jamboree_tv","","","","","","","","","","","low","UNVERIFIED"
