first,second,firstName,secondName,mode,distance,required,passed
1,2,Rose,Emerald,normal,77.21284929573348,20,true
1,2,Rose,Emerald,protan,41.76474919701682,12,true
1,2,Rose,Emerald,deutan,18.035202413062514,12,true
1,2,Rose,Emerald,tritan,65.82361974821404,12,true
1,3,Rose,Sky,normal,43.34211948088523,20,true
1,3,Rose,Sky,protan,29.53243378329707,12,true
1,3,Rose,Sky,deutan,33.36444904252588,12,true
1,3,Rose,Sky,tritan,71.33190991899419,12,true
1,4,Rose,Sand,normal,28.72291223664708,20,true
1,4,Rose,Sand,protan,26.580573854874935,12,true
1,4,Rose,Sand,deutan,12.099695429109461,12,true
1,4,Rose,Sand,tritan,23.429918447806692,12,true
1,5,Rose,Lavender,normal,24.44902944825477,20,true
1,5,Rose,Lavender,protan,17.64422674999965,12,true
1,5,Rose,Lavender,deutan,22.914004499895636,12,true
1,5,Rose,Lavender,tritan,29.791928260725722,12,true
1,6,Rose,Mist,normal,31.995012616102688,20,true
1,6,Rose,Mist,protan,22.198200893210004,12,true
1,6,Rose,Mist,deutan,14.47214358015622,12,true
1,6,Rose,Mist,tritan,45.801405157604805,12,true
1,7,Rose,Teal,normal,48.82832199400241,20,true
1,7,Rose,Teal,protan,12.099351808360753,12,true
1,7,Rose,Teal,deutan,12.10124730802432,12,true
1,7,Rose,Teal,tritan,56.78032483709794,12,true
1,8,Rose,Crimson,normal,24.469007499945043,20,true
1,8,Rose,Crimson,protan,33.736952570686725,12,true
1,8,Rose,Crimson,deutan,21.328543603044466,12,true
1,8,Rose,Crimson,tritan,15.937363440712776,12,true
1,9,Rose,Olive,normal,46.88474585916635,12,true
1,9,Rose,Olive,protan,27.993916062673154,12,true
1,9,Rose,Olive,deutan,12.10019358972648,12,true
1,9,Rose,Olive,tritan,29.450314965715513,12,true
1,10,Rose,Orchid,normal,16.40907103297625,12,true
1,10,Rose,Orchid,protan,12.09987405517214,12,true
1,10,Rose,Orchid,deutan,24.635858574659704,12,true
1,10,Rose,Orchid,tritan,15.037604958616022,12,true
1,11,Rose,Orange,normal,33.441176918514984,12,true
1,11,Rose,Orange,protan,37.99037766405296,12,true
1,11,Rose,Orange,deutan,28.321502309873605,12,true
1,11,Rose,Orange,tritan,12.34720618476687,12,true
1,12,Rose,Cobalt,normal,32.13109056541655,12,true
1,12,Rose,Cobalt,protan,21.102086633776544,12,true
1,12,Rose,Cobalt,deutan,36.71124732317248,12,true
1,12,Rose,Cobalt,tritan,57.090789342658226,12,true
2,3,Emerald,Sky,normal,54.0045906909974,20,true
2,3,Emerald,Sky,protan,54.4676052629858,12,true
2,3,Emerald,Sky,deutan,52.575735268079136,12,true
2,3,Emerald,Sky,tritan,13.366355825415853,12,true
2,4,Emerald,Sand,normal,33.5445239677385,20,true
2,4,Emerald,Sand,protan,17.385429292068697,12,true
2,4,Emerald,Sand,deutan,12.100713763463512,12,true
2,4,Emerald,Sand,tritan,39.65783894131891,12,true
2,5,Emerald,Lavender,normal,45.12181102107599,20,true
2,5,Emerald,Lavender,protan,44.97354525805142,12,true
2,5,Emerald,Lavender,deutan,39.82621464144874,12,true
2,5,Emerald,Lavender,tritan,26.290937482859864,12,true
2,6,Emerald,Mist,normal,29.07478051765483,20,true
2,6,Emerald,Mist,protan,28.460172147428494,12,true
2,6,Emerald,Mist,deutan,26.89619013036447,12,true
2,6,Emerald,Mist,tritan,13.337042966713842,12,true
2,7,Emerald,Teal,normal,26.81270502673853,20,true
2,7,Emerald,Teal,protan,28.1386559007474,12,true
2,7,Emerald,Teal,deutan,30.511250270305002,12,true
2,7,Emerald,Teal,tritan,17.418149936394983,12,true
2,8,Emerald,Crimson,normal,72.914399917171,20,true
2,8,Emerald,Crimson,protan,29.249304122427894,12,true
2,8,Emerald,Crimson,deutan,12.099964564444456,12,true
2,8,Emerald,Crimson,tritan,63.441509093368786,12,true
2,9,Emerald,Olive,normal,23.92240738435207,12,true
2,9,Emerald,Olive,protan,19.89456038490975,12,true
2,9,Emerald,Olive,deutan,14.757029613789967,12,true
2,9,Emerald,Olive,tritan,28.018809336989197,12,true
2,10,Emerald,Orchid,normal,53.316134968485706,12,true
2,10,Emerald,Orchid,protan,53.97079172210692,12,true
2,10,Emerald,Orchid,deutan,44.445853294291986,12,true
2,10,Emerald,Orchid,tritan,54.08179192080304,12,true
2,11,Emerald,Orange,normal,67.47204151398782,12,true
2,11,Emerald,Orange,protan,12.09981214187142,12,true
2,11,Emerald,Orange,deutan,12.100334889352608,12,true
2,11,Emerald,Orange,tritan,67.7120992182705,12,true
2,12,Emerald,Cobalt,normal,59.76688129306342,12,true
2,12,Emerald,Cobalt,protan,62.482258853907055,12,true
2,12,Emerald,Cobalt,deutan,60.32934844681325,12,true
2,12,Emerald,Cobalt,tritan,22.529105907187247,12,true
3,4,Sky,Sand,normal,34.22588710373441,20,true
3,4,Sky,Sand,protan,34.83483559135805,12,true
3,4,Sky,Sand,deutan,38.63406335446041,12,true
3,4,Sky,Sand,tritan,48.31713320608523,12,true
3,5,Sky,Lavender,normal,23.42871997333899,20,true
3,5,Sky,Lavender,protan,12.099867132608694,12,true
3,5,Sky,Lavender,deutan,12.099869904826686,12,true
3,5,Sky,Lavender,tritan,25.804436283387904,12,true
3,6,Sky,Mist,normal,20.604813443971302,20,true
3,6,Sky,Mist,protan,21.94983013378314,12,true
3,6,Sky,Mist,deutan,22.15375521508199,12,true
3,6,Sky,Mist,tritan,12.429358905697967,12,true
3,7,Sky,Teal,normal,36.072996260976666,20,true
3,7,Sky,Teal,protan,32.81918379092077,12,true
3,7,Sky,Teal,deutan,27.96595035034,12,true
3,7,Sky,Teal,tritan,22.5278845795454,12,true
3,8,Sky,Crimson,normal,52.876659234487924,20,true
3,8,Sky,Crimson,protan,60.323732835287224,12,true
3,8,Sky,Crimson,deutan,59.60177393232419,12,true
3,8,Sky,Crimson,tritan,57.79580771860328,12,true
3,9,Sky,Olive,normal,51.96397169110906,12,true
3,9,Sky,Olive,protan,49.32959204007773,12,true
3,9,Sky,Olive,deutan,48.12090995319976,12,true
3,9,Sky,Olive,tritan,30.73853306775052,12,true
3,10,Sky,Orchid,normal,36.4020218553502,12,true
3,10,Sky,Orchid,protan,24.143982096878407,12,true
3,10,Sky,Orchid,deutan,16.7719833986203,12,true
3,10,Sky,Orchid,tritan,57.47850333590886,12,true
3,11,Sky,Orange,normal,52.236732053523085,12,true
3,11,Sky,Orange,protan,57.79355534082718,12,true
3,11,Sky,Orange,deutan,62.97358669114571,12,true
3,11,Sky,Orange,tritan,76.03975787253638,12,true
3,12,Sky,Cobalt,normal,23.70003040840856,12,true
3,12,Sky,Cobalt,protan,13.904612214179522,12,true
3,12,Sky,Cobalt,deutan,16.08909601561238,12,true
3,12,Sky,Cobalt,tritan,16.126343355216754,12,true
4,5,Sand,Lavender,normal,25.262859198158946,20,true
4,5,Sand,Lavender,protan,26.705037700015446,12,true
4,5,Sand,Lavender,deutan,27.88362859858342,12,true
4,5,Sand,Lavender,tritan,14.187399196130123,12,true
4,6,Sand,Mist,normal,20.098712848158538,20,true
4,6,Sand,Mist,protan,12.099650358599392,12,true
4,6,Sand,Mist,deutan,15.320396554853327,12,true
4,6,Sand,Mist,tritan,30.032820291815806,12,true
4,7,Sand,Teal,normal,35.38667852137807,20,true
4,7,Sand,Teal,protan,16.05268414082384,12,true
4,7,Sand,Teal,deutan,24.546092670992017,12,true
4,7,Sand,Teal,tritan,41.551198698778556,12,true
4,8,Sand,Crimson,normal,30.320173302902624,20,true
4,8,Sand,Crimson,protan,29.901080110101685,12,true
4,8,Sand,Crimson,deutan,21.848654578831983,12,true
4,8,Sand,Crimson,tritan,27.753003875374073,12,true
4,9,Sand,Olive,normal,25.3771798459025,12,true
4,9,Sand,Olive,protan,17.832079844541376,12,true
4,9,Sand,Olive,deutan,17.95606833312692,12,true
4,9,Sand,Olive,tritan,22.24390466824165,12,true
4,10,Sand,Orchid,normal,34.82578957595274,12,true
4,10,Sand,Orchid,protan,35.77994844117035,12,true
4,10,Sand,Orchid,deutan,34.203078091404066,12,true
4,10,Sand,Orchid,tritan,20.44380749650403,12,true
4,11,Sand,Orange,normal,25.181789822899027,12,true
4,11,Sand,Orange,protan,21.269247225689792,12,true
4,11,Sand,Orange,deutan,21.105039415206633,12,true
4,11,Sand,Orange,tritan,24.03038902305889,12,true
4,12,Sand,Cobalt,normal,41.95653342920856,12,true
4,12,Sand,Cobalt,protan,40.22711971320941,12,true
4,12,Sand,Cobalt,deutan,45.9119292664659,12,true
4,12,Sand,Cobalt,tritan,39.71398104798001,12,true
5,6,Lavender,Mist,normal,20.099309876308986,20,true
5,6,Lavender,Mist,protan,14.61854138473543,12,true
5,6,Lavender,Mist,deutan,12.100581437458626,12,true
5,6,Lavender,Mist,tritan,16.108379805518734,12,true
5,7,Lavender,Teal,normal,34.39512602110266,20,true
5,7,Lavender,Teal,protan,22.229198383073122,12,true
5,7,Lavender,Teal,deutan,19.292938855831135,12,true
5,7,Lavender,Teal,tritan,26.803175872916142,12,true
5,8,Lavender,Crimson,normal,39.67506367163024,20,true
5,8,Lavender,Crimson,protan,47.563998409331205,12,true
5,8,Lavender,Crimson,deutan,45.96630077593138,12,true
5,8,Lavender,Crimson,tritan,34.26361782955536,12,true
5,9,Lavender,Olive,normal,44.47799753355777,12,true
5,9,Lavender,Olive,protan,38.25001572627979,12,true
5,9,Lavender,Olive,deutan,36.31741122032739,12,true
5,9,Lavender,Olive,tritan,15.502025423059457,12,true
5,10,Lavender,Orchid,normal,17.312835133021178,12,true
5,10,Lavender,Orchid,protan,15.573254142484265,12,true
5,10,Lavender,Orchid,deutan,12.100330367096486,12,true
5,10,Lavender,Orchid,tritan,23.690466255174265,12,true
5,11,Lavender,Orange,normal,41.10138845863069,12,true
5,11,Lavender,Orange,protan,46.684290428468955,12,true
5,11,Lavender,Orange,deutan,49.053134761040724,12,true
5,11,Lavender,Orange,tritan,32.25729355518309,12,true
5,12,Lavender,Cobalt,normal,22.9951798463662,12,true
5,12,Lavender,Cobalt,protan,12.100278496439936,12,true
5,12,Lavender,Cobalt,deutan,17.137746436722015,12,true
5,12,Lavender,Cobalt,tritan,21.782588749817894,12,true
6,7,Mist,Teal,normal,23.200871938493453,20,true
6,7,Mist,Teal,protan,17.53520376650689,12,true
6,7,Mist,Teal,deutan,18.988558053980146,12,true
6,7,Mist,Teal,tritan,19.272058022418733,12,true
6,8,Mist,Crimson,normal,45.690190320663376,20,true
6,8,Mist,Crimson,protan,38.541878965001445,12,true
6,8,Mist,Crimson,deutan,33.94054861122611,12,true
6,8,Mist,Crimson,tritan,46.10076516367791,12,true
6,9,Mist,Olive,normal,25.85421430145486,12,true
6,9,Mist,Olive,protan,27.180429324549195,12,true
6,9,Mist,Olive,deutan,26.884968189224566,12,true
6,9,Mist,Olive,tritan,21.074111079151606,12,true
6,10,Mist,Orchid,normal,24.518010444000172,12,true
6,10,Mist,Orchid,protan,27.145687743851063,12,true
6,10,Mist,Orchid,deutan,20.975859725495837,12,true
6,10,Mist,Orchid,tritan,37.74691281183506,12,true
6,11,Mist,Orange,normal,39.01995942731394,12,true
6,11,Mist,Orange,protan,31.9922028516535,12,true
6,11,Mist,Orange,deutan,34.828621054452654,12,true
6,11,Mist,Orange,tritan,46.68975484221536,12,true
6,12,Mist,Cobalt,normal,27.215727264112694,12,true
6,12,Mist,Cobalt,protan,25.796311307899323,12,true
6,12,Mist,Cobalt,deutan,27.322810628032084,12,true
6,12,Mist,Cobalt,tritan,16.572632715768815,12,true
7,8,Teal,Crimson,normal,55.04981070088566,20,true
7,8,Teal,Crimson,protan,22.768784250873008,12,true
7,8,Teal,Crimson,deutan,30.90865679299919,12,true
7,8,Teal,Crimson,tritan,55.55600019363753,12,true
7,9,Teal,Olive,normal,20.20730063540758,12,true
7,9,Teal,Olive,protan,14.876011968938402,12,true
7,9,Teal,Olive,deutan,20.71281971854923,12,true
7,9,Teal,Olive,tritan,20.715138487741104,12,true
7,10,Teal,Orchid,normal,37.71153358162706,12,true
7,10,Teal,Orchid,protan,23.10055733021263,12,true
7,10,Teal,Orchid,deutan,14.819493685070393,12,true
7,10,Teal,Orchid,tritan,46.1408827296836,12,true
7,11,Teal,Orange,normal,56.212418713983276,12,true
7,11,Teal,Orange,protan,24.232585994363454,12,true
7,11,Teal,Orange,deutan,40.87929290402176,12,true
7,11,Teal,Orange,tritan,60.74590650312859,12,true
7,12,Teal,Cobalt,normal,37.918857114277344,12,true
7,12,Teal,Cobalt,protan,31.377409341579668,12,true
7,12,Teal,Cobalt,deutan,24.431116413553905,12,true
7,12,Teal,Cobalt,tritan,16.739958733509706,12,true
8,9,Crimson,Olive,normal,42.102876887460475,12,true
8,9,Crimson,Olive,protan,12.099740262719349,12,true
8,9,Crimson,Olive,deutan,12.100673931084591,12,true
8,9,Crimson,Olive,tritan,31.611445610302344,12,true
8,10,Crimson,Orchid,normal,36.6169681083408,12,true
8,10,Crimson,Orchid,protan,47.31172111119165,12,true
8,10,Crimson,Orchid,deutan,47.86322118418767,12,true
8,10,Crimson,Orchid,tritan,26.72204158453414,12,true
8,11,Crimson,Orange,normal,18.65403707634654,12,true
8,11,Crimson,Orange,protan,16.436961467263988,12,true
8,11,Crimson,Orange,deutan,17.005175061411965,12,true
8,11,Crimson,Orange,tritan,12.50710630446562,12,true
8,12,Crimson,Cobalt,normal,47.41787067826933,12,true
8,12,Crimson,Cobalt,protan,60.592222291595796,12,true
8,12,Crimson,Cobalt,deutan,66.17740835903264,12,true
8,12,Crimson,Cobalt,tritan,57.98992531692988,12,true
9,10,Olive,Orchid,normal,51.71026894909493,12,true
9,10,Olive,Orchid,protan,40.870761648050696,12,true
9,10,Olive,Orchid,deutan,36.64220763184987,12,true
9,10,Olive,Orchid,tritan,24.92862565389012,12,true
9,11,Olive,Orange,normal,43.447575187495,12,true
9,11,Olive,Orange,protan,12.100858379886628,12,true
9,11,Olive,Orange,deutan,25.4175799356968,12,true
9,11,Olive,Orange,tritan,34.258555855108256,12,true
9,12,Olive,Cobalt,normal,59.92167132225041,12,true
9,12,Olive,Cobalt,protan,51.64885665703024,12,true
9,12,Olive,Cobalt,deutan,51.93286772809117,12,true
9,12,Olive,Cobalt,tritan,23.004056117286908,12,true
10,11,Orchid,Orange,normal,45.305301778319205,12,true
10,11,Orchid,Orange,protan,51.85376466628475,12,true
10,11,Orchid,Orange,deutan,55.012400977302974,12,true
10,11,Orchid,Orange,tritan,25.057320450851307,12,true
10,12,Orchid,Cobalt,normal,20.22134331041883,12,true
10,12,Orchid,Cobalt,protan,12.319209307680254,12,true
10,12,Orchid,Cobalt,deutan,12.100428305734606,12,true
10,12,Orchid,Cobalt,tritan,45.526983451996564,12,true
11,12,Orange,Cobalt,normal,54.65813495351567,12,true
11,12,Orange,Cobalt,protan,63.5359203941366,12,true
11,12,Orange,Cobalt,deutan,73.18127394391132,12,true
11,12,Orange,Cobalt,tritan,61.20674280853434,12,true
