"strategy","position","name","kind","scenario","houseLevel","ownedInSet","investment","ordinaryRent","landingProbability","expectedRentPerRoll","expectedRentPerOpponentTurn","rentROIPerRoll","rentROIPerOpponentTurn","breakEvenRolls","breakEvenOpponentTurns"
"leave ASAP","1","Mediterranean Avenue","street","unimproved without color set","0","1","60","2","0.021313773374645625","0.04262754674929125","0.05058286826589295","0.0007104591124881875","0.0008430478044315491","1407.5405360032264","1186.1723555217377"
"leave ASAP","1","Mediterranean Avenue","street","complete color set","0","2","60","4","0.021313773374645625","0.0852550934985825","0.1011657365317859","0.001420918224976375","0.0016860956088630983","703.7702680016132","593.0861777608688"
"leave ASAP","1","Mediterranean Avenue","street","complete color set","1","2","110","10","0.021313773374645625","0.21313773374645625","0.2529143413294647","0.0019376157613314204","0.0022992212848133155","516.0981965345163","434.9298636913039"
"leave ASAP","1","Mediterranean Avenue","street","complete color set","2","2","160","30","0.021313773374645625","0.6394132012393687","0.7587430239883942","0.003996332507746054","0.004742143899927464","250.22942862279584","210.8750854260867"
"leave ASAP","1","Mediterranean Avenue","street","complete color set","3","2","210","90","0.021313773374645625","1.9182396037181062","2.2762290719651825","0.009134474303419553","0.01083918605697706","109.47537502247317","92.25784987391295"
"leave ASAP","1","Mediterranean Avenue","street","complete color set","4","2","260","160","0.021313773374645625","3.4102037399433","4.0466294612714355","0.013116168230551154","0.015563959466428598","76.2417790335081","64.2510025907608"
"leave ASAP","1","Mediterranean Avenue","street","hotel with color set","5","2","310","250","0.021313773374645625","5.328443343661406","6.3228585332366185","0.017188526915036792","0.020396317849150383","58.17834215480003","49.02845736156517"
"leave ASAP","3","Baltic Avenue","street","unimproved without color set","0","1","60","4","0.02162402189535374","0.08649608758141496","0.10263832984286379","0.0014416014596902492","0.0017106388307143966","693.6729935157431","584.576932339587"
"leave ASAP","3","Baltic Avenue","street","complete color set","0","2","60","8","0.02162402189535374","0.17299217516282991","0.20527665968572759","0.0028832029193804985","0.003421277661428793","346.83649675787154","292.2884661697935"
"leave ASAP","3","Baltic Avenue","street","complete color set","1","2","110","20","0.02162402189535374","0.4324804379070748","0.513191649214319","0.0039316403446097705","0.004665378629221082","254.34676428910578","214.34487519118187"
"leave ASAP","3","Baltic Avenue","street","complete color set","2","2","160","60","0.02162402189535374","1.2974413137212244","1.539574947642957","0.008109008210757652","0.009622343422768482","123.31964329168765","103.92478797148213"
"leave ASAP","3","Baltic Avenue","street","complete color set","3","2","210","180","0.02162402189535374","3.892323941163673","4.618724842928871","0.018534875910303204","0.021993927823470816","53.95234394011335","45.46709473752343"
"leave ASAP","3","Baltic Avenue","street","complete color set","4","2","260","320","0.02162402189535374","6.919687006513197","8.211066387429105","0.026614180794281527","0.031581024567035015","37.57395381543608","31.66458383506096"
"leave ASAP","3","Baltic Avenue","street","hotel with color set","5","2","310","450","0.02162402189535374","9.730809852909182","11.546812107322177","0.031389709202932846","0.03724778099136186","31.857574517019312","26.847236892632882"
"leave ASAP","5","Reading Railroad","railroad","1 railroad owned","","1","200","25","0.029631032008512328","0.813015246421192","0.964743370050246","0.00406507623210596","0.00482371685025123","245.99784675672325","207.30901730849266"
"leave ASAP","5","Reading Railroad","railroad","2 railroads owned","","2","200","50","0.029631032008512328","1.626030492842384","1.929486740100492","0.00813015246421192","0.00964743370050246","122.99892337836162","103.65450865424633"
"leave ASAP","5","Reading Railroad","railroad","3 railroads owned","","3","200","100","0.029631032008512328","3.252060985684768","3.858973480200984","0.01626030492842384","0.01929486740100492","61.49946168918081","51.827254327123164"
"leave ASAP","5","Reading Railroad","railroad","4 railroads owned","","4","200","200","0.029631032008512328","6.504121971369536","7.717946960401968","0.03252060985684768","0.03858973480200984","30.749730844590406","25.913627163561582"
"leave ASAP","6","Oriental Avenue","street","unimproved without color set","0","1","100","6","0.02262139678893012","0.13572838073358073","0.16105854843039558","0.0013572838073358073","0.0016105854843039558","736.7655862357082","620.8922219562711"
"leave ASAP","6","Oriental Avenue","street","complete color set","0","3","100","12","0.02262139678893012","0.27145676146716147","0.32211709686079115","0.0027145676146716146","0.0032211709686079115","368.3827931178541","310.44611097813555"
"leave ASAP","6","Oriental Avenue","street","complete color set","1","3","150","30","0.02262139678893012","0.6786419036679037","0.8052927421519779","0.004524279357786025","0.005368618281013186","221.02967587071242","186.26766658688132"
"leave ASAP","6","Oriental Avenue","street","complete color set","2","3","200","90","0.02262139678893012","2.035925711003711","2.4158782264559333","0.010179628555018553","0.012079391132279666","98.23541149809442","82.78562959416948"
"leave ASAP","6","Oriental Avenue","street","complete color set","3","3","250","270","0.02262139678893012","6.107777133011132","7.247634679367801","0.02443110853204453","0.028990538717471204","40.931421457539344","34.49401233090395"
"leave ASAP","6","Oriental Avenue","street","complete color set","4","3","300","400","0.02262139678893012","9.048558715572048","10.737236562026371","0.03016186238524016","0.0357907885400879","33.15445138060687","27.940149988032196"
"leave ASAP","6","Oriental Avenue","street","hotel with color set","5","3","350","550","0.02262139678893012","12.441768233911567","14.763700272786261","0.035547909239747336","0.042182000779389314","28.13104965627249","23.70679392923944"
"leave ASAP","8","Vermont Avenue","street","unimproved without color set","0","1","100","6","0.02320960171215176","0.13925761027291056","0.16524641675690177","0.0013925761027291056","0.0016524641675690177","718.0936094194398","605.1568437160882"
"leave ASAP","8","Vermont Avenue","street","complete color set","0","3","100","12","0.02320960171215176","0.2785152205458211","0.33049283351380354","0.002785152205458211","0.0033049283351380353","359.0468047097199","302.5784218580441"
"leave ASAP","8","Vermont Avenue","street","complete color set","1","3","150","30","0.02320960171215176","0.6962880513645529","0.826232083784509","0.004641920342430352","0.005508213891896726","215.42808282583192","181.54705311482647"
"leave ASAP","8","Vermont Avenue","street","complete color set","2","3","200","90","0.02320960171215176","2.0888641540936583","2.4786962513535267","0.010444320770468292","0.012393481256767633","95.74581458925864","80.6875791621451"
"leave ASAP","8","Vermont Avenue","street","complete color set","3","3","250","270","0.02320960171215176","6.266592462280975","7.43608875406058","0.0250663698491239","0.02974435501624232","39.8940894121911","33.61982465089379"
"leave ASAP","8","Vermont Avenue","street","complete color set","4","3","300","400","0.02320960171215176","9.283840684860705","11.016427783793452","0.03094613561620235","0.03672142594597817","32.314212423874785","27.232057967223973"
"leave ASAP","8","Vermont Avenue","street","hotel with color set","5","3","350","550","0.02320960171215176","12.765280941683468","15.147588202715996","0.036472231261952766","0.043278823436331416","27.41811963237861","23.105988578250646"
"leave ASAP","9","Connecticut Avenue","street","unimproved without color set","0","1","120","8","0.023003350088667763","0.1840268007093421","0.21837061073258118","0.0015335566725778508","0.0018197550894381764","652.0789338153626","549.5244968974016"
"leave ASAP","9","Connecticut Avenue","street","complete color set","0","3","120","16","0.023003350088667763","0.3680536014186842","0.43674122146516237","0.0030671133451557015","0.003639510178876353","326.0394669076813","274.7622484487008"
"leave ASAP","9","Connecticut Avenue","street","complete color set","1","3","170","40","0.023003350088667763","0.9201340035467105","1.0918530536629059","0.005412552962039473","0.006422665021546505","184.75569791435274","155.6986074542638"
"leave ASAP","9","Connecticut Avenue","street","complete color set","2","3","220","100","0.023003350088667763","2.300335008866776","2.729632634157265","0.01045606822212171","0.012407421064351205","95.63824362625317","80.5969262116189"
"leave ASAP","9","Connecticut Avenue","street","complete color set","3","3","270","300","0.023003350088667763","6.901005026600329","8.188897902471794","0.025559277876297512","0.030329251490636273","39.12473602892175","32.971469813844095"
"leave ASAP","9","Connecticut Avenue","street","complete color set","4","3","320","450","0.023003350088667763","10.351507539900494","12.283346853707693","0.03234846106218904","0.03838545891783654","30.91337167717274","26.051531704765704"
"leave ASAP","9","Connecticut Avenue","street","hotel with color set","5","3","370","600","0.023003350088667763","13.802010053200657","16.377795804943588","0.03730272987351529","0.04426431298633402","26.80768950129824","22.59156265022651"
"leave ASAP","11","St. Charles Place","street","unimproved without color set","0","1","140","10","0.027016578177709857","0.27016578177709855","0.3205851894305921","0.0019297555841221324","0.002289894210218515","518.2003400989827","436.7013967446881"
"leave ASAP","11","St. Charles Place","street","complete color set","0","3","140","20","0.027016578177709857","0.5403315635541971","0.6411703788611842","0.003859511168244265","0.00457978842043703","259.10017004949134","218.35069837234406"
"leave ASAP","11","St. Charles Place","street","complete color set","1","3","240","50","0.027016578177709857","1.3508289088854928","1.6029259471529607","0.005628453787022886","0.0066788581131373365","177.66868803393692","149.72619316960734"
"leave ASAP","11","St. Charles Place","street","complete color set","2","3","340","150","0.027016578177709857","4.052486726656478","4.808777841458882","0.011919078607813171","0.014143464239584947","83.89910268269243","70.70403566342569"
"leave ASAP","11","St. Charles Place","street","complete color set","3","3","440","450","0.027016578177709857","12.157460179969435","14.426333524376647","0.027630591318112352","0.03278712164631056","36.19176978469085","30.499780090105197"
"leave ASAP","11","St. Charles Place","street","complete color set","4","3","540","625","0.027016578177709857","16.88536136106866","20.03657433941201","0.031269187705682704","0.037104767295207425","31.98036384610864","26.95071477052932"
"leave ASAP","11","St. Charles Place","street","hotel with color set","5","3","640","750","0.027016578177709857","20.26243363328239","24.04388920729441","0.031660052552003735","0.03756857688639752","31.585544539366563","26.617989896819083"
"leave ASAP","12","Electric Company","utility","1 utility owned","","1","150","28","0.026040375217150972","0.8503649878708003","1.0090634680991","0.005669099919138668","0.006727089787327333","176.39484473082535","148.65269107658204"
"leave ASAP","12","Electric Company","utility","2 utilities owned","","2","150","70","0.026040375217150972","1.822826265200568","2.1630093185173274","0.01215217510133712","0.01442006212344885","82.28979517337342","69.34782884006258"
"leave ASAP","13","States Avenue","street","unimproved without color set","0","1","140","10","0.02372090292590736","0.2372090292590736","0.2814779172974941","0.001694350208993383","0.002010556552124958","590.1967578438829","497.3747189270054"
"leave ASAP","13","States Avenue","street","complete color set","0","3","140","20","0.02372090292590736","0.4744180585181472","0.5629558345949882","0.003388700417986766","0.004021113104249916","295.09837892194145","248.6873594635027"
"leave ASAP","13","States Avenue","street","complete color set","1","3","240","50","0.02372090292590736","1.186045146295368","1.4073895864874706","0.0049418547762307","0.005864123277031128","202.3531741179027","170.52847506068755"
"leave ASAP","13","States Avenue","street","complete color set","2","3","340","150","0.02372090292590736","3.558135438886104","4.222168759462411","0.010465104232017953","0.012418143410183562","95.55566555567628","80.5273354453247"
"leave ASAP","13","States Avenue","street","complete color set","3","3","440","450","0.02372090292590736","10.674406316658311","12.666506278387233","0.024260014356041616","0.028787514269061894","41.22009102401722","34.73728195680673"
"leave ASAP","13","States Avenue","street","complete color set","4","3","540","625","0.02372090292590736","14.8255643286921","17.59236983109338","0.027454748756837222","0.032578462650172925","36.42357134122249","30.695125510923766"
"leave ASAP","13","States Avenue","street","hotel with color set","5","3","640","750","0.02372090292590736","17.79067719443052","21.110843797312054","0.027797933116297684","0.03298569343330009","35.973897620960486","30.31617334412224"
"leave ASAP","14","Virginia Avenue","street","unimproved without color set","0","1","160","12","0.0246488842550867","0.2957866110610404","0.3509874792962202","0.0018486663191315026","0.002193671745601376","540.9305019792846","455.8567169427888"
"leave ASAP","14","Virginia Avenue","street","complete color set","0","3","160","24","0.0246488842550867","0.5915732221220809","0.7019749585924404","0.003697332638263005","0.004387343491202752","270.4652509896423","227.9283584713944"
"leave ASAP","14","Virginia Avenue","street","complete color set","1","3","260","60","0.0246488842550867","1.478933055305202","1.754937396481101","0.005688204058866162","0.0067497592172350036","175.8024131432675","148.15343300640637"
"leave ASAP","14","Virginia Avenue","street","complete color set","2","3","360","180","0.0246488842550867","4.436799165915606","5.264812189443303","0.01232444212754335","0.014624478304009175","81.13957529689269","68.37850754141833"
"leave ASAP","14","Virginia Avenue","street","complete color set","3","3","460","500","0.0246488842550867","12.324442127543351","14.624478304009175","0.02679226549465946","0.03179234413915038","37.324204636570634","31.454113469052427"
"leave ASAP","14","Virginia Avenue","street","complete color set","4","3","560","700","0.0246488842550867","17.25421897856069","20.474269625612845","0.030811105318858376","0.03656119576002294","32.45583011875708","27.35140301656733"
"leave ASAP","14","Virginia Avenue","street","hotel with color set","5","3","660","900","0.0246488842550867","22.18399582957803","26.324060947216513","0.033612114893300044","0.03988494082911593","29.75117760886065","25.072119431853388"
"leave ASAP","15","Pennsylvania Railroad","railroad","1 railroad owned","","1","200","25","0.02919969335250791","0.8020796516407105","0.9517669312829955","0.004010398258203552","0.004758834656414978","249.35179391583603","210.135478998411"
"leave ASAP","15","Pennsylvania Railroad","railroad","2 railroads owned","","2","200","50","0.02919969335250791","1.604159303281421","1.903533862565991","0.008020796516407105","0.009517669312829956","124.67589695791801","105.0677394992055"
"leave ASAP","15","Pennsylvania Railroad","railroad","3 railroads owned","","3","200","100","0.02919969335250791","3.208318606562842","3.807067725131982","0.01604159303281421","0.01903533862565991","62.33794847895901","52.53386974960275"
"leave ASAP","15","Pennsylvania Railroad","railroad","4 railroads owned","","4","200","200","0.02919969335250791","6.416637213125684","7.614135450263964","0.03208318606562842","0.03807067725131982","31.168974239479503","26.266934874801375"
"leave ASAP","16","St. James Place","street","unimproved without color set","0","1","180","14","0.027924168535581554","0.39093835949814176","0.4638968236873165","0.0021718797749896764","0.002577204576040647","460.4306423935244","388.0173150772134"
"leave ASAP","16","St. James Place","street","complete color set","0","3","180","28","0.027924168535581554","0.7818767189962835","0.927793647374633","0.004343759549979353","0.005154409152081294","230.2153211967622","194.0086575386067"
"leave ASAP","16","St. James Place","street","complete color set","1","3","280","70","0.027924168535581554","1.9546917974907088","2.3194841184365824","0.0069810421338953885","0.008283871851559222","143.24508874465204","120.71649802402194"
"leave ASAP","16","St. James Place","street","complete color set","2","3","380","200","0.027924168535581554","5.584833707116311","6.627097481247379","0.01469693080820082","0.01743973021380889","68.04141715370972","57.340336561410425"
"leave ASAP","16","St. James Place","street","complete color set","3","3","480","550","0.027924168535581554","15.358292694569855","18.22451807343029","0.0319964431136872","0.037967745986313105","31.253473907924082","26.338145023422975"
"leave ASAP","16","St. James Place","street","complete color set","4","3","580","750","0.027924168535581554","20.943126401686165","24.851615554677668","0.03610883862359684","0.042847613025306326","27.69405049063273","23.33852295131091"
"leave ASAP","16","St. James Place","street","hotel with color set","5","3","680","950","0.027924168535581554","26.527960108802475","31.478713035925043","0.039011706042356584","0.04629222505283095","25.63333167009563","21.60189964640393"
"leave ASAP","18","Tennessee Avenue","street","unimproved without color set","0","1","180","14","0.029355854595096882","0.41098196433135636","0.48768104539763496","0.002283233135174202","0.002709339141097972","437.9754237946901","369.0936969945909"
"leave ASAP","18","Tennessee Avenue","street","complete color set","0","3","180","28","0.029355854595096882","0.8219639286627127","0.9753620907952699","0.004566466270348404","0.005418678282195944","218.98771189734504","184.54684849729546"
"leave ASAP","18","Tennessee Avenue","street","complete color set","1","3","280","70","0.029355854595096882","2.0549098216567816","2.4384052269881744","0.00733896364877422","0.008708590096386337","136.25902073612582","114.82915017609496"
"leave ASAP","18","Tennessee Avenue","street","complete color set","2","3","380","200","0.029355854595096882","5.871170919019376","6.966872077109071","0.015450449786893096","0.018333873887129135","64.72303484965975","54.5438463336451"
"leave ASAP","18","Tennessee Avenue","street","complete color set","3","3","480","550","0.029355854595096882","16.145720027303284","19.158898212049944","0.03363691672354851","0.03991437127510405","29.729240887881996","25.053632765693443"
"leave ASAP","18","Tennessee Avenue","street","complete color set","4","3","580","750","0.029355854595096882","22.01689094632266","26.125770289159014","0.03796015680400459","0.04504443153303278","26.34341067565099","22.200302367378356"
"leave ASAP","18","Tennessee Avenue","street","hotel with color set","5","3","680","950","0.029355854595096882","27.88806186534204","33.09264236626809","0.041011855684326526","0.04866565053862954","24.383193184359353","20.54837424203804"
"leave ASAP","19","New York Avenue","street","unimproved without color set","0","1","200","16","0.030851688778357925","0.4936270204537268","0.5857496490461594","0.002468135102268634","0.002928748245230797","405.16420640054537","341.44279954018236"
"leave ASAP","19","New York Avenue","street","complete color set","0","3","200","32","0.030851688778357925","0.9872540409074536","1.171499298092319","0.004936270204537268","0.005857496490461594","202.58210320027268","170.72139977009118"
"leave ASAP","19","New York Avenue","street","complete color set","1","3","300","80","0.030851688778357925","2.468135102268634","2.9287482452307976","0.008227117007562113","0.009762494150769326","121.5492619201636","102.4328398620547"
"leave ASAP","19","New York Avenue","street","complete color set","2","3","400","220","0.030851688778357925","6.787371531238744","8.054057674384694","0.01696842882809686","0.020135144185961736","58.93297547644296","49.6644072058447"
"leave ASAP","19","New York Avenue","street","complete color set","3","3","500","600","0.030851688778357925","18.511013267014754","21.96561183923098","0.03702202653402951","0.04393122367846196","27.010947093369694","22.762853302678824"
"leave ASAP","19","New York Avenue","street","complete color set","4","3","600","800","0.030851688778357925","24.68135102268634","29.287482452307973","0.04113558503781056","0.04881247075384662","24.309852384032723","20.486567972410942"
"leave ASAP","19","New York Avenue","street","hotel with color set","5","3","700","1000","0.030851688778357925","30.851688778357925","36.609353065384965","0.04407384111193989","0.05229907580769281","22.68919555843054","19.120796774250213"
"leave ASAP","21","Kentucky Avenue","street","unimproved without color set","0","1","220","18","0.028358431390015208","0.5104517650202738","0.6057142940449031","0.002320235295546699","0.0027532467911131958","430.99077146155463","363.2075421744808"
"leave ASAP","21","Kentucky Avenue","street","complete color set","0","3","220","36","0.028358431390015208","1.0209035300405476","1.2114285880898061","0.004640470591093398","0.0055064935822263916","215.49538573077731","181.6037710872404"
"leave ASAP","21","Kentucky Avenue","street","complete color set","1","3","370","90","0.028358431390015208","2.5522588251013687","3.028571470224515","0.006897996824598294","0.008185328297904094","144.96962312797748","122.1698096405072"
"leave ASAP","21","Kentucky Avenue","street","complete color set","2","3","520","250","0.028358431390015208","7.089607847503802","8.41269852840143","0.01363386124519962","0.016178266400771982","73.34679310691185","61.81131990460256"
"leave ASAP","21","Kentucky Avenue","street","complete color set","3","3","670","700","0.028358431390015208","19.850901973010647","23.555555879524007","0.02962821190001589","0.0351575460888418","33.75161495991136","28.44339583522233"
"leave ASAP","21","Kentucky Avenue","street","complete color set","4","3","820","875","0.028358431390015208","24.813627466263306","29.444444849405006","0.030260521300321103","0.035907859572445126","33.046357333883364","27.849056220755"
"leave ASAP","21","Kentucky Avenue","street","hotel with color set","5","3","970","1050","0.028358431390015208","29.776352959515968","35.333333819286004","0.030697271092284505","0.036426117339470106","32.576185583198026","27.452829811110114"
"leave ASAP","23","Indiana Avenue","street","unimproved without color set","0","1","220","18","0.027356858038021868","0.49242344468439364","0.5843214572023675","0.002238288384929062","0.002656006623647125","446.76995454796725","376.5050851517979"
"leave ASAP","23","Indiana Avenue","street","complete color set","0","3","220","36","0.027356858038021868","0.9848468893687873","1.168642914404735","0.004476576769858124","0.00531201324729425","223.38497727398362","188.25254257589896"
"leave ASAP","23","Indiana Avenue","street","complete color set","1","3","370","90","0.027356858038021868","2.462117223421968","2.921607286011837","0.006654370874113427","0.007896235908140101","150.2771665297708","126.6426195510593"
"leave ASAP","23","Indiana Avenue","street","complete color set","2","3","520","250","0.027356858038021868","6.839214509505467","8.115575794477326","0.013152335595202822","0.015606876527841013","76.03212317398133","64.07431994583324"
"leave ASAP","23","Indiana Avenue","street","complete color set","3","3","670","700","0.027356858038021868","19.149800626615306","22.72361222453651","0.028581791980022846","0.03391583914109927","34.98730942758757","29.484748876173267"
"leave ASAP","23","Indiana Avenue","street","complete color set","4","3","820","875","0.027356858038021868","23.937250783269135","28.40451528067064","0.02919176924788919","0.03463965278130566","34.25623132014543","28.86864964592487"
"leave ASAP","23","Indiana Avenue","street","hotel with color set","5","3","970","1050","0.027356858038021868","28.72470093992296","34.08541833680477","0.029613093752497897","0.03513960653278842","33.768845915184016","28.45791682575927"
"leave ASAP","24","Illinois Avenue","street","unimproved without color set","0","1","240","20","0.0318576628665498","0.6371532573309959","0.7560613204017943","0.0026548052388791496","0.003150255501674143","376.67546581390536","317.434569820946"
"leave ASAP","24","Illinois Avenue","street","complete color set","0","3","240","40","0.0318576628665498","1.2743065146619919","1.5121226408035886","0.005309610477758299","0.006300511003348286","188.33773290695268","158.717284910473"
"leave ASAP","24","Illinois Avenue","street","complete color set","1","3","390","100","0.0318576628665498","3.18576628665498","3.780306602008972","0.008168631504243538","0.009693093851305056","122.41952638951923","103.16623519180744"
"leave ASAP","24","Illinois Avenue","street","complete color set","2","3","540","300","0.0318576628665498","9.55729885996494","11.340919806026916","0.017698701592527667","0.021001703344494287","56.5013198720858","47.61518547314189"
"leave ASAP","24","Illinois Avenue","street","complete color set","3","3","690","750","0.0318576628665498","23.893247149912348","28.352299515067287","0.03462789442016282","0.041090289152271434","28.878452379066076","24.33665035293919"
"leave ASAP","24","Illinois Avenue","street","complete color set","4","3","840","925","0.0318576628665498","29.468338151558566","34.96783606858299","0.035081354942331625","0.041628376272122604","28.505170385917157","24.022075554017533"
"leave ASAP","24","Illinois Avenue","street","hotel with color set","5","3","990","1100","0.0318576628665498","35.04342915320478","41.583372622098686","0.03539740318505533","0.042003406688988575","28.2506599360429","23.80759273657095"
"leave ASAP","25","B. & O. Railroad","railroad","1 railroad owned","","1","200","25","0.030659047386530067","0.8538122627742121","1.0131540870911135","0.00426906131387106","0.005065770435455568","234.24353188622376","197.40333928299486"
"leave ASAP","25","B. & O. Railroad","railroad","2 railroads owned","","2","200","50","0.030659047386530067","1.7076245255484241","2.026308174182227","0.00853812262774212","0.010131540870911136","117.12176594311188","98.70166964149743"
"leave ASAP","25","B. & O. Railroad","railroad","3 railroads owned","","3","200","100","0.030659047386530067","3.4152490510968483","4.052616348364454","0.01707624525548424","0.020263081741822273","58.56088297155594","49.350834820748716"
"leave ASAP","25","B. & O. Railroad","railroad","4 railroads owned","","4","200","200","0.030659047386530067","6.830498102193697","8.105232696728908","0.03415249051096848","0.040526163483644545","29.28044148577797","24.675417410374358"
"leave ASAP","26","Atlantic Avenue","street","unimproved without color set","0","1","260","22","0.027072038246359585","0.5955848414199109","0.7067352421637304","0.002290710928538119","0.0027182124698605014","436.5456974696401","367.8888280765337"
"leave ASAP","26","Atlantic Avenue","street","complete color set","0","3","260","44","0.027072038246359585","1.1911696828398217","1.4134704843274608","0.004581421857076238","0.005436424939721003","218.27284873482006","183.94441403826684"
"leave ASAP","26","Atlantic Avenue","street","complete color set","1","3","410","110","0.027072038246359585","2.977924207099554","3.533676210818652","0.007263229773413547","0.008618722465411347","137.67979689427113","116.02647654721446"
"leave ASAP","26","Atlantic Avenue","street","complete color set","2","3","560","330","0.027072038246359585","8.933772621298663","10.601028632455957","0.015953165395176185","0.01893040827224278","62.6834847648714","52.825062493040726"
"leave ASAP","26","Atlantic Avenue","street","complete color set","3","3","710","800","0.027072038246359585","21.657630597087667","25.69946335140838","0.03050370506632066","0.03619642725550476","32.78290285805663","27.627036031516614"
"leave ASAP","26","Atlantic Avenue","street","complete color set","4","3","860","975","0.027072038246359585","26.395237290200594","31.32122095952896","0.03069213638395418","0.036420024371545304","32.581635487674916","27.457422592536556"
"leave ASAP","26","Atlantic Avenue","street","hotel with color set","5","3","1010","1150","0.027072038246359585","31.132843983313524","36.94297856764955","0.030824598003280718","0.03657720650262331","32.44162340393111","27.33943063498521"
"leave ASAP","27","Ventnor Avenue","street","unimproved without color set","0","1","260","22","0.026788576944276343","0.5893486927740795","0.699335278771658","0.0022667257414387674","0.0026897510721986847","441.1649727704889","371.78161590342614"
"leave ASAP","27","Ventnor Avenue","street","complete color set","0","3","260","44","0.026788576944276343","1.178697385548159","1.398670557543316","0.004533451482877535","0.0053795021443973695","220.58248638524444","185.89080795171307"
"leave ASAP","27","Ventnor Avenue","street","complete color set","1","3","410","110","0.026788576944276343","2.9467434638703978","3.49667639385829","0.0071871791801717015","0.008528479009410462","139.13664525838493","117.25420193877287"
"leave ASAP","27","Ventnor Avenue","street","complete color set","2","3","560","330","0.026788576944276343","8.840230391611193","10.49002918157487","0.0157861256993057","0.018732194967097982","63.346765320890704","53.38402689895349"
"leave ASAP","27","Ventnor Avenue","street","complete color set","3","3","710","800","0.026788576944276343","21.430861555421075","25.430373773514837","0.030184312049888837","0.0358174278500209","33.129792666706905","27.919369425055365"
"leave ASAP","27","Ventnor Avenue","street","complete color set","4","3","860","975","0.026788576944276343","26.118862520669435","30.993268036471207","0.030370770372871437","0.03603868376333861","32.92639560085858","27.747961234291214"
"leave ASAP","27","Ventnor Avenue","street","hotel with color set","5","3","1010","1150","0.026788576944276343","30.806863485917795","36.55616229942758","0.030501845035562174","0.03619422009844314","32.78490198983365","27.62872075375963"
"leave ASAP","28","Water Works","utility","1 utility owned","","1","150","28","0.028074183829090747","0.8594394528277476","1.0198314456278177","0.005729596352184984","0.006798876304185451","174.5323646784733","147.083128925936"
"leave ASAP","28","Water Works","utility","2 utilities owned","","2","150","70","0.028074183829090747","1.9651928680363522","2.331944940336214","0.013101285786909014","0.015546299602241425","76.32838610384438","64.3239887037699"
"leave ASAP","29","Marvin Gardens","street","unimproved without color set","0","1","280","24","0.025860488874876554","0.6206517329970374","0.7364802162749204","0.002216613332132276","0.0026302864866961442","451.1386742576558","380.1867230273011"
"leave ASAP","29","Marvin Gardens","street","complete color set","0","3","280","48","0.025860488874876554","1.2413034659940747","1.4729604325498409","0.004433226664264552","0.0052605729733922885","225.5693371288279","190.09336151365056"
"leave ASAP","29","Marvin Gardens","street","complete color set","1","3","430","120","0.025860488874876554","3.1032586649851863","3.6824010813746018","0.00721688061624462","0.008563723445057214","138.56402137913716","116.77163635838535"
"leave ASAP","29","Marvin Gardens","street","complete color set","2","3","580","360","0.025860488874876554","9.30977599495556","11.047203244123807","0.01605133792233717","0.019046902145041046","62.30010263558104","52.50197603710348"
"leave ASAP","29","Marvin Gardens","street","complete color set","3","3","730","850","0.025860488874876554","21.98141554364507","26.083674326403433","0.030111528141979548","0.03573106072110059","33.20987215543752","27.98685456906855"
"leave ASAP","29","Marvin Gardens","street","complete color set","4","3","880","1025","0.025860488874876554","26.507001096748468","31.453842570074727","0.030121592155395987","0.03574300292053946","33.198776307741085","27.97750379908223"
"leave ASAP","29","Marvin Gardens","street","hotel with color set","5","3","1030","1200","0.025860488874876554","31.032586649851865","36.82401081374602","0.0301287249027688","0.03575146680946216","33.190916748956106","27.970880337008584"
"leave ASAP","31","Pacific Avenue","street","unimproved without color set","0","1","300","26","0.026773704752817384","0.6961163235732519","0.8260283074730065","0.002320387745244173","0.0027534276915766884","430.96245532652154","363.18367940411486"
"leave ASAP","31","Pacific Avenue","street","complete color set","0","3","300","52","0.026773704752817384","1.3922326471465039","1.652056614946013","0.004640775490488346","0.005506855383153377","215.48122766326077","181.59183970205743"
"leave ASAP","31","Pacific Avenue","street","complete color set","1","3","500","130","0.026773704752817384","3.48058161786626","4.1301415373650325","0.00696116323573252","0.008260283074730064","143.65415177550716","121.06122646803829"
"leave ASAP","31","Pacific Avenue","street","complete color set","2","3","700","390","0.026773704752817384","10.44174485359878","12.390424612095098","0.01491677836228397","0.01770060658870728","67.03860416190335","56.49523901841786"
"leave ASAP","31","Pacific Avenue","street","complete color set","3","3","900","900","0.026773704752817384","24.096334277535647","28.593287566373306","0.026773704752817384","0.031770319518192564","37.350079461631864","31.47591888168995"
"leave ASAP","31","Pacific Avenue","street","complete color set","4","3","1100","1100","0.026773704752817384","29.45107522809912","34.94735147001182","0.026773704752817384","0.031770319518192564","37.350079461631864","31.47591888168995"
"leave ASAP","31","Pacific Avenue","street","hotel with color set","5","3","1300","1275","0.026773704752817384","34.136473559842166","40.507157385695514","0.026258825815263204","0.031159351835150395","38.08243396087955","32.09309376172309"
"leave ASAP","32","North Carolina Avenue","street","unimproved without color set","0","1","300","26","0.026251730101095373","0.6825449826284797","0.809924229158616","0.0022751499420949326","0.0026997474305287196","439.5314706507701","370.4050196296175"
"leave ASAP","32","North Carolina Avenue","street","complete color set","0","3","300","52","0.026251730101095373","1.3650899652569595","1.619848458317232","0.004550299884189865","0.005399494861057439","219.76573532538504","185.20250981480876"
"leave ASAP","32","North Carolina Avenue","street","complete color set","1","3","500","130","0.026251730101095373","3.4127249131423985","4.049621145793079","0.006825449826284797","0.008099242291586158","146.51049021692336","123.4683398765392"
"leave ASAP","32","North Carolina Avenue","street","complete color set","2","3","700","390","0.026251730101095373","10.238174739427196","12.148863437379239","0.014625963913467422","0.017355519196256056","68.3715621012309","57.61855860905162"
"leave ASAP","32","North Carolina Avenue","street","complete color set","3","3","900","900","0.026251730101095373","23.626557090985834","28.035838701644394","0.026251730101095373","0.031150931890715994","38.09272745640008","32.10176836790019"
"leave ASAP","32","North Carolina Avenue","street","complete color set","4","3","1100","1100","0.026251730101095373","28.87690311120491","34.266025079787596","0.026251730101095373","0.031150931890715997","38.09272745640008","32.10176836790019"
"leave ASAP","32","North Carolina Avenue","street","hotel with color set","5","3","1300","1275","0.026251730101095373","33.4709558788966","39.7174381606629","0.02574688913761277","0.030551875508202233","38.83964368103537","32.73121480648646"
"leave ASAP","34","Pennsylvania Avenue","street","unimproved without color set","0","1","320","28","0.025006280074660565","0.7001758420904958","0.8308454294056477","0.0021880495065327993","0.002596391966892649","457.02805033173496","385.14985901639335"
"leave ASAP","34","Pennsylvania Avenue","street","complete color set","0","3","320","56","0.025006280074660565","1.4003516841809915","1.6616908588112953","0.0043760990130655986","0.005192783933785298","228.51402516586748","192.57492950819667"
"leave ASAP","34","Pennsylvania Avenue","street","complete color set","1","3","520","150","0.025006280074660565","3.7509420111990845","4.450957657530256","0.007213350021536701","0.008559533956788953","138.6318419339596","116.82879056830598"
"leave ASAP","34","Pennsylvania Avenue","street","complete color set","2","3","720","450","0.025006280074660565","11.252826033597254","13.352872972590767","0.015628925046662853","0.018545656906376065","63.98392704644289","53.92098026229507"
"leave ASAP","34","Pennsylvania Avenue","street","complete color set","3","3","920","1000","0.025006280074660565","25.006280074660566","29.673051050201707","0.027180739211587573","0.0322533163589149","36.79075805170466","31.004563650819662"
"leave ASAP","34","Pennsylvania Avenue","street","complete color set","4","3","1120","1200","0.025006280074660565","30.007536089592676","35.60766126024205","0.02679244293713632","0.03179255469664469","37.32395744375835","31.453905153005454"
"leave ASAP","34","Pennsylvania Avenue","street","hotel with color set","5","3","1320","1400","0.025006280074660565","35.008792104524794","41.542271470282394","0.026521812200397572","0.031471417780516965","37.70481415236813","31.774863368852444"
"leave ASAP","35","Short Line Railroad","railroad","1 railroad owned","","1","200","25","0.024326379827060273","0.6081594956765068","0.7216566281747873","0.003040797478382534","0.003608283140873936","328.86109881014556","277.14011372117466"
"leave ASAP","35","Short Line Railroad","railroad","2 railroads owned","","2","200","50","0.024326379827060273","1.2163189913530137","1.4433132563495745","0.006081594956765068","0.007216566281747872","164.43054940507278","138.57005686058733"
"leave ASAP","35","Short Line Railroad","railroad","3 railroads owned","","3","200","100","0.024326379827060273","2.4326379827060274","2.886626512699149","0.012163189913530137","0.014433132563495744","82.21527470253639","69.28502843029366"
"leave ASAP","35","Short Line Railroad","railroad","4 railroads owned","","4","200","200","0.024326379827060273","4.865275965412055","5.773253025398298","0.024326379827060273","0.02886626512699149","41.107637351268195","34.64251421514683"
"leave ASAP","37","Park Place","street","unimproved without color set","0","1","350","35","0.021863976221719438","0.7652391677601803","0.9080511304666703","0.002186397622171944","0.0025944318013333438","457.37334776581525","385.44085047295323"
"leave ASAP","37","Park Place","street","complete color set","0","2","350","70","0.021863976221719438","1.5304783355203606","1.8161022609333406","0.004372795244343888","0.0051888636026666875","228.68667388290763","192.72042523647661"
"leave ASAP","37","Park Place","street","complete color set","1","2","550","175","0.021863976221719438","3.826195838800902","4.540255652333352","0.006956719706910731","0.00825501027696973","143.74590929782764","121.13855300578528"
"leave ASAP","37","Park Place","street","complete color set","2","2","750","500","0.021863976221719438","10.931988110859718","12.972159006666718","0.014575984147812958","0.017296212008888957","68.6060021648723","57.81612757094298"
"leave ASAP","37","Park Place","street","complete color set","3","2","950","1100","0.021863976221719438","24.050373843891382","28.53874981466678","0.025316182993569875","0.03004078927859661","39.500425488865865","33.28807344993687"
"leave ASAP","37","Park Place","street","complete color set","4","2","1150","1300","0.021863976221719438","28.42316908823527","33.727613417333465","0.024715799207161104","0.02932835949333345","40.45994999466827","34.09669061876125"
"leave ASAP","37","Park Place","street","hotel with color set","5","2","1350","1500","0.021863976221719438","32.79596433257916","38.91647702000016","0.0242933069130216","0.028827020014814932","41.16360129892337","34.689676542565785"
"leave ASAP","39","Boardwalk","street","unimproved without color set","0","1","400","50","0.026259633530000846","1.3129816765000424","1.558015514440487","0.003282454191250106","0.0038950387861012175","304.6501007281857","256.73685293412984"
"leave ASAP","39","Boardwalk","street","complete color set","0","2","400","100","0.026259633530000846","2.6259633530000848","3.116031028880974","0.006564908382500212","0.007790077572202435","152.32505036409285","128.36842646706492"
"leave ASAP","39","Boardwalk","street","complete color set","1","2","600","200","0.026259633530000846","5.2519267060001695","6.232062057761948","0.008753211176666949","0.010386770096269914","114.24378777306963","96.2763198502987"
"leave ASAP","39","Boardwalk","street","complete color set","2","2","800","600","0.026259633530000846","15.755780118000509","18.69618617328584","0.019694725147500636","0.023370232716607302","50.775016788030946","42.78947548902165"
"leave ASAP","39","Boardwalk","street","complete color set","3","2","1000","1400","0.026259633530000846","36.76348694200119","43.624434404333634","0.03676348694200118","0.04362443440433363","27.20090185073086","22.922933297690168"
"leave ASAP","39","Boardwalk","street","complete color set","4","2","1200","1700","0.026259633530000846","44.64137700100144","52.97252749097655","0.03720114750083453","0.04414377290914713","26.880891240722267","22.65325172948205"
"leave ASAP","39","Boardwalk","street","hotel with color set","5","2","1400","2000","0.026259633530000846","52.519267060001695","62.32062057761948","0.0375137621857155","0.044514728984013915","26.656883813716245","22.464474631736362"
"stay max","1","Mediterranean Avenue","street","unimproved without color set","0","1","60","2","0.020100287633106402","0.040200575266212804","0.046869704533954525","0.0006700095877702134","0.0007811617422325754","1492.5159553731046","1280.1446178636202"
"stay max","1","Mediterranean Avenue","street","complete color set","0","2","60","4","0.020100287633106402","0.08040115053242561","0.09373940906790905","0.0013400191755404268","0.0015623234844651507","746.2579776865523","640.0723089318101"
"stay max","1","Mediterranean Avenue","street","complete color set","1","2","110","10","0.020100287633106402","0.201002876331064","0.2343485226697726","0.0018272988757369456","0.002130441115179751","547.2558503034717","469.38635988332743"
"stay max","1","Mediterranean Avenue","street","complete color set","2","2","160","30","0.020100287633106402","0.6030086289931921","0.7030455680093178","0.0037688039312074504","0.0043940348000582365","265.3361698441075","227.58126539797692"
"stay max","1","Mediterranean Avenue","street","complete color set","3","2","210","90","0.020100287633106402","1.8090258869795761","2.1091367040279536","0.00861440898561703","0.010043508114418826","116.08457430679702","99.5668036116149"
"stay max","1","Mediterranean Avenue","street","complete color set","4","2","260","160","0.020100287633106402","3.216046021297024","3.7495763627163616","0.012369407774219323","0.014421447548909084","80.8446142493765","69.3411668009461"
"stay max","1","Mediterranean Avenue","street","hotel with color set","5","2","310","250","0.020100287633106402","5.0250719082766","5.858713066744315","0.01620990938153742","0.018899074408852627","61.69065948875499","52.91264420502964"
"stay max","3","Baltic Avenue","street","unimproved without color set","0","1","60","4","0.0203976443525019","0.0815905774100076","0.09512615753973666","0.00135984295683346","0.001585435958995611","735.3790340089029","630.7413392045868"
"stay max","3","Baltic Avenue","street","complete color set","0","2","60","8","0.0203976443525019","0.1631811548200152","0.19025231507947332","0.00271968591366692","0.003170871917991222","367.68951700445143","315.3706696022934"
"stay max","3","Baltic Avenue","street","complete color set","1","2","110","20","0.0203976443525019","0.40795288705003796","0.47563078769868333","0.0037086626095458","0.004323916251806212","269.63897913659775","231.27182437501514"
"stay max","3","Baltic Avenue","street","complete color set","2","2","160","60","0.0203976443525019","1.2238586611501139","1.42689236309605","0.007649116632188212","0.008918077269350313","130.73405049047165","112.13179363637097"
"stay max","3","Baltic Avenue","street","complete color set","3","2","210","180","0.0203976443525019","3.671575983450342","4.28067708928815","0.01748369515928734","0.02038417661565786","57.19614708958134","49.0576597159123"
"stay max","3","Baltic Avenue","street","complete color set","4","2","260","320","0.0203976443525019","6.527246192800607","7.610092603178933","0.025104793049233104","0.02926958693530359","39.833031008815574","34.16515587358178"
"stay max","3","Baltic Avenue","street","hotel with color set","5","2","310","450","0.0203976443525019","9.178939958625854","10.701692723220374","0.029609483737502756","0.03452158942974314","33.77296304337184","28.96738002272917"
"stay max","5","Reading Railroad","railroad","1 railroad owned","","1","200","25","0.0280496003556905","0.7693604621673045","0.8969945654532757","0.003846802310836522","0.004484972827266379","259.9561711770265","222.96679121900206"
"stay max","5","Reading Railroad","railroad","2 railroads owned","","2","200","50","0.0280496003556905","1.538720924334609","1.7939891309065514","0.007693604621673044","0.008969945654532758","129.97808558851324","111.48339560950103"
"stay max","5","Reading Railroad","railroad","3 railroads owned","","3","200","100","0.0280496003556905","3.077441848669218","3.587978261813103","0.015387209243346089","0.017939891309065516","64.98904279425662","55.741697804750515"
"stay max","5","Reading Railroad","railroad","4 railroads owned","","4","200","200","0.0280496003556905","6.154883697338436","7.175956523626206","0.030774418486692177","0.03587978261813103","32.49452139712831","27.870848902375258"
"stay max","6","Oriental Avenue","street","unimproved without color set","0","1","100","6","0.02134574265848863","0.12807445595093178","0.1493215425156441","0.001280744559509318","0.001493215425156441","780.7958211301109","669.6957338859743"
"stay max","6","Oriental Avenue","street","complete color set","0","3","100","12","0.02134574265848863","0.25614891190186356","0.2986430850312882","0.002561489119018636","0.002986430850312882","390.39791056505544","334.84786694298714"
"stay max","6","Oriental Avenue","street","complete color set","1","3","150","30","0.02134574265848863","0.6403722797546588","0.7466077125782205","0.004269148531697725","0.004977384750521469","234.2387463390333","200.90872016579232"
"stay max","6","Oriental Avenue","street","complete color set","2","3","200","90","0.02134574265848863","1.9211168392639766","2.2398231377346614","0.009605584196319883","0.011199115688673307","104.1061094840148","89.29276451812993"
"stay max","6","Oriental Avenue","street","complete color set","3","3","250","270","0.02134574265848863","5.76335051779193","6.719469413203985","0.02305340207116772","0.026877877652815938","43.3775456183395","37.2053185492208"
"stay max","6","Oriental Avenue","street","complete color set","4","3","300","400","0.02134574265848863","8.538297063395452","9.954769501042941","0.028460990211318173","0.03318256500347647","35.135811950854986","30.136308024868843"
"stay max","6","Oriental Avenue","street","hotel with color set","5","3","350","550","0.02134574265848863","11.740158462168745","13.68780806393404","0.0335433098919107","0.03910802303981154","29.81220407951333","25.57020074837357"
"stay max","8","Vermont Avenue","street","unimproved without color set","0","1","100","6","0.021903430392911448","0.13142058235746867","0.15322277912654053","0.0013142058235746867","0.0015322277912654053","760.9158185587432","652.6444734265916"
"stay max","8","Vermont Avenue","street","complete color set","0","3","100","12","0.021903430392911448","0.26284116471493735","0.30644555825308106","0.0026284116471493734","0.0030644555825308107","380.4579092793716","326.3222367132958"
"stay max","8","Vermont Avenue","street","complete color set","1","3","150","30","0.021903430392911448","0.6571029117873435","0.7661138956327028","0.00438068607858229","0.005107425970884686","228.27474556762292","195.79334202797745"
"stay max","8","Vermont Avenue","street","complete color set","2","3","200","90","0.021903430392911448","1.9713087353620302","2.2983416868981084","0.009856543676810152","0.011491708434490542","101.45544247449908","87.01926312354554"
"stay max","8","Vermont Avenue","street","complete color set","3","3","250","270","0.021903430392911448","5.913926206086091","6.8950250606943255","0.023655704824344367","0.0275801002427773","42.27310103104128","36.2580263014773"
"stay max","8","Vermont Avenue","street","complete color set","4","3","300","400","0.021903430392911448","8.76137215716458","10.214851941769371","0.029204573857215265","0.03404950647256457","34.24121183514344","29.369001304196615"
"stay max","8","Vermont Avenue","street","hotel with color set","5","3","350","550","0.021903430392911448","12.046886716101296","14.045421419932884","0.03441967633171799","0.040129775485522524","29.053149435879284","24.919152621742587"
"stay max","9","Connecticut Avenue","street","unimproved without color set","0","1","120","8","0.021711771211689643","0.17369416969351714","0.2025094008952636","0.0014474514141126428","0.0016875783407938633","690.8694759976092","592.5650832479779"
"stay max","9","Connecticut Avenue","street","complete color set","0","3","120","16","0.021711771211689643","0.3473883393870343","0.4050188017905272","0.0028949028282252856","0.0033751566815877266","345.4347379988046","296.28254162398895"
"stay max","9","Connecticut Avenue","street","complete color set","1","3","170","40","0.021711771211689643","0.8684708484675857","1.012547004476318","0.005108652049809328","0.005956158849860694","195.74635153265595","167.89344025359372"
"stay max","9","Connecticut Avenue","street","complete color set","2","3","220","100","0.021711771211689643","2.1711771211689643","2.531367511190795","0.009868986914404384","0.011506215959958158","101.32752314631601","86.90954554303676"
"stay max","9","Connecticut Avenue","street","complete color set","3","3","270","300","0.021711771211689643","6.5135313635068925","7.594102533572384","0.024124190235210712","0.02812630567989772","41.45216855985655","35.55390499487868"
"stay max","9","Connecticut Avenue","street","complete color set","4","3","320","450","0.021711771211689643","9.770297045260339","11.391153800358577","0.03053217826643856","0.035597355626120555","32.75233071396073","28.091974316941176"
"stay max","9","Connecticut Avenue","street","hotel with color set","5","3","370","600","0.021711771211689643","13.027062727013785","15.188205067144768","0.035208277640577795","0.041049202884175046","28.402411791012824","24.36100897797243"
"stay max","11","St. Charles Place","street","unimproved without color set","0","1","140","10","0.025595521243550332","0.25595521243550334","0.29841725152774834","0.0018282515173964524","0.002131551796626774","546.9706933015782","469.1417781085692"
"stay max","11","St. Charles Place","street","complete color set","0","3","140","20","0.025595521243550332","0.5119104248710067","0.5968345030554967","0.003656503034792905","0.004263103593253548","273.4853466507891","234.5708890542846"
"stay max","11","St. Charles Place","street","complete color set","1","3","240","50","0.025595521243550332","1.2797760621775167","1.4920862576387415","0.005332400259072986","0.006217026073494756","187.53280913196969","160.84860963722375"
"stay max","11","St. Charles Place","street","complete color set","2","3","340","150","0.025595521243550332","3.83932818653255","4.476258772916225","0.011292141725095736","0.013165466979165368","88.55715986787457","75.95628788424455"
"stay max","11","St. Charles Place","street","complete color set","3","3","440","450","0.025595521243550332","11.51798455959765","13.428776318748675","0.026177237635449206","0.03051994617897426","38.201127786141974","32.76545751869372"
"stay max","11","St. Charles Place","street","complete color set","4","3","540","625","0.025595521243550332","15.997200777218957","18.65107822048427","0.02962444588373881","0.03453903374163753","33.755905643754545","28.952749734700276"
"stay max","11","St. Charles Place","street","hotel with color set","5","3","640","750","0.025595521243550332","19.19664093266275","22.38129386458112","0.029994751457285546","0.034970771663408","33.33916606790572","28.595308379950893"
"stay max","12","Electric Company","utility","1 utility owned","","1","150","28","0.026154825106106103","0.8467016653126003","0.9871663929884708","0.005644677768750669","0.006581109286589805","177.1580311521182","151.95006745104203"
"stay max","12","Electric Company","utility","2 utilities owned","","2","150","70","0.026154825106106103","1.8308377574274273","2.1345670844753424","0.012205585049516183","0.014230447229835616","81.92970643710676","70.27186031816314"
"stay max","13","States Avenue","street","unimproved without color set","0","1","140","10","0.02176000258759027","0.2176000258759027","0.2536990789770165","0.0015542858991135905","0.0018121362784072606","643.382276433377","551.834876833286"
"stay max","13","States Avenue","street","complete color set","0","3","140","20","0.02176000258759027","0.4352000517518054","0.507398157954033","0.003108571798227181","0.003624272556814521","321.6911382166885","275.917438416643"
"stay max","13","States Avenue","street","complete color set","1","3","240","50","0.02176000258759027","1.0880001293795134","1.2684953948850823","0.004533333872414639","0.005285397478687843","220.5882090628721","189.2005291999838"
"stay max","13","States Avenue","street","complete color set","2","3","340","150","0.02176000258759027","3.26400038813854","3.8054861846552472","0.009600001141583941","0.01119260642545661","104.16665427968961","89.34469434443679"
"stay max","13","States Avenue","street","complete color set","3","3","440","450","0.02176000258759027","9.792001164415622","11.416458553965743","0.022254548100944595","0.025946496713558507","44.93463517947394","38.540848540737436"
"stay max","13","States Avenue","street","complete color set","4","3","540","625","0.02176000258759027","13.600001617243917","15.856192436063528","0.02518518818008133","0.029363319326043573","39.70587763131698","34.056095255997086"
"stay max","13","States Avenue","street","hotel with color set","5","3","640","750","0.02176000258759027","16.320001940692702","19.02743092327624","0.025500003032332345","0.029730360817619123","39.21568161117726","33.63564963555267"
"stay max","14","Virginia Avenue","street","unimproved without color set","0","1","160","12","0.024252704185338977","0.2910324502240677","0.3393136755249206","0.0018189528139004232","0.0021207104720307535","549.7668726522248","471.5400867721553"
"stay max","14","Virginia Avenue","street","complete color set","0","3","160","24","0.024252704185338977","0.5820649004481354","0.6786273510498412","0.0036379056278008463","0.004241420944061507","274.8834363261124","235.77004338607765"
"stay max","14","Virginia Avenue","street","complete color set","1","3","260","60","0.024252704185338977","1.4551622511203386","1.696568377624603","0.005596777888924379","0.0065252629908638575","178.67423361197308","153.25052820095047"
"stay max","14","Virginia Avenue","street","complete color set","2","3","360","180","0.024252704185338977","4.365486753361016","5.089705132873809","0.012126352092669488","0.01413806981353836","82.46503089783373","70.7310130158233"
"stay max","14","Virginia Avenue","street","complete color set","3","3","460","500","0.024252704185338977","12.126352092669489","14.13806981353836","0.026361634984064106","0.030734934377257304","37.93391421300351","32.53626598727871"
"stay max","14","Virginia Avenue","street","complete color set","4","3","560","700","0.024252704185338977","16.976892929737282","19.7932977389537","0.03031588023167372","0.03534517453384589","32.98601235913349","28.292405206329317"
"stay max","14","Virginia Avenue","street","hotel with color set","5","3","660","900","0.024252704185338977","21.82743376680508","25.448525664369047","0.03307186934364406","0.03855837221874098","30.237177995872365","25.93470477246854"
"stay max","15","Pennsylvania Railroad","railroad","1 railroad owned","","1","200","25","0.02636572803883625","0.7271734171501851","0.8478088430595251","0.0036358670857509255","0.004239044215297625","275.03755676851625","235.90223390245754"
"stay max","15","Pennsylvania Railroad","railroad","2 railroads owned","","2","200","50","0.02636572803883625","1.4543468343003703","1.6956176861190502","0.007271734171501851","0.00847808843059525","137.51877838425813","117.95111695122877"
"stay max","15","Pennsylvania Railroad","railroad","3 railroads owned","","3","200","100","0.02636572803883625","2.9086936686007405","3.3912353722381003","0.014543468343003702","0.0169561768611905","68.75938919212906","58.975558475614385"
"stay max","15","Pennsylvania Railroad","railroad","4 railroads owned","","4","200","200","0.02636572803883625","5.817387337201481","6.782470744476201","0.029086936686007404","0.033912353722381","34.37969459606453","29.487779237807192"
"stay max","16","St. James Place","street","unimproved without color set","0","1","180","14","0.026789186650523482","0.37504861310732873","0.4372678143485169","0.0020836034061518264","0.0024292656352695383","479.93778328807974","411.64703665231133"
"stay max","16","St. James Place","street","complete color set","0","3","180","28","0.026789186650523482","0.7500972262146575","0.8745356286970338","0.004167206812303653","0.0048585312705390765","239.96889164403987","205.82351832615566"
"stay max","16","St. James Place","street","complete color set","1","3","280","70","0.026789186650523482","1.8752430655366437","2.1863390717425846","0.0066972966626308705","0.007808353827652088","149.31397702295814","128.06796695849684"
"stay max","16","St. James Place","street","complete color set","2","3","380","200","0.026789186650523482","5.357837330104696","6.2466830621216705","0.01409957192132815","0.01643863963716229","70.92413908590511","60.832284305286"
"stay max","16","St. James Place","street","complete color set","3","3","480","550","0.026789186650523482","14.734052657787915","17.178378420834594","0.030695943037058155","0.03578828837673874","32.57759498682723","27.94210188185386"
"stay max","16","St. James Place","street","complete color set","4","3","580","750","0.026789186650523482","20.09188998789261","23.425061482956263","0.0346411896342976","0.040388037039579765","28.86736889110524","24.759806945309393"
"stay max","16","St. James Place","street","hotel with color set","5","3","680","950","0.026789186650523482","25.449727317997308","29.671744545077935","0.037426069585290156","0.04363491844864402","26.719343256739876","22.91742566625733"
"stay max","18","Tennessee Avenue","street","unimproved without color set","0","1","180","14","0.02819684076886212","0.3947557707640697","0.4602443178054667","0.0021930876153559427","0.002556912876697037","455.9781346618465","391.09662637069493"
"stay max","18","Tennessee Avenue","street","complete color set","0","3","180","28","0.02819684076886212","0.7895115415281394","0.9204886356109334","0.004386175230711885","0.005113825753394074","227.98906733092326","195.54831318534747"
"stay max","18","Tennessee Avenue","street","complete color set","1","3","280","70","0.02819684076886212","1.9737788538203485","2.3012215890273335","0.00704921019221553","0.008218648532240478","141.85986411701893","121.67450598199399"
"stay max","18","Tennessee Avenue","street","complete color set","2","3","380","200","0.02819684076886212","5.639368153772424","6.574918825792381","0.014840442509927432","0.01730241796261153","67.38343545558399","57.795390341447145"
"stay max","18","Tennessee Avenue","street","complete color set","3","3","480","550","0.02819684076886212","15.508262422874166","18.081026770929046","0.03230888004765451","0.03766880577276885","30.951243080076857","26.547164941525963"
"stay max","18","Tennessee Avenue","street","complete color set","4","3","580","750","0.02819684076886212","21.14763057664659","24.65594559672143","0.03646143202870102","0.042510251028830055","27.42624039595699","23.523737823185503"
"stay max","18","Tennessee Avenue","street","hotel with color set","5","3","680","950","0.02819684076886212","26.786998730419015","31.23086442251381","0.03939264519179267","0.04592774179781443","25.38544936830865","21.77333264940945"
"stay max","19","New York Avenue","street","unimproved without color set","0","1","200","16","0.02811562219246808","0.44984995507948927","0.5244784269768655","0.0022492497753974464","0.0026223921348843275","444.59268638730805","381.33122300723704"
"stay max","19","New York Avenue","street","complete color set","0","3","200","32","0.02811562219246808","0.8996999101589785","1.048956853953731","0.004498499550794893","0.005244784269768655","222.29634319365402","190.66561150361852"
"stay max","19","New York Avenue","street","complete color set","1","3","300","80","0.02811562219246808","2.2492497753974465","2.6223921348843278","0.0074974992513248215","0.008741307116281093","133.37780591619241","114.39936690217111"
"stay max","19","New York Avenue","street","complete color set","2","3","400","220","0.02811562219246808","6.1854368823429775","7.211578370931901","0.015463592205857444","0.018028945927329752","64.66802711088117","55.46635971014357"
"stay max","19","New York Avenue","street","complete color set","3","3","500","600","0.02811562219246808","16.869373315480846","19.667941011632454","0.03373874663096169","0.039335882023264906","29.63951242582054","25.422081533815806"
"stay max","19","New York Avenue","street","complete color set","4","3","600","800","0.02811562219246808","22.492497753974465","26.223921348843277","0.037487496256624106","0.04370653558140546","26.675561183238482","22.879873380434223"
"stay max","19","New York Avenue","street","hotel with color set","5","3","700","1000","0.02811562219246808","28.11562219246808","32.779901686054096","0.04016517456066869","0.04682843098007728","24.89719043768925","21.354548488405275"
"stay max","21","Kentucky Avenue","street","unimproved without color set","0","1","220","18","0.026142143168788004","0.47055857703818404","0.5486225340221482","0.0021389026229008366","0.0024937387910097648","467.5294654806554","401.0043087131351"
"stay max","21","Kentucky Avenue","street","complete color set","0","3","220","36","0.026142143168788004","0.9411171540763681","1.0972450680442964","0.004277805245801673","0.0049874775820195295","233.7647327403277","200.50215435656756"
"stay max","21","Kentucky Avenue","street","complete color set","1","3","370","90","0.026142143168788004","2.3527928851909206","2.7431126701107416","0.006358899689705191","0.007413818027326329","157.25991111622042","134.88326747623634"
"stay max","21","Kentucky Avenue","street","complete color set","2","3","520","250","0.026142143168788004","6.535535792197001","7.619757416974281","0.01256833806191731","0.014653379648027463","79.56501448907154","68.24364235554445"
"stay max","21","Kentucky Avenue","street","complete color set","3","3","670","700","0.026142143168788004","18.299500218151604","21.33532076752799","0.027312686892763588","0.03184376233959401","36.613021777251326","31.40332443558707"
"stay max","21","Kentucky Avenue","street","complete color set","4","3","820","875","0.026142143168788004","22.8743752726895","26.669150959409983","0.027895579600840856","0.03252335482854876","35.84797356101026","30.747135566783765"
"stay max","21","Kentucky Avenue","street","hotel with color set","5","3","970","1050","0.026142143168788004","27.449250327227404","32.002981151291976","0.0282981962136365","0.03299276407349688","35.33794141684954","30.309676320914893"
"stay max","23","Indiana Avenue","street","unimproved without color set","0","1","220","18","0.02567279322009348","0.46211027796168264","0.5387726928467932","0.0021005012634621937","0.0024489667856672417","476.07683813135617","408.3354685953985"
"stay max","23","Indiana Avenue","street","complete color set","0","3","220","36","0.02567279322009348","0.9242205559233653","1.0775453856935864","0.0042010025269243875","0.004897933571334483","238.03841906567808","204.16773429769924"
"stay max","23","Indiana Avenue","street","complete color set","1","3","370","90","0.02567279322009348","2.3105513898084133","2.693863464233966","0.006244733485968685","0.007280712065497205","160.13493646236526","137.34920307299768"
"stay max","23","Indiana Avenue","street","complete color set","2","3","520","250","0.02567279322009348","6.41819830502337","7.482954067316572","0.012342689048121866","0.0143902962833011","81.01962190744534","69.49127247368963"
"stay max","23","Indiana Avenue","street","complete color set","3","3","670","700","0.02567279322009348","17.970955254065437","20.952271388486402","0.026822321274724534","0.03127204684848717","37.28238096015685","31.977439943250037"
"stay max","23","Indiana Avenue","street","complete color set","4","3","820","875","0.02567279322009348","22.463694067581795","26.190339235608","0.027394748862904626","0.031939438092204876","36.503346134123724","31.309254631003025"
"stay max","23","Indiana Avenue","street","hotel with color set","5","3","970","1050","0.02567279322009348","26.956432881098156","31.428407082729603","0.02779013699082284","0.03240041967291712","35.98398958343497","30.863797756171678"
"stay max","24","Illinois Avenue","street","unimproved without color set","0","1","240","20","0.029954920405779073","0.5990984081155815","0.698486655705639","0.0024962433671482562","0.002910361065440162","400.60196580208213","343.5999786675129"
"stay max","24","Illinois Avenue","street","complete color set","0","3","240","40","0.029954920405779073","1.198196816231163","1.396973311411278","0.0049924867342965125","0.005820722130880324","200.30098290104107","171.79998933375646"
"stay max","24","Illinois Avenue","street","complete color set","1","3","390","100","0.029954920405779073","2.9954920405779073","3.4924332785281944","0.007680748821994634","0.008954957124431267","130.1956388856767","111.66999306694171"
"stay max","24","Illinois Avenue","street","complete color set","2","3","540","300","0.029954920405779073","8.986476121733721","10.477299835584583","0.01664162244765504","0.019402407102934414","60.09029487031232","51.53999680012694"
"stay max","24","Illinois Avenue","street","complete color set","3","3","690","750","0.029954920405779073","22.466190304334305","26.193249588961457","0.032559696093238125","0.03796123128834994","30.71281737815963","26.342665031175997"
"stay max","24","Illinois Avenue","street","complete color set","4","3","840","925","0.029954920405779073","27.70830137534564","32.3050078263858","0.03298607306588767","0.03845834265045928","30.315824439076486","26.002160547811794"
"stay max","24","Illinois Avenue","street","hotel with color set","5","3","990","1100","0.029954920405779073","32.95041244635698","38.41676606381014","0.03328324489531008","0.03880481420586882","30.04514743515616","25.769998400063475"
"stay max","25","B. & O. Railroad","railroad","1 railroad owned","","1","200","25","0.028928474098033164","0.8102913091874149","0.944715691169838","0.004051456545937074","0.00472357845584919","246.82481193160788","211.70390400983044"
"stay max","25","B. & O. Railroad","railroad","2 railroads owned","","2","200","50","0.028928474098033164","1.6205826183748298","1.889431382339676","0.008102913091874149","0.00944715691169838","123.41240596580394","105.85195200491522"
"stay max","25","B. & O. Railroad","railroad","3 railroads owned","","3","200","100","0.028928474098033164","3.2411652367496595","3.778862764679352","0.016205826183748297","0.01889431382339676","61.70620298290197","52.92597600245761"
"stay max","25","B. & O. Railroad","railroad","4 railroads owned","","4","200","200","0.028928474098033164","6.482330473499319","7.557725529358704","0.032411652367496595","0.03778862764679352","30.853101491450985","26.462988001228805"
"stay max","26","Atlantic Avenue","street","unimproved without color set","0","1","260","22","0.025400841080186986","0.5588185037641137","0.6515244616796254","0.0021493019375542835","0.0025058633141524056","465.2673421668768","399.0640648084369"
"stay max","26","Atlantic Avenue","street","complete color set","0","3","260","44","0.025400841080186986","1.1176370075282274","1.3030489233592508","0.004298603875108567","0.005011726628304811","232.6336710834384","199.53203240421846"
"stay max","26","Atlantic Avenue","street","complete color set","1","3","410","110","0.025400841080186986","2.7940925188205683","3.257622308398127","0.006814859802001386","0.007945420264385676","146.73816176032267","125.8586665934301"
"stay max","26","Atlantic Avenue","street","complete color set","2","3","560","330","0.025400841080186986","8.382277556461705","9.772866925194382","0.014968352779395903","0.017451548080704253","66.80761836242333","57.30150674172427"
"stay max","26","Atlantic Avenue","street","complete color set","3","3","710","800","0.025400841080186986","20.32067286414959","23.691798606531833","0.02862066600584449","0.03336873043173497","34.93978790695488","29.968176405325888"
"stay max","26","Atlantic Avenue","street","complete color set","4","3","860","975","0.025400841080186986","24.76582005318231","28.87437955171067","0.028797465178118965","0.033574859943849615","34.725278555413446","29.78418976795119"
"stay max","26","Atlantic Avenue","street","hotel with color set","5","3","1010","1150","0.025400841080186986","29.210967242215034","34.05696049688951","0.02892174974476736","0.03371976286820744","34.57605465868897","29.65619906369053"
"stay max","27","Ventnor Avenue","street","unimproved without color set","0","1","260","22","0.02519201375861856","0.5542243026896083","0.6461680993513326","0.0021316319334215707","0.0024852619205820484","469.12414114328766","402.3720766484846"
"stay max","27","Ventnor Avenue","street","complete color set","0","3","260","44","0.02519201375861856","1.1084486053792166","1.2923361987026651","0.004263263866843141","0.004970523841164097","234.56207057164383","201.1860383242423"
"stay max","27","Ventnor Avenue","street","complete color set","1","3","410","110","0.02519201375861856","2.7711215134480414","3.2308404967566626","0.006758832959629369","0.007880098772577226","147.95453682211382","126.90196263529131"
"stay max","27","Ventnor Avenue","street","complete color set","2","3","560","330","0.02519201375861856","8.313364540344125","9.69252149026999","0.01484529382204308","0.01730807408976784","67.36141513852336","57.77650331362855"
"stay max","27","Ventnor Avenue","street","complete color set","3","3","710","800","0.02519201375861856","20.15361100689485","23.497021794593913","0.028385367615344857","0.033094396893794245","35.22941867624112","30.216595371391005"
"stay max","27","Ventnor Avenue","street","complete color set","4","3","860","975","0.02519201375861856","24.562213414653094","28.63699531216133","0.028560713272852433","0.033298831758327124","35.013131165408296","30.03108359049045"
"stay max","27","Ventnor Avenue","street","hotel with color set","5","3","1010","1150","0.02519201375861856","28.970815822411343","33.776968829728744","0.028683976061793407","0.03344254339577103","34.8626702883072","29.902031916820498"
"stay max","28","Water Works","utility","1 utility owned","","1","150","28","0.02654752202094439","0.8164773602451749","0.9519279856056556","0.0054431824016344995","0.006346186570704371","183.71605546411897","157.57494502545154"
"stay max","28","Water Works","utility","2 utilities owned","","2","150","70","0.02654752202094439","1.8583265414661072","2.1666161578370726","0.012388843609774047","0.014444107718913817","80.71778379792126","69.23238315998927"
"stay max","29","Marvin Gardens","street","unimproved without color set","0","1","280","24","0.02438722406332153","0.5852933775197168","0.6823914207288849","0.0020903334911418457","0.002437112216888875","478.39256474513525","410.32168854192616"
"stay max","29","Marvin Gardens","street","complete color set","0","3","280","48","0.02438722406332153","1.1705867550394335","1.3647828414577698","0.0041806669822836914","0.00487422443377775","239.19628237256762","205.16084427096308"
"stay max","29","Marvin Gardens","street","complete color set","1","3","430","120","0.02438722406332153","2.9264668875985835","3.4119571036444243","0.006805736947903682","0.007934783961963777","146.93485917172012","126.02737576644876"
"stay max","29","Marvin Gardens","street","complete color set","2","3","580","360","0.02438722406332153","8.779400662795751","10.235871310933273","0.015136897694475434","0.017648053984367713","66.06373513147106","56.66347127483742"
"stay max","29","Marvin Gardens","street","complete color set","3","3","730","850","0.02438722406332153","20.7291404538233","24.168029484148004","0.028396082813456576","0.03310688970431233","35.2161249341797","30.20519320695188"
"stay max","29","Marvin Gardens","street","complete color set","4","3","880","1025","0.02438722406332153","24.99690466490457","29.143800260296125","0.028405573482846103","0.0331179548412456","35.2043587714887","30.195101261343137"
"stay max","29","Marvin Gardens","street","hotel with color set","5","3","1030","1200","0.02438722406332153","29.264668875985837","34.11957103644424","0.0284122998795979","0.0331257971227614","35.19602440624924","30.187952799870285"
"stay max","31","Pacific Avenue","street","unimproved without color set","0","1","300","26","0.025249150999753965","0.6564779259936031","0.7653852269682235","0.0021882597533120106","0.0025512840898940783","456.98413933102034","391.95948579819543"
"stay max","31","Pacific Avenue","street","complete color set","0","3","300","52","0.025249150999753965","1.3129558519872062","1.530770453936447","0.004376519506624021","0.005102568179788157","228.49206966551017","195.97974289909772"
"stay max","31","Pacific Avenue","street","complete color set","1","3","500","130","0.025249150999753965","3.2823896299680153","3.8269261348411177","0.006564779259936031","0.007653852269682235","152.32804644367346","130.65316193273182"
"stay max","31","Pacific Avenue","street","complete color set","2","3","700","390","0.025249150999753965","9.847168889904047","11.480778404523354","0.014067384128434354","0.016401112006461934","71.08642167371427","60.97147556860817"
"stay max","31","Pacific Avenue","street","complete color set","3","3","900","900","0.025249150999753965","22.72423589977857","26.49410401043851","0.025249150999753965","0.029437893344931677","39.605292075355095","33.96982210251027"
"stay max","31","Pacific Avenue","street","complete color set","4","3","1100","1100","0.025249150999753965","27.77406609972936","32.38168267942484","0.025249150999753965","0.029437893344931673","39.6052920753551","33.96982210251027"
"stay max","31","Pacific Avenue","street","hotel with color set","5","3","1300","1275","0.025249150999753965","32.19266752468631","37.533314014787884","0.024763590403604853","0.028871780011375296","40.38186642977382","34.63589704569675"
"stay max","32","North Carolina Avenue","street","unimproved without color set","0","1","300","26","0.024769213909871777","0.6439995616566662","0.7508367473590071","0.0021466652055222206","0.002502789157863357","465.8388263933916","399.5542320687152"
"stay max","32","North Carolina Avenue","street","complete color set","0","3","300","52","0.024769213909871777","1.2879991233133323","1.5016734947180141","0.004293330411044441","0.005005578315726714","232.9194131966958","199.7771160343576"
"stay max","32","North Carolina Avenue","street","complete color set","1","3","500","130","0.024769213909871777","3.219997808283331","3.754183736795036","0.006439995616566662","0.007508367473590072","155.27960879779718","133.18474402290505"
"stay max","32","North Carolina Avenue","street","complete color set","2","3","700","390","0.024769213909871777","9.659993424849993","11.262551210385107","0.013799990606928563","0.016089358871978723","72.46381743897201","62.15288054402236"
"stay max","32","North Carolina Avenue","street","complete color set","3","3","900","900","0.024769213909871777","22.2922925188846","25.990502793196402","0.02476921390987178","0.02887833643688489","40.37269828742727","34.62803344595531"
"stay max","32","North Carolina Avenue","street","complete color set","4","3","1100","1100","0.024769213909871777","27.246135300858956","31.766170080573378","0.024769213909871777","0.02887833643688489","40.37269828742727","34.62803344595532"
"stay max","32","North Carolina Avenue","street","hotel with color set","5","3","1300","1275","0.024769213909871777","31.580747735086515","36.81987895702823","0.024292882873143472","0.02832298381309864","41.164319822474866","35.307014493915226"
"stay max","34","Pennsylvania Avenue","street","unimproved without color set","0","1","320","28","0.02357635905289837","0.6601380534811544","0.7696525562977696","0.0020629314171286073","0.00240516423843053","484.74708935884024","415.77202255948293"
"stay max","34","Pennsylvania Avenue","street","complete color set","0","3","320","56","0.02357635905289837","1.3202761069623088","1.5393051125955393","0.004125862834257215","0.00481032847686106","242.37354467942012","207.88601127974147"
"stay max","34","Pennsylvania Avenue","street","complete color set","1","3","520","150","0.02357635905289837","3.5364538579347555","4.123138694452337","0.006800872803720684","0.007929112873946802","147.03995043884822","126.11751350970982"
"stay max","34","Pennsylvania Avenue","street","complete color set","2","3","720","450","0.02357635905289837","10.609361573804268","12.369416083357013","0.014735224408061484","0.017179744560218074","67.86459251023763","58.20808315832761"
"stay max","34","Pennsylvania Avenue","street","complete color set","3","3","920","1000","0.02357635905289837","23.576359052898372","27.487591296348917","0.025626477231411274","0.029877816626466214","39.02214069338664","33.469647816038375"
"stay max","34","Pennsylvania Avenue","street","complete color set","4","3","1120","1200","0.02357635905289837","28.291630863478044","32.9851095556187","0.02526038469953397","0.029450990674659554","39.58767896430529","33.954715175691106"
"stay max","34","Pennsylvania Avenue","street","hotel with color set","5","3","1320","1400","0.02357635905289837","33.00690267405772","38.48262781488848","0.025005229298528577","0.02915350592037006","39.99163487210432","34.30119186115734"
"stay max","35","Short Line Railroad","railroad","1 railroad owned","","1","200","25","0.02292474618103958","0.5731186545259894","0.6681969554576793","0.0028655932726299473","0.003340984777288397","348.9678767574133","299.3129471280076"
"stay max","35","Short Line Railroad","railroad","2 railroads owned","","2","200","50","0.02292474618103958","1.1462373090519788","1.3363939109153586","0.005731186545259895","0.006681969554576794","174.48393837870665","149.6564735640038"
"stay max","35","Short Line Railroad","railroad","3 railroads owned","","3","200","100","0.02292474618103958","2.2924746181039577","2.6727878218307173","0.01146237309051979","0.013363939109153587","87.24196918935333","74.8282367820019"
"stay max","35","Short Line Railroad","railroad","4 railroads owned","","4","200","200","0.02292474618103958","4.584949236207915","5.345575643661435","0.02292474618103958","0.026727878218307174","43.62098459467666","37.41411839100095"
"stay max","37","Park Place","street","unimproved without color set","0","1","350","35","0.020616191594829796","0.7215667058190428","0.8412719987044972","0.0020616191594829796","0.0024036342820128492","485.05563959290316","416.03666892393505"
"stay max","37","Park Place","street","complete color set","0","2","350","70","0.020616191594829796","1.4431334116380856","1.6825439974089944","0.004123238318965959","0.0048072685640256985","242.52781979645158","208.01833446196753"
"stay max","37","Park Place","street","complete color set","1","2","550","175","0.020616191594829796","3.607833529095214","4.2063599935224865","0.006559697325627662","0.007647927260949976","152.44605815776956","130.75438166180814"
"stay max","37","Park Place","street","complete color set","2","2","750","500","0.020616191594829796","10.308095797414898","12.018171410064246","0.013744127729886532","0.01602422854675233","72.75834593893546","62.40550033859025"
"stay max","37","Park Place","street","complete color set","3","2","950","1100","0.020616191594829796","22.677810754312777","26.439977102141345","0.02387137974138187","0.02783155484435931","41.89116887393254","35.93043958888529"
"stay max","37","Park Place","street","complete color set","4","2","1150","1300","0.020616191594829796","26.801049073278733","31.24724566616704","0.023305260063720638","0.027171517970580036","42.90876811783374","36.80324378942502"
"stay max","37","Park Place","street","hotel with color set","5","2","1350","1500","0.020616191594829796","30.924287392244693","36.05451423019274","0.022906879549810882","0.026707047577920546","43.65500756336128","37.44330020315415"
"stay max","39","Boardwalk","street","unimproved without color set","0","1","400","50","0.02486120257184875","1.2430601285924376","1.4492792841706956","0.003107650321481094","0.003623198210426739","321.78652568716416","275.99925312455383"
"stay max","39","Boardwalk","street","complete color set","0","2","400","100","0.02486120257184875","2.4861202571848753","2.8985585683413913","0.006215300642962188","0.007246396420853478","160.89326284358208","137.99962656227692"
"stay max","39","Boardwalk","street","complete color set","1","2","600","200","0.02486120257184875","4.972240514369751","5.7971171366827825","0.008287067523949584","0.009661861894471303","120.66994713268656","103.49971992170768"
"stay max","39","Boardwalk","street","complete color set","2","2","800","600","0.02486120257184875","14.91672154310925","17.391351410048348","0.018645901928886564","0.021739189262560434","53.63108761452736","45.99987552075897"
"stay max","39","Boardwalk","street","complete color set","3","2","1000","1400","0.02486120257184875","34.80568360058825","40.57981995677948","0.03480568360058825","0.04057981995677948","28.7309397934968","24.642790457549445"
"stay max","39","Boardwalk","street","complete color set","4","2","1200","1700","0.02486120257184875","42.26404437214288","49.27549566180365","0.03522003697678573","0.041062913051503044","28.39292873710272","24.352875275695926"
"stay max","39","Boardwalk","street","hotel with color set","5","2","1400","2000","0.02486120257184875","49.7224051436975","57.97117136682782","0.035516003674069645","0.041407979547734154","28.156320997626867","24.149934648398464"
