# kind|first grade|canonical named references|original prompt|individual grading reason
fill|5|hilton|Hilton's worst reason to charge a ghost an extra-night fee: ___.|A recognizable hotel treats haunting as a concrete billing dispute.
fill|4|marriott|Marriott's least romantic honeymoon upgrade after an immediate annulment: ___.|A familiar hospitality perk is made absurd by a specific adult reversal.
fill|5|holiday-inn|Holiday Inn's worst sign to hang on the haunted honeymoon suite: ___.|A recognizable budget stay gains a clear supernatural problem and open-ended warning.
fill|4|hyatt|Hyatt's least discreet room-service code for "My date has fled": ___.|A familiar hotel service must label a specific and embarrassing adult failure.
fill|5|hampton-inn|Hampton Inn's worst complimentary breakfast item after a seance: ___.|A recognizable travel perk is contaminated by a coherent supernatural event.
fill|5|motel-6|Motel 6's worst explanation for leaving the light on in the morgue: ___.|A famous reassuring slogan becomes morbid through a concrete service location.
fill|4|ritz-carlton|The Ritz-Carlton's least tasteful luxury upgrade for your bankruptcy stay: ___.|Prestige hospitality collides with an explicitly ruined adult financial situation.
fill|4|super-8|Super 8's worst response to "Why is my room on the police scanner?": ___.|A familiar roadside stay becomes a coherent and alarming public-safety mystery.
fill|5|best-western|Best Western's worst loyalty reward for surviving the same room twice: ___.|A recognizable hotel reward system is linked to a clearly ominous survival record.
fill|4|travelodge|Travelodge's least convincing explanation for your room's trapdoor: ___.|A familiar low-stakes booking becomes a specific and troubling architectural discovery.
fill|5|delta|Delta's worst announcement after accidentally boarding a coffin: ___.|A recognizable airline must explain a concrete and morbid boarding error.
fill|4|united|United's least comforting way to say your honeymoon luggage went to your ex: ___.|A familiar baggage problem becomes a pointed adult relationship humiliation.
fill|5|american-airlines|American Airlines' worst name for the seat beside your divorce lawyer: ___.|A familiar seat product becomes a specific and uncomfortable adult travel arrangement.
fill|4|southwest|Southwest's worst excuse for serving peanuts at a hostage negotiation: ___.|A familiar flight-service habit intrudes absurdly on a clearly dangerous situation.
fill|5|jetblue|JetBlue's least reassuring in-flight movie for a plane full of psychics: ___.|A recognizable entertainment choice acquires clear supernatural stakes.
fill|4|spirit-airlines|Spirit Airlines' most outrageous extra fee for traveling with your own ashes: ___.|A familiar fee complaint is carried into an unmistakably morbid booking request.
fill|5|frontier-airlines|Frontier Airlines' worst animal to paint on a hearse's tail fin: ___.|A recognizable visual branding habit is transferred to a concrete funeral vehicle.
fill|4|alaska-airlines|Alaska Airlines' worst apology for sending your honeymoon to your therapist: ___.|A familiar routing failure exposes a specific and embarrassing adult emotional need.
fill|5|amtrak|Amtrak's worst station announcement for a train carrying only divorce papers: ___.|A recognizable announcement format treats a coherent adult legal cargo as passengers.
fill|4|greyhound|Greyhound's least inspiring name for a one-way midlife-crisis ticket: ___.|A familiar bus trip gets a specific adult psychological purpose.
fill|5|hertz|Hertz's worst itemized damage charge after you rent a getaway car: ___.|A familiar rental invoice turns an outrageous fictional crime into petty accounting.
fill|4|avis|Avis's least reassuring reason your rental comes with a fresh alibi: ___.|A recognizable travel service supplies an explicitly suspicious bonus.
fill|5|enterprise|Enterprise's worst answer to "Will you pick me up from the cult?": ___.|A familiar pickup promise is applied to a coherent and alarming adult predicament.
fill|4|budget|Budget's worst suggestion for removing divorce confetti from a rental car: ___.|A familiar cleanup problem is made specific by an outrageous adult celebration.
fill|5|u-haul|U-Haul's least discreet name for the "moving out while they're asleep" package: ___.|An ordinary moving service labels an unmistakably awkward adult departure.
fill|5|ups|UPS's worst explanation for requiring a signature on your own death certificate: ___.|A familiar delivery ritual becomes a concrete logical and morbid contradiction.
fill|4|fedex|FedEx's least sensitive delivery notice for a box containing your ex's regrets: ___.|A recognizable delivery format becomes a specific adult emotional package.
fill|5|usps|USPS's worst reason to return a curse to sender: ___.|A familiar postal phrase becomes a coherent supernatural customer-service dispute.
fill|4|dhl|DHL's least discreet tracking update for a secretly shipped wedding ring: ___.|A recognizable logistics alert exposes a clearly consequential adult secret.
fill|5|nasa|NASA's worst line to put on a breakup card from orbit: ___.|A household science organization gives an adult rejection a concrete cosmic distance.
fill|4|fbi|The FBI's least convincing disguise for an agent at couples counseling: ___.|A familiar covert role is placed in a specific and emotionally inappropriate setting.
fill|5|cia|The CIA's worst answer to "Was that my surprise party or an interrogation?": ___.|A recognizable secrecy organization creates a coherent ambiguity with clear adult stakes.
fill|5|irs|The IRS's least helpful deduction category for a failed exorcism: ___.|A familiar tax system has to classify a clearly fictional but practical adult expense.
fill|4|dmv|The DMV's worst instruction for renewing a ghost's driver's license: ___.|A familiar bureaucracy is applied to a coherent supernatural identity problem.
fill|5|aaa|AAA's worst excuse for refusing to tow the getaway hearse: ___.|A recognizable roadside service meets a specific and outrageously morbid vehicle request.
fill|4|aarp|AARP's least comforting welcome gift after your first death scare: ___.|A familiar aging organization responds absurdly to a concrete adult mortality event.
fill|5|carnival-cruise-line|Carnival's worst announcement for an at-sea divorce mediation cruise: ___.|A recognizable party voyage becomes a clearly trapped adult legal encounter.
fill|4|royal-caribbean|Royal Caribbean's least relaxing excursion during a midlife crisis: ___.|A familiar luxury trip offers a specific adult emotional problem the wrong activity.
fill|5|norwegian-cruise-line|Norwegian Cruise Line's worst name for the onboard restraining-order desk: ___.|A recognizable vacation service is extended to an absurdly specific adult legal need.
fill|4|six-flags|Six Flags' least reassuring name for a ride after your therapist cleared you: ___.|A familiar thrill venue gains explicit adult emotional stakes through its labeling.
fill|5|seaworld|SeaWorld's worst announcement after the dolphins hire a divorce lawyer: ___.|A recognizable animal show becomes an absurd but coherent adult labor of separation.
fill|4|universal-studios|Universal Studios' least romantic place to serve divorce papers in costume: ___.|A familiar themed venue supplies a specific and theatrical adult breakup setting.
fill|5|trader-joes|Trader Joe's worst friendly name for a casserole left by a suspicious widow: ___.|A familiar quirky food label becomes an ominous domestic evidence problem.
fill|4|whole-foods|Whole Foods' worst way to label ethically sourced funeral snacks: ___.|A recognizable ethical marketing style is repurposed for a concrete solemn gathering.
fill|5|kroger|Kroger's least discreet loyalty coupon after you buy rope and a wedding cake: ___.|A familiar purchase tracker exposes a specifically suspicious combination of adult plans.
fill|4|aldi|ALDI's worst quarter-deposit item for a budget funeral: ___.|A recognizable small deposit ritual is applied to a specific morbid purchase.
fill|5|publix|Publix's worst bakery apology for putting your breakup text on a cake: ___.|A familiar celebratory service creates a concrete and humiliating adult message error.
fill|4|7-eleven|7-Eleven's least sensitive flavor name for a Slurpee served at a wake: ___.|A recognizable bright drink needs to coexist with an explicitly solemn adult occasion.
fill|3|wawa|Wawa's worst sandwich name for a divorce-road-trip special: ___.|The premise is concrete but the regional chain may not register as a household name.
fill|3|buc-ees|Buc-ee's least comforting slogan for your emergency funeral stop: ___.|The morbid travel context is clear but the regional reference weakens broad recognition.
most-likely|5|hilton|Who's most likely to use Hilton points to book their own haunting?|A familiar loyalty habit creates an outrageous and coherent supernatural travel plan.
most-likely|4|marriott|Who's most likely to ask Marriott to separate the beds before a honeymoon starts?|A familiar hotel request exposes a concrete and darkly premature adult relationship crisis.
most-likely|5|holiday-inn|Who's most likely to file a Holiday Inn complaint about a ghost's hygiene?|A familiar customer-service impulse treats supernatural danger as a petty cleanliness issue.
most-likely|4|hyatt|Who's most likely to book Hyatt rooms for two alibis and no vacation?|A recognizable hospitality service is used for a specific and absurd fictional cover story.
most-likely|5|hampton-inn|Who's most likely to demand Hampton Inn breakfast after being politely exorcised?|A familiar travel entitlement survives an unmistakably supernatural personal crisis.
most-likely|5|motel-6|Who's most likely to ask Motel 6 to keep the light on for their ashes?|A recognizable slogan is taken literally as an outrageously morbid final preference.
most-likely|4|ritz-carlton|Who's most likely to ask the Ritz-Carlton concierge to handle their breakup?|A familiar premium service is expected to resolve a concrete adult personal responsibility.
most-likely|4|super-8|Who's most likely to call a Super 8 stain "part of the character development"?|A recognizable budget stay is defended through a comically evasive personal-growth claim.
most-likely|5|best-western|Who's most likely to negotiate Best Western points during witness relocation?|A familiar small perk becomes an absurd priority during a clear adult safety intervention.
most-likely|4|travelodge|Who's most likely to leave Travelodge feedback from inside a panic room?|A familiar review habit persists in a concrete and alarming adult travel predicament.
most-likely|5|delta|Who's most likely to ask Delta for a bereavement discount on their marriage?|A familiar travel concession is repurposed as a dark description of adult relationship failure.
most-likely|4|united|Who's most likely to ask United to seat their regrets in checked baggage?|A recognizable travel distinction becomes a coherent but absurd adult emotional request.
most-likely|5|american-airlines|Who's most likely to ask American Airlines for divorce-class seating?|A familiar fare hierarchy is extended to a concrete and uncomfortable adult breakup need.
most-likely|4|southwest|Who's most likely to announce their breakup through the Southwest cabin microphone?|A recognizable public-address setting becomes an outrageous adult oversharing opportunity.
most-likely|5|jetblue|Who's most likely to demand JetBlue miles for surviving a date's confession?|A familiar reward system is used to invoice a specific adult emotional ordeal.
most-likely|4|spirit-airlines|Who's most likely to ask Spirit Airlines if emotional baggage costs extra?|A recognizable fee complaint becomes a direct and legible adult emotional pun.
most-likely|5|frontier-airlines|Who's most likely to request the Frontier animal with the strongest legal alibi?|A familiar visual airline feature is treated as practical help for a fictional adult defense.
most-likely|4|alaska-airlines|Who's most likely to ask Alaska Airlines to land wherever their ex isn't?|A recognizable travel service is expected to solve a clear adult avoidance problem.
most-likely|5|amtrak|Who's most likely to ride Amtrak just to serve divorce papers across state lines?|A familiar transport choice motivates a specific and absurdly determined adult errand.
most-likely|4|greyhound|Who's most likely to call a Greyhound bus their post-divorce penthouse?|A familiar budget travel setting becomes a pointedly grandiose adult fallback.
most-likely|5|hertz|Who's most likely to demand Hertz rewards for returning a getaway car on time?|A familiar loyalty expectation survives a concrete and outrageously fictional crime.
most-likely|4|avis|Who's most likely to put their therapist down as the second Avis driver?|A recognizable rental form becomes a literal plan for adult emotional supervision.
most-likely|5|enterprise|Who's most likely to ask Enterprise to pick them up from their own intervention?|A familiar service promise is used to evade a specific adult accountability event.
most-likely|4|budget|Who's most likely to ask Budget whether a hearse counts as compact?|A familiar rental classification becomes a coherent and morbid bargaining question.
most-likely|5|u-haul|Who's most likely to reserve a U-Haul before agreeing to a second date?|A recognizable moving service becomes an outrageously premature adult commitment.
most-likely|5|ups|Who's most likely to demand UPS tracking on a breakup letter delivered by hand?|A familiar logistics habit is absurdly required for a plainly visible adult message.
most-likely|4|fedex|Who's most likely to overnight their grudges through FedEx?|A familiar urgent shipping service becomes a concrete extension of adult resentment.
most-likely|5|usps|Who's most likely to ask USPS if a curse needs extra postage?|A familiar practical postal concern is applied to a coherent supernatural threat.
most-likely|4|dhl|Who's most likely to use DHL tracking as a prenup negotiation tactic?|A familiar information tool becomes a specific and suspicious adult contractual leverage.
most-likely|5|nasa|Who's most likely to request NASA evacuation from a disastrous first date?|A household space agency is recruited for a clearly excessive adult escape plan.
most-likely|4|fbi|Who's most likely to ask the FBI to investigate who ate their breakup ice cream?|A familiar federal agency is enlisted for a specifically petty adult grievance.
most-likely|5|cia|Who's most likely to demand CIA clearance before revealing their dating history?|A recognizable secrecy standard becomes an absurd adult intimacy barrier.
most-likely|5|irs|Who's most likely to ask the IRS if revenge counts as a business expense?|A familiar tax classification is applied to a clear and troubling adult motive.
most-likely|4|dmv|Who's most likely to use a DMV appointment as an excuse to miss their own wedding?|A familiar bureaucratic ordeal becomes an outrageously preferable adult obligation.
most-likely|5|aaa|Who's most likely to call AAA because their escape from a cult got a flat tire?|A familiar roadside service enters a concrete and absurdly mundane part of adult danger.
most-likely|4|aarp|Who's most likely to demand an AARP discount on an exorcism?|A familiar age-based perk becomes a petty priority during supernatural trouble.
most-likely|5|carnival-cruise-line|Who's most likely to book a Carnival cruise to avoid a divorce process server?|A recognizable vacation choice becomes a specific and evasive adult legal strategy.
most-likely|4|royal-caribbean|Who's most likely to ask Royal Caribbean for a buffet alibi?|A familiar onboard indulgence becomes a coherently ridiculous adult defense request.
most-likely|5|norwegian-cruise-line|Who's most likely to request Norwegian Cruise Line custody of their emotional baggage?|A familiar vacation service is expected to perform an absurd adult legal-emotional role.
most-likely|4|six-flags|Who's most likely to serve divorce papers at the top of a Six Flags coaster?|A familiar thrill setting supplies a concrete and outrageous adult confrontation.
most-likely|5|seaworld|Who's most likely to ask SeaWorld dolphins to choose sides in their breakup?|A recognizable trained-animal show becomes an absurd adult emotional arbitration service.
most-likely|4|universal-studios|Who's most likely to stage an alibi using Universal Studios extras?|A familiar entertainment venue is turned into a concrete and theatrical adult deception.
most-likely|5|trader-joes|Who's most likely to ask Trader Joe's for a charcuterie board suitable for bail night?|A recognizable tasteful-food habit persists through a concrete adult legal crisis.
most-likely|4|whole-foods|Who's most likely to demand Whole Foods certification for a seance's snacks?|A familiar ethical-shopping reflex is applied to a coherent supernatural social event.
most-likely|5|kroger|Who's most likely to collect Kroger points on supplies for a suspiciously quick wedding?|A familiar small reward becomes an absurd priority in an ominous adult celebration.
most-likely|4|aldi|Who's most likely to demand their ALDI quarter back during an evacuation?|A recognizable tiny deposit becomes a clearly petty priority during a concrete emergency.
most-likely|5|publix|Who's most likely to ask Publix to put their restraining order on a sheet cake?|A familiar celebratory product is repurposed for a specific adult legal boundary.
most-likely|4|7-eleven|Who's most likely to request a 7-Eleven Slurpee while giving last rites to their marriage?|A familiar childish-looking adult purchase accompanies a legible morbid relationship metaphor.
most-likely|3|wawa|Who's most likely to nominate Wawa as the neutral venue for divorce mediation?|The adult conflict is clear but the regional chain may exclude much of the audience.
most-likely|3|buc-ees|Who's most likely to demand a Buc-ee's stop during their witness-protection relocation?|The petty travel priority is concrete but regional recognition may weaken first-read impact.
