fill|5|doritos|The crime lab found Doritos dust on ___, and finally stopped blaming the dog.|Distinctive orange residue creates a clear absurd piece of forensic evidence.
fill|4|cheetos|A bag of Cheetos became legal tender after the bank started charging for ___.|Sticky snack money makes a mundane bank fee visibly outrageous.
fill|5|lays|Nobody can eat just one Lay's, which explains the mortician's missing ___.|The familiar eating slogan drives a morbid mystery with a tangible missing object.
fill|4|pringles|My lawyer warned me that a Pringles can is not an acceptable urn for ___.|Recognizable packaging meets a specific undignified funeral decision.
fill|5|ruffles|The wedding ended when the priest mistook Ruffles crumbs for ___.|A recognizable messy snack intrudes on a ceremonial object with room for sharp answers.
fill|4|fritos|The landlord accepted Fritos as a deposit, but kept them because of ___.|A crunchy payment becomes an unreasonable but understandable rental dispute.
fill|5|tostitos|The exorcist left when our Tostitos dip started demanding ___.|Party dip behaving like a negotiating demon gives an immediate supernatural scene.
fill|4|sun-chips|At the silent retreat, the loudest confession came from a SunChips bag full of ___.|The notoriously crinkly bag undermines a precise setting that requires silence.
fill|5|cheez-it|The ransom note demanded unmarked Cheez-Its and proof that ___ was still alive.|Snack denominations make a familiar hostage demand concretely absurd.
fill|4|goldfish|I scattered Goldfish crackers at sea to honor my grandfather's lifelong fear of ___.|Tiny fish crackers provide a legible and inappropriate memorial ritual.
fill|5|ritz|The Ritz cracker held up the coffin until someone spread ___ on it.|A delicate cracker bearing funeral weight creates a clear physical disaster.
fill|4|triscuit|The dentist extracted a Triscuit, a wedding ring, and ___ from the same tooth.|The tough cracker starts an escalating and anatomically impossible discovery.
fill|4|wheat-thins|My emergency kit contains Wheat Thins and a notarized promise to never ___.|A bland survival snack sits beside a strangely specific legal contingency.
fill|5|oreo|The Oreo custody hearing got ugly when both parents claimed the ___.|The familiar separable cookie turns a petty custody dispute into an answerable scene.
fill|4|chips-ahoy|The pirate rejected Chips Ahoy after learning the crew had buried ___ instead of gold.|The nautical name frames an adult pirate crew making an absurd treasure choice.
fill|4|nutter-butter|Our couples therapist confiscated the Nutter Butters after we used them to ___.|A specific snack becomes the instrument of inappropriate relationship behavior.
fill|3|fig-newtons|The Fig Newtons came with a warning that my retirement plan depended on ___.|The consequence is clear but the cookie itself adds little to the financial premise.
fill|4|keebler|The Keebler factory's labor dispute escalated when the tree was used as ___.|The recognizable tree setting gives an absurd and concrete workplace conflict.
fill|5|little-debbie|Little Debbie cakes replaced the communion wafers after the church pawned ___.|A cheap familiar treat reveals a specific financial collapse of a solemn ritual.
fill|5|hostess|The Hostess cupcake survived the apocalypse; unfortunately, it now owns ___.|The durable snack becomes a plainly ridiculous post-apocalyptic property owner.
fill|4|pop-tarts|The fire inspector classified my Pop-Tart as an illegal ___.|A heated toaster snack attracts a specific and exaggerated legal classification.
fill|5|rice-krispies|The Rice Krispies stopped snapping and started reading my ___.|The cereal's distinctive sound becomes an intrusive and supernatural disclosure.
fill|5|cheerios|The surgeon used Cheerios to mark the organs he planned to sell for ___.|A familiar ring cereal becomes a morbid labeling tool in an outrageous medical scene.
fill|4|lucky-charms|I removed the Lucky Charms marshmallows after one correctly predicted ___.|A recognizable cereal component becomes a disturbing fortune teller.
fill|4|froot-loops|The parole officer found Froot Loops arranged into a detailed map of ___.|Colorful breakfast rings become tangible evidence of a new criminal plan.
fill|5|cinnamon-toast-crunch|Cinnamon Toast Crunch dust revealed the burglar's secret obsession with ___.|Distinctive sugary residue supplies evidence for a concrete adult crime.
fill|4|frosted-flakes|The Frosted Flakes mascot lost his job after growling at ___ during a funeral.|A familiar mascot brings an inappropriate physical act into a solemn adult setting.
fill|5|capn-crunch|Cap'n Crunch's last naval order was to fire the cannons at ___.|A household cereal character commands a specific destructive act with absurd targets.
fill|4|reeses-puffs|The hospital replaced my pain medicine with Reese's Puffs and a certificate for ___.|Breakfast cereal becomes a legible and outrageous medical cost-cutting measure.
fill|3|special-k|My Special K diet ended when the scale started charging me for ___.|The talking scale is playable but the brand contributes a fairly generic diet frame.
fill|5|nature-valley|Nature Valley crumbs led police from the couch directly to ___.|The famously crumbly bar forms a literal and surprising forensic trail.
fill|4|clif-bar|The rescue helicopter dropped one Clif Bar and a bill for ___.|A familiar outdoor snack exposes an absurd emergency rescue transaction.
fill|3|kind|My KIND bar came with a handwritten demand that I stop ___.|The kindness pun is understandable but lacks a sharply established consequence.
fill|3|luna-bar|The Luna bar astronaut abandoned the mission after discovering ___ in the airlock.|The name supplies a weak space pun rather than a strong household product feature.
fill|5|quaker|The Quaker Oats portrait blinked and asked whether I'd finished burying ___.|A recognizable smiling package face becomes an unsettling witness to a specific act.
fill|4|chex|We made Chex Mix using the only three things left after the divorce: ___.|A familiar mixed snack creates a concrete opening for a petty adult inventory.
fill|5|bugles|I wore Bugles on every finger to the fingerprint appointment, then blamed ___.|The snack's conical shape causes a precise and ridiculous legal identification problem.
fill|4|funyuns|The embalmer promised the Funyuns smell would cover up ___.|A strong-smelling snack is misused in a specific morbid professional service.
fill|4|combos|The airport confiscated my Combos after the X-ray revealed ___.|A stuffed snack conceals an absurd object in a recognizable security procedure.
fill|5|takis|The Takis emergency hotline told me to rinse my mouth with ___.|A familiar intensely spicy snack motivates outrageous but legible emergency advice.
fill|3|pirates-booty|Pirate's Booty was the only treasure left after the captain paid for ___.|The snack-name pirate pun is clear but the open expense frame is comparatively thin.
fill|4|smartfood|Smartfood popcorn began correcting the medical examiner's spelling of ___.|The snack's name turns into a specific and morbid professional interference.
fill|4|orville-redenbacher|The séance contacted Orville Redenbacher, who demanded we microwave ___.|A recognizable popcorn name creates a specific supernatural cooking demand.
fill|3|act-ii|The theater's Act II popcorn intermission ended when ___ filed for bankruptcy.|The brand pun works but requires extra context to connect the financial consequence.
fill|4|skinny-pop|The funeral served SkinnyPop because the deceased specifically hated ___.|A diet-coded snack becomes an inappropriately petty instruction from the deceased.
fill|5|cracker-jack|The Cracker Jack prize was a warrant for the arrest of ___.|The familiar hidden prize becomes a surprising and concrete legal object.
fill|5|planters|Mr. Peanut's monocle recorded the exact moment ___ went terribly wrong.|The familiar mascot accessory becomes forensic footage of an outrageous event.
fill|4|blue-diamond|The jeweler appraised my Blue Diamond almonds and then charged me for ___.|The familiar food name causes a specific and absurd luxury-service transaction.
fill|4|wonderful-pistachios|The witness cracked a Wonderful Pistachio before confessing to ___.|A tiny dramatic cracking gesture precedes an outsized adult criminal admission.
fill|4|sun-maid|The Sun-Maid box hid a note begging the paramedics not to resuscitate ___.|A familiar small raisin box conceals a startling and specific medical directive.
most-likely|5|doritos|Who's most likely to frame a rival by dusting the getaway car with Doritos?|The snack residue enables a concrete petty act of manufactured forensic evidence.
most-likely|4|cheetos|Who's most likely to leave Cheetos fingerprints on a signed organ donation form?|Sticky orange fingers visibly contaminate an unusually solemn adult document.
most-likely|5|lays|Who's most likely to eat Lay's loudly while the hostage negotiator is speaking?|A familiar noisy snack sabotages a precise and high-stakes adult rescue scene.
most-likely|5|pringles|Who's most likely to shake a Pringles urn to check how much grandpa is left?|Recognizable snack packaging makes an explicit morbid and tasteless physical act.
most-likely|4|ruffles|Who's most likely to use Ruffles as poker chips at a wake?|A ridged snack becomes a gambling currency during a plainly inappropriate event.
most-likely|4|fritos|Who's most likely to hide the engagement ring in Fritos and forget which bag?|A concrete snack hiding place turns a familiar adult proposal into a petty disaster.
most-likely|5|tostitos|Who's most likely to bring Tostitos to an exorcism and ask for extra possession?|A familiar party snack accompanies a clearly absurd request in a supernatural ritual.
most-likely|4|sun-chips|Who's most likely to open SunChips during the judge's moment of silence?|The crinkly bag undermines a precise quiet courtroom ceremony.
most-likely|4|cheez-it|Who's most likely to pay a parking fine in individual Cheez-Its?|Tiny crackers become a concrete and unreasonable form of civic payment.
most-likely|4|goldfish|Who's most likely to release Goldfish crackers into the aquarium at a wake?|A literal fish-name mistake becomes an inappropriate physical memorial act.
most-likely|5|ritz|Who's most likely to serve Ritz crackers from the deceased's denture cup?|Familiar party food is offered through a specific disgustingly morbid serving vessel.
most-likely|4|triscuit|Who's most likely to mail a Triscuit to the dentist as evidence of assault?|A hard cracker becomes a tangible and exaggerated legal complaint about dental harm.
most-likely|4|wheat-thins|Who's most likely to ration Wheat Thins while the cruise buffet is on fire?|An ordinary snack inspires ridiculous thrift during a concrete adult emergency.
most-likely|5|oreo|Who's most likely to subpoena an Oreo to prove who took the cream?|A familiar cookie dispute receives an outrageous and specific court procedure.
most-likely|4|chips-ahoy|Who's most likely to pay a real pirate ransom with Chips Ahoy?|The nautical cookie name leads to an unmistakably absurd hostage payment.
most-likely|4|nutter-butter|Who's most likely to repair a cracked toilet seat with Nutter Butters?|A recognizable peanut-shaped cookie becomes an obviously unsuitable household repair.
most-likely|3|fig-newtons|Who's most likely to count Fig Newtons as the fruit course at their wedding?|The bad menu substitution is coherent but has fairly mild adult stakes.
most-likely|4|keebler|Who's most likely to report the Keebler tree for unpaid property taxes?|A recognizable fictional factory receives a precise and petty civic accusation.
most-likely|5|little-debbie|Who's most likely to invoice Little Debbie for catering their hunger strike?|A familiar snack name underwrites a clear and self-defeating political protest.
most-likely|5|hostess|Who's most likely to leave a Hostess cupcake in the will instead of the house?|A cheap familiar snack replaces a concrete and consequential adult inheritance.
most-likely|4|pop-tarts|Who's most likely to ask a crematorium to warm their Pop-Tarts?|A familiar breakfast snack prompts a specific and wildly inappropriate service request.
most-likely|5|rice-krispies|Who's most likely to record Rice Krispies as the witness statement?|The cereal's distinctive sounds become supposed evidence in a concrete legal process.
most-likely|4|cheerios|Who's most likely to wear Cheerios as a medical alert bracelet?|The ring cereal forms a clearly absurd substitute for an adult safety device.
most-likely|4|lucky-charms|Who's most likely to consult Lucky Charms before signing the plea bargain?|A familiar luck-based cereal becomes an absurd guide to a serious legal decision.
most-likely|4|froot-loops|Who's most likely to arrange Froot Loops into a ransom note?|Colorful cereal rings become a tangible and bizarre criminal communication.
most-likely|5|cinnamon-toast-crunch|Who's most likely to fingerprint the entire Cinnamon Toast Crunch bag?|The recognizable cereal is subjected to a specific excessive forensic procedure.
most-likely|4|frosted-flakes|Who's most likely to invite the Frosted Flakes tiger to the parole hearing?|A familiar enthusiastic mascot is assigned an inappropriate adult legal role.
most-likely|4|capn-crunch|Who's most likely to list Cap'n Crunch as the captain of their stolen yacht?|A household cereal character becomes a concrete fraudulent maritime identification.
most-likely|5|reeses-puffs|Who's most likely to pour Reese's Puffs into the collection plate at a funeral?|A familiar breakfast cereal visibly replaces money in an inappropriate solemn ritual.
most-likely|3|special-k|Who's most likely to demand a Special K sponsorship for skipping one dinner?|The exaggerated sponsorship request is clear but has a familiar generic diet setup.
most-likely|5|nature-valley|Who's most likely to deny eating Nature Valley while leaving a crumb trail?|The familiar bar's distinctive mess directly contradicts a petty but concrete denial.
most-likely|4|clif-bar|Who's most likely to split one Clif Bar among the entire rescue team?|An outdoor snack becomes a visibly inadequate reward for a specific emergency service.
most-likely|3|kind|Who's most likely to send a KIND bar with a restraining order?|The brand irony is legible but the kindness-versus-hostility frame is relatively simple.
most-likely|3|luna-bar|Who's most likely to pack only Luna bars for the moon mission?|The literal name pun is understandable but lacks a stronger outrageous action.
most-likely|5|quaker|Who's most likely to turn the Quaker Oats portrait toward the wall before lying?|A familiar package face is treated as a judgmental witness to a specific guilty act.
most-likely|4|chex|Who's most likely to search Chex Mix for the engagement ring they swallowed?|A familiar party mix becomes the site of an absurd and physically misguided search.
most-likely|5|bugles|Who's most likely to wear Bugles to court and call them formal finger armor?|The conical snack's familiar finger trick becomes a ridiculous courtroom outfit.
most-likely|4|funyuns|Who's most likely to breathe Funyuns into a breathalyzer and call it camouflage?|The pungent snack is used in a concrete and plainly misguided legal evasion.
most-likely|4|combos|Who's most likely to demand an autopsy for an unexpectedly empty Combo?|A familiar stuffed snack receives a wildly excessive medical investigation.
most-likely|5|takis|Who's most likely to serve Takis at the meeting about unexplained sweating?|The intensely spicy snack actively worsens a specific and awkward adult problem.
most-likely|3|pirates-booty|Who's most likely to bury Pirate's Booty and charge admission to the treasure map?|The literal snack-name pun is clear but familiar and only moderately outrageous.
most-likely|4|smartfood|Who's most likely to blame Smartfood popcorn for coaching their tax fraud?|The food's intelligence claim becomes a concrete and absurd criminal defense.
most-likely|4|orville-redenbacher|Who's most likely to summon Orville Redenbacher just to ask about burnt popcorn?|A recognizable popcorn figure is recruited for an absurdly trivial supernatural service.
most-likely|3|act-ii|Who's most likely to demand Act II popcorn during the autopsy intermission?|The morbid setting is strong but the stage-name joke requires a slightly forced pause.
most-likely|4|skinny-pop|Who's most likely to use SkinnyPop to cushion a box of cremated remains?|A familiar snack becomes an inappropriate but physically understandable packing material.
most-likely|5|cracker-jack|Who's most likely to propose with the Cracker Jack prize still in its wrapper?|The cheap hidden prize becomes a concrete and gloriously stingy adult proposal.
most-likely|5|planters|Who's most likely to hire Mr. Peanut to identify a body by its monocle?|A household mascot's distinctive accessory drives an absurdly specific forensic task.
most-likely|4|blue-diamond|Who's most likely to insure Blue Diamond almonds as the family jewels?|The food name motivates a concrete and obviously fraudulent luxury insurance claim.
most-likely|4|wonderful-pistachios|Who's most likely to crack Wonderful Pistachios during a bomb disposal briefing?|The familiar shell-cracking gesture disrupts a precise and unnerving adult emergency.
most-likely|4|sun-maid|Who's most likely to hand out Sun-Maid boxes as compensation for jury duty?|A tiny familiar snack replaces a concrete adult civic payment.
