fill|5|m-and-ms|The M&M melted in my hand, revealing the tiny arrest warrant for ___.|The familiar candy slogan is broken by a specific and surprising legal document.
fill|4|skittles|I tasted the Skittles rainbow and immediately filed a complaint against ___.|A familiar slogan turns into a concrete adult grievance with absurd answer targets.
fill|5|snickers|After eating a Snickers, the executioner remembered he was actually ___.|The recognizable personality-restoring premise becomes a morbid identity reversal.
fill|4|milky-way|The Milky Way bar came with a deed to a planet inhabited entirely by ___.|A familiar space-themed sweet grants a tangible and absurd property entitlement.
fill|4|3-musketeers|The 3 Musketeers split their legal defense fund equally between ___.|A household candy name becomes an adult financial problem with three answer slots implied.
fill|5|reeses|My Reese's cup contained peanut butter, chocolate, and a subpoena for ___.|A familiar two-component candy conceals a specific unwelcome legal demand.
fill|4|hersheys|The Hershey's kiss left a lipstick stain shaped exactly like ___.|A familiar chocolate shape becomes tangible evidence of an absurd romantic encounter.
fill|5|kit-kat|My Kit Kat break lasted until the parole board discovered ___.|The recognizable break slogan becomes a concrete and outrageous criminal escape.
fill|5|twix|Left Twix testified that Right Twix had been secretly funding ___.|The familiar left-versus-right campaign becomes a specific criminal betrayal.
fill|4|butterfinger|The forensic report blamed the Butterfinger crumbs for the missing ___.|A recognizable brittle candy provides a physical clue with a concrete absent object.
fill|4|baby-ruth|The adult league banned Baby Ruth bars after a player mistook one for ___.|A familiar candy in an explicitly adult sporting setting causes a tangible disgusting mistake.
fill|5|100-grand|I inherited 100 Grand; unfortunately, the lawyer had already eaten the ___.|The candy's money name creates a clear and consequential inheritance misunderstanding.
fill|4|payday|My boss paid me in PayDay bars and deducted three for ___.|A familiar candy replaces adult wages and then receives a specific exploitative deduction.
fill|5|almond-joy|Almond Joy's missing nut was later recovered during the autopsy of ___.|The recognizable nut ingredient becomes a concrete morbid forensic discovery.
fill|4|mounds|The Mounds bar proved the archaeologist had buried ___ under the patio.|A familiar candy name and shape lead to a specific absurd excavation scandal.
fill|4|york-peppermint-pattie|The York Peppermint Pattie made me feel cold enough to volunteer as ___.|The candy's cooling association motivates an outrageous but comprehensible adult role.
fill|5|junior-mints|The adult surgeon dropped Junior Mints into the incision and billed it as ___.|A recognizable sweet becomes a specific outrageous medical charge in an adult-only scene.
fill|4|whoppers-candy|The Whoppers rolled out of the evidence bag along with ___.|Round candies create a tangible and expandable courtroom mishap.
fill|5|milk-duds|The dentist removed the Milk Dud and accidentally pulled out ___.|A famously sticky candy produces a specific and physically escalating dental disaster.
fill|4|raisinets|The movie theater found Raisinets in the projector and ___ in the urn.|A familiar cinema snack connects two visibly misplaced objects in a morbid scene.
fill|4|sour-patch-kids|The Sour Patch Kids bag came with an apology for poisoning my ___.|The familiar sour-then-sweet association becomes a clear adult property grievance.
fill|5|swedish-fish|Customs seized my Swedish Fish because one was carrying ___.|The familiar fish-shaped candy is treated as a concrete international smuggler.
fill|5|haribo|The Haribo bear declined to testify until the court supplied ___.|A recognizable gummy character makes a specific and absurd courtroom demand.
fill|4|trolli|The Trolli gummy worm survived surgery and now charges rent for ___.|A tangible candy worm becomes an outrageous tenant after a clear medical event.
fill|5|life-savers|The Life Savers hotline said the candy could not legally rescue me from ___.|A household candy name becomes an exact and absurd limit on emergency assistance.
fill|4|starburst|The Starburst wrapper contained a prenup protecting my right to ___.|A tiny familiar candy wrapper conceals a surprisingly specific adult legal agreement.
fill|4|jolly-rancher|The Jolly Rancher stuck to the judge's gavel, delaying the execution of ___.|A hard sticky sweet causes a concrete and morbid interruption of court procedure.
fill|5|tootsie-roll|The mortician used a Tootsie Roll to demonstrate what had happened to ___.|A familiar pliable candy becomes a specific inappropriate teaching aid for death.
fill|5|tootsie-pop|It took three licks to reach the Tootsie Pop's hidden confession about ___.|The household counting slogan reveals a concrete incriminating secret.
fill|4|blow-pop|The Blow Pop witness blew a bubble shaped exactly like the missing ___.|The candy's gum center creates a visibly absurd piece of forensic testimony.
fill|3|airheads|The Airheads wrapper promised I could trade my last brain cell for ___.|The name pun is legible but the generic intelligence exchange lacks a strong scene.
fill|4|nerds-candy|The Nerds staged a lab walkout after finding ___ in the candy dispenser.|Tiny recognizable candy pieces adopt a specific and absurd workplace grievance.
fill|3|smarties|The Smarties improved my test score but erased my memory of ___.|The literal intelligence pun is coherent but resembles a generic magical side effect.
fill|5|pez|The PEZ dispenser coughed up a miniature version of my ___.|The recognizable head-operated object produces a concrete unsettling surprise.
fill|3|dum-dums|The Dum Dums came with instructions to avoid ___ until retirement.|The intelligence joke is clear but the warning offers a fairly open generic setup.
fill|4|brachs|The Brach's candy corn was carbon-dated to the same year as ___.|A notoriously divisive sweet becomes tangible evidence of implausible archaeological age.
fill|4|good-and-plenty|Good & Plenty was the coroner's official description of the deceased's ___.|A recognizable candy name becomes an inappropriate clinical description at an autopsy.
fill|4|mike-and-ike|Mike and Ike demanded separate lawyers after the box was used to ___.|The paired candy name motivates a specific breakup in legal representation.
fill|5|hot-tamales|The Hot Tamales melted the evidence locker, revealing ___.|The spicy candy causes a concrete destructive event that uncovers a second scandal.
fill|5|warheads-candy|The bomb squad tasted the Warhead and immediately evacuated ___.|The familiar aggressively sour candy causes a specific and exaggerated emergency response.
fill|5|pop-rocks|The Pop Rocks started popping in the coffin and spelled out ___.|A recognizable audible candy becomes a vivid supernatural message during burial.
fill|4|fun-dip|The Fun Dip stick was entered into evidence as the weapon used to ___.|A small household candy tool is assigned a concrete and wildly outsized criminal role.
fill|4|laffy-taffy|The Laffy Taffy joke was legally classified as the cause of ___.|A familiar wrapper feature receives a specific exaggerated legal consequence.
fill|3|charleston-chew|The Charleston Chew dance contest ended when someone swallowed ___.|The brand's old dance reference is less immediate despite the physical mishap.
fill|3|heath|The Heath bar cracked and revealed my insurance policy covered only ___.|The candy is recognizable but the hidden-insurance-document frame is weakly motivated.
fill|3|skor|The Skor bar was the only reward for surviving ___.|The brand is comparatively niche and the unfilled ordeal supplies too much of the premise.
fill|5|werthers-original|The Werther's Original in grandpa's will was appraised at ___ and three curses.|A familiar older-adult candy becomes a concrete supernatural inheritance asset.
fill|4|ghirardelli|The Ghirardelli square came with a velvet rope to keep ___ away.|A premium familiar sweet receives a specific and ridiculous exclusivity measure.
fill|4|lindt|The Lindt truffle rolled under the operating table and returned with ___.|A recognizable round candy creates a tangible and morbid medical discovery.
fill|4|godiva|The Godiva box arrived with chocolates, handcuffs, and a receipt for ___.|A familiar romantic gift becomes a specific suspicious adult transaction.
most-likely|5|m-and-ms|Who's most likely to sort M&M colors while the hostage is waiting for ransom?|A recognizable candy habit delays a specific and high-stakes criminal obligation.
most-likely|4|skittles|Who's most likely to throw Skittles at a rainbow and demand a refund?|The household slogan is treated as a concrete and ridiculous consumer promise.
most-likely|5|snickers|Who's most likely to feed a Snickers to the executioner and hope for a career change?|The familiar hunger-personality premise becomes a specific desperate death-row tactic.
most-likely|4|milky-way|Who's most likely to put a Milky Way in the urn and call it a space burial?|A household candy name supplies a clearly absurd and stingy funeral substitution.
most-likely|4|3-musketeers|Who's most likely to count a 3 Musketeers bar as three character witnesses?|A familiar candy name is used in a concrete and obviously invalid court defense.
most-likely|5|reeses|Who's most likely to hide a Reese's in the organ donation cooler?|A familiar sweet becomes a specific and inappropriate intrusion into adult medical transport.
most-likely|4|hersheys|Who's most likely to bill their ex for every Hershey's kiss given during marriage?|The household romantic candy becomes a precise and petty post-divorce reimbursement demand.
most-likely|5|kit-kat|Who's most likely to take a Kit Kat break halfway through disarming the bomb?|A recognizable snack slogan justifies a specific and outrageous emergency interruption.
most-likely|5|twix|Who's most likely to make Left Twix and Right Twix sign a custody agreement?|The familiar divided candy campaign becomes a concrete absurd adult legal process.
most-likely|4|butterfinger|Who's most likely to blame a Butterfinger for dropping the donated kidney?|A candy name provides a ridiculous excuse for a specific serious medical mistake.
most-likely|4|baby-ruth|Who's most likely to use a Baby Ruth to test the pool's emergency evacuation?|The recognizable candy's appearance motivates a clear and deliberately gross safety drill.
most-likely|5|100-grand|Who's most likely to list 100 Grand bars as collateral for the mortgage?|A household money-named sweet becomes a tangible fraudulent financial asset.
most-likely|5|payday|Who's most likely to demand PayDay bars as back pay, then garnish their own wages?|The candy name produces a specific and self-defeating adult compensation dispute.
most-likely|4|almond-joy|Who's most likely to demand separate burials for the Almond Joy and its nut?|A recognizable candy component creates an explicit and ridiculously fussy funeral request.
most-likely|4|mounds|Who's most likely to mark a shallow grave with a Mounds wrapper?|The familiar candy name and physical wrapper make a concrete undignified grave marker.
most-likely|4|york-peppermint-pattie|Who's most likely to offer a York Peppermint Pattie to an overheated crematorium?|The familiar cooling candy is proposed as a clearly inappropriate industrial repair.
most-likely|5|junior-mints|Who's most likely to use Junior Mints as the adult patient's replacement organs?|A familiar small candy becomes a specific and obviously impossible medical substitute.
most-likely|4|whoppers-candy|Who's most likely to roll Whoppers down the courthouse steps to delay sentencing?|Round candy causes a concrete and petty physical obstruction of a legal proceeding.
most-likely|5|milk-duds|Who's most likely to glue the divorce papers shut with Milk Duds?|The sticky sweet becomes a tangible and futile method of blocking an adult legal action.
most-likely|4|raisinets|Who's most likely to charge Raisinets admission to watch the security footage?|A familiar cinema snack becomes a concrete absurd ticket currency for a petty screening.
most-likely|4|sour-patch-kids|Who's most likely to send Sour Patch Kids with a beautifully written eviction note?|The sour-sweet candy matches a specific polite delivery of an adult legal harm.
most-likely|5|swedish-fish|Who's most likely to declare Swedish Fish as live animals at customs?|A household fish-shaped candy triggers a precise absurd international paperwork choice.
most-likely|5|haribo|Who's most likely to hire a Haribo bear as the bailiff at their divorce hearing?|A familiar gummy character receives a specific incompatible adult judicial role.
most-likely|4|trolli|Who's most likely to fish a Trolli worm out of the soup and demand hazard pay?|A recognizable gummy worm creates a tangible and exaggerated workplace grievance.
most-likely|5|life-savers|Who's most likely to throw Life Savers at a drowning billionaire and send an invoice?|A household candy name drives a clear and morbidly inadequate rescue transaction.
most-likely|4|starburst|Who's most likely to keep the Starburst wrapper as the prenup's only signed copy?|A tiny familiar wrapper becomes the concrete and useless storage medium for an adult contract.
most-likely|5|jolly-rancher|Who's most likely to stick a Jolly Rancher over the courtroom microphone?|The sticky hard candy becomes a specific act of sabotaging an adult court proceeding.
most-likely|4|tootsie-roll|Who's most likely to use a Tootsie Roll as a scale model of the stolen car?|A familiar pliable candy is offered as a concrete absurd forensic reconstruction.
most-likely|5|tootsie-pop|Who's most likely to interrogate a Tootsie Pop until it names an accomplice?|A household candy receives a specific and ridiculous criminal questioning procedure.
most-likely|4|blow-pop|Who's most likely to blow a bubble while reading the deceased's final wishes?|The gum-centered candy supplies a plainly inappropriate physical act at an adult memorial.
most-likely|3|airheads|Who's most likely to put Airheads on their résumé under professional qualifications?|The literal name pun is familiar and coherent but lacks a stronger outrageous consequence.
most-likely|3|nerds-candy|Who's most likely to make Nerds candy take the bar exam for them?|The intelligence-name joke is clear but a fairly generic candy-personification frame.
most-likely|3|smarties|Who's most likely to demand an honorary doctorate after eating Smarties?|The literal smartness joke is accessible but relies on a familiar simple exaggeration.
most-likely|5|pez|Who's most likely to put tiny warrants in the PEZ dispenser outside court?|The familiar head-operated object distributes specific absurd legal documents.
most-likely|3|dum-dums|Who's most likely to put Dum Dums in the tip jar at their own trial?|The candy-name joke is coherent but the unexplained courtroom tip jar weakens the scene.
most-likely|4|brachs|Who's most likely to carbon-date Brach's candy corn before agreeing to eat it?|The familiar divisive seasonal candy receives a specific excessive laboratory procedure.
most-likely|4|good-and-plenty|Who's most likely to replace the missing evidence with a box of Good & Plenty?|A familiar candy is offered as a concrete and visibly inadequate legal substitute.
most-likely|4|mike-and-ike|Who's most likely to make Mike and Ike sit apart during couples counseling?|The paired candy name becomes a clear and specific adult relationship intervention.
most-likely|5|hot-tamales|Who's most likely to feed Hot Tamales to the fire alarm as a calibration test?|The familiar spicy candy is used in a precise and physically absurd safety procedure.
most-likely|5|warheads-candy|Who's most likely to lick a Warhead before deciding whether to call the bomb squad?|The familiar sour candy receives a concrete and spectacularly misguided threat assessment.
most-likely|5|pop-rocks|Who's most likely to put Pop Rocks in the urn and call it a final round of applause?|A recognizable noisy candy creates a vivid and tasteless funeral performance.
most-likely|4|fun-dip|Who's most likely to dust for fingerprints with Fun Dip at their own crime scene?|The powdered candy becomes a specific and comically self-incriminating forensic tool.
most-likely|4|laffy-taffy|Who's most likely to read Laffy Taffy jokes as the eulogy they forgot to write?|A familiar wrapper feature supplies a concrete terrible substitute for an adult funeral speech.
most-likely|3|charleston-chew|Who's most likely to offer a Charleston Chew as proof they can dance?|The old dance-name connection is less immediate and the stakes remain mild.
most-likely|4|heath|Who's most likely to replace the wedding cake topper with a broken Heath bar?|A familiar brittle candy becomes a concrete stingy object at an adult ceremony.
most-likely|3|skor|Who's most likely to demand a Skor bar for every witness they intimidate?|The criminal act is clear but the comparatively niche candy reference adds little.
most-likely|5|werthers-original|Who's most likely to auction grandpa's last Werther's as a haunted family heirloom?|A familiar older-adult candy becomes a concrete exploitative supernatural inheritance sale.
most-likely|4|ghirardelli|Who's most likely to charge mourners extra for the Ghirardelli tier of condolences?|A premium household sweet becomes a specific and outrageous funeral pricing structure.
most-likely|4|lindt|Who's most likely to use Lindt truffles to plug the holes in the getaway boat?|A recognizable round sweet becomes a physically clear and reckless criminal repair.
most-likely|4|godiva|Who's most likely to give the divorce lawyer Godiva and ask for romantic packaging?|A familiar romantic gift is repurposed for a precise and socially inappropriate adult service.
