fill|5|tide|The Tide pod washed the shirt clean but left a detailed confession about ___.|A recognizable detergent object removes physical evidence while exposing an adult secret.
fill|4|gain|Gain's new scent is called Fresh Laundry and an Unexplained Hint of ___.|The familiar fragrance claim becomes a concrete ominous sensory clue.
fill|3|persil|The Persil bottle promised to remove every stain except my history of ___.|The abstract moral-stain frame is familiar and the brand adds limited specific detail.
fill|4|all-detergent|The bottle of all detergent removed every name from the deed except ___.|A familiar cleaning product causes a specific absurd property-document consequence.
fill|5|arm-and-hammer|The Arm & Hammer box flexed its arm and personally threatened ___.|The household package logo becomes a visible and specific aggressive character.
fill|5|oxiclean|OxiClean removed the stain, the carpet, and the only witness to ___.|The familiar strong-cleaning claim escalates into a tangible crime-evidence disappearance.
fill|4|downy|Downy's wrinkle treatment smoothed the will until nobody could read who inherited ___.|A recognizable fabric promise accidentally alters a concrete adult inheritance document.
fill|4|bounce|The Bounce sheet clung to the judge's robe with instructions to pardon ___.|Static-related laundry supplies become a tangible intrusive legal demand.
fill|5|snuggle|The Snuggle bear refused to cuddle until I signed over ___.|A familiar soft mascot makes a concrete and outrageous adult property demand.
fill|5|clorox|The Clorox label said it kills 99.9% of germs but only 40% of ___.|A familiar household efficacy claim is extended to an absurd adult target category.
fill|4|lysol|I disinfected the haunted house with Lysol and accidentally evicted ___.|A recognizable cleaning procedure causes a specific supernatural tenancy consequence.
fill|5|mr-clean|Mr. Clean polished the floor, then asked where we wanted to hide ___.|A household spotless mascot offers a concrete and unsettling adult criminal service.
fill|4|pine-sol|The Pine-Sol smell convinced the detective we'd buried ___ in a forest.|A recognizable pine scent creates specific false environmental evidence at a crime scene.
fill|3|fabuloso|The Fabuloso bottle was mistaken for a cocktail by the newly appointed ___.|The colorful cleaning bottle creates a clear hazard but the added profession is too open.
fill|5|windex|Windex made the window so clear we could finally see ___ hiding in the divorce lawyer.|The familiar glass-cleaning promise reveals an absurd adult professional concealment.
fill|3|formula-409|Formula 409 erased exactly 409 pieces of evidence, leaving only ___.|The literal number joke is coherent but somewhat mechanical and brand-dependent.
fill|4|comet-cleanser|The Comet powder trail circled the bathtub and spelled out ___.|A recognizable abrasive cleaner creates a visible eerie physical message.
fill|3|ajax-cleanser|The Ajax canister was knighted after defeating ___.|The mythic-name pun is less immediate and the generic victory lacks a concrete domestic scene.
fill|5|dawn|Dawn removed the grease from the pan and the fingerprints from ___.|A familiar degreaser becomes a specific and physically plausible adult evidence eraser.
fill|4|palmolive|The Palmolive bubbles floated into court carrying miniature copies of ___.|A recognizable soapy object produces tangible absurd adult legal documents.
fill|5|cascade|The Cascade dishwasher pod cleaned the plates and laundered ___ in small bills.|A familiar cleaning product literalizes financial laundering in a concrete appliance scene.
fill|4|finish-dishwasher|The Finish tablet dissolved before it could testify about ___.|A recognizable dishwasher object becomes a specific disappearing courtroom witness.
fill|5|febreze|Febreze's new smell is Clean Linen with the faint aroma of ___.|A household odor product invites concrete outrageous hidden smells in a familiar fragrance format.
fill|4|glade|The Glade plug-in released a ghost that immediately complained about ___.|A familiar plugged-in scent device causes a clear supernatural consumer complaint.
fill|3|air-wick|The Air Wick refill granted exactly one wish, provided it involved ___.|The magical-air-freshener setup is understandable but the brand supplies little distinctive action.
fill|5|swiffer|The Swiffer collected dust, hair, and a tiny handwritten suicide note from ___.|A familiar dirty cleaning pad reveals a specific morbid miniature discovery.
fill|5|roomba|The Roomba returned from under the couch with a lawyer demanding custody of ___.|The household roaming vacuum brings a concrete absurd legal consequence from a hidden space.
fill|4|dyson|The Dyson sucked up the evidence, then billed the police for ___.|A recognizable expensive vacuum turns a concrete forensic cleanup into an outrageous transaction.
fill|4|shark-vacuum|The Shark vacuum began circling the divorce papers after smelling ___.|The household appliance's predator name becomes a specific visible adult-document threat.
fill|3|bissell|The Bissell carpet cleaner extracted three gallons of ___.|The physical extraction is clear but leaves nearly all surprise to the missing substance.
fill|4|hoover|The Hoover swallowed the eviction notice and later served me with ___.|A familiar vacuum becomes a specific and absurd escalation of an adult housing dispute.
fill|3|eureka-vacuum|The Eureka vacuum shouted its own name after discovering ___ under the bed.|The name pun is legible but relatively predictable despite the physical setting.
fill|3|miele|The Miele appliance required a credit check before agreeing to wash ___.|The premium appliance joke is clear but the household-name reference is less immediate.
fill|3|bosch|The Bosch dishwasher demanded a notarized statement proving the plates weren't ___.|The absurd paperwork is concrete but the brand-specific contribution remains slight.
fill|4|whirlpool|The Whirlpool washer spun so hard it opened a portal directly to ___.|A familiar spinning appliance causes a visible supernatural household disaster.
fill|5|maytag|The Maytag repairman arrived carrying a wrench and the warrant for ___.|A recognizable repair persona brings a specific unexpected adult legal mission.
fill|4|general-electric|The GE refrigerator's ice dispenser spat out a tiny sculpture of ___.|A household appliance produces a tangible and answerable suspicious object.
fill|5|kitchenaid|The KitchenAid mixer kneaded the dough into a signed confession about ___.|A distinctive moving appliance visibly creates a concrete incriminating adult document.
fill|4|cuisinart|The Cuisinart attachment was recalled after it accidentally sliced ___.|A familiar cutting appliance causes a specific outrageous product-safety failure.
fill|5|instant-pot|The Instant Pot pressure valve released steam and the last words of ___.|A household pressure device emits a specific morbid supernatural message.
fill|4|crock-pot|My Crock-Pot's twelve-hour setting slowly destroyed the evidence of ___.|A familiar slow cooker supplies a specific and leisurely criminal procedure.
fill|4|ninja-appliances|The Ninja blender disappeared after leaving one tiny throwing star in ___.|The household appliance's name creates a visible absurd covert culinary act.
fill|5|vitamix|The Vitamix blended the smoothie so thoroughly it removed my memory of ___.|A recognizable powerful blender creates a specific exaggerated neurological consequence.
fill|3|nutribullet|The NutriBullet breakfast tasted alarmingly like the lawyer's recommendation to ___.|The sensory-legal connection is difficult to picture and the appliance adds little.
fill|3|hamilton-beach|The Hamilton Beach toaster refused to brown the bread until I apologized for ___.|The generic appliance-personification frame and less immediate brand weaken the premise.
fill|4|black-and-decker|The Black+Decker drill went through the wall and straight into ___.|A recognizable power tool causes a tangible surprise with clear physical escalation.
fill|5|dewalt|The DeWalt battery held a charge long enough to power the illegal ___.|A familiar job-site object enables a specific outrageous adult contraption.
fill|3|milwaukee-tools|The Milwaukee tool warranty excluded damage caused by ___.|The familiar warranty frame is broad and requires the answer to supply most of the surprise.
fill|4|craftsman|The Craftsman toolbox opened to reveal a smaller toolbox defending itself with ___.|A recognizable tool container creates a vivid absurd miniature physical confrontation.
fill|3|ryobi|The Ryobi leaf blower scattered my inheritance across ___.|The physical financial disaster works but the brand is less immediate and fairly interchangeable.
most-likely|5|tide|Who's most likely to send a Tide pod with the ransom note to remove fingerprints?|A household detergent object accompanies a specific self-defeating adult crime procedure.
most-likely|4|gain|Who's most likely to describe their alibi as smelling faintly of Gain?|A familiar scented product becomes concrete and obviously inadequate criminal testimony.
most-likely|3|persil|Who's most likely to ask Persil to remove the shame from the wedding dress?|The moral-stain metaphor is familiar and does not establish a specific outrageous action.
most-likely|4|all-detergent|Who's most likely to use all detergent on the only signed copy of the will?|A familiar liquid cleaner creates a tangible reckless act with adult inheritance consequences.
most-likely|5|arm-and-hammer|Who's most likely to hire the Arm & Hammer arm as a courtroom bodyguard?|A recognizable package logo receives a concrete absurd adult legal-security role.
most-likely|5|oxiclean|Who's most likely to demonstrate OxiClean on the evidence the detective just bagged?|A familiar strong cleaner is used in a specific openly incriminating physical act.
most-likely|4|downy|Who's most likely to use Downy on the judge's robe while the verdict is read?|A familiar fabric treatment intrudes physically on a precise adult courtroom moment.
most-likely|4|bounce|Who's most likely to slip a Bounce sheet into the prenup to prevent clinginess?|The static-control feature literalizes a specific adult relationship document joke.
most-likely|5|snuggle|Who's most likely to ask the Snuggle bear to serve the restraining order?|A household cuddly mascot receives a concrete incompatible adult legal assignment.
most-likely|5|clorox|Who's most likely to ask Clorox whether the surviving 0.1% can testify?|The household germ-killing claim becomes a specific absurd courtroom witness question.
most-likely|4|lysol|Who's most likely to spray Lysol at the ghost and charge it a cleaning fee?|A familiar cleaning product creates a visible supernatural action and petty adult transaction.
most-likely|5|mr-clean|Who's most likely to demand Mr. Clean sign an NDA before mopping the crime scene?|A household cleaning mascot receives a precise outrageous adult secrecy requirement.
most-likely|4|pine-sol|Who's most likely to pour Pine-Sol on the patio and call it forest burial?|A familiar pine scent becomes a tangible undignified substitute for an adult memorial practice.
most-likely|3|fabuloso|Who's most likely to mistake Fabuloso for the signature cocktail at their divorce party?|The colorful bottle mix-up is specific but hinges on a recognizable real hazard rather than wit.
most-likely|3|formula-409|Who's most likely to demand a refund because Formula 409 cleaned only 408 stains?|The literal number gag is coherent but mechanically predictable.
most-likely|4|comet-cleanser|Who's most likely to dust the autopsy table with Comet before the coroner arrives?|A recognizable abrasive cleaner physically disrupts a precise morbid professional procedure.
most-likely|3|ajax-cleanser|Who's most likely to enter Ajax in the medieval tournament as their champion?|The mythic-name pun is less immediate and the imagined cleaning-can role feels arbitrary.
most-likely|5|dawn|Who's most likely to wash the stolen fingerprints off their gloves with Dawn?|A familiar degreaser creates a concrete and absurdly confused adult forensic tactic.
most-likely|4|palmolive|Who's most likely to blow Palmolive bubbles during the reading of the will?|A familiar cleaning liquid provides a visible childish act in an explicitly adult legal ritual.
most-likely|5|cascade|Who's most likely to put the bribe money through the dishwasher with Cascade?|A household dishwashing product literalizes a specific adult financial crime.
most-likely|4|finish-dishwasher|Who's most likely to call a Finish tablet the key witness, then run the dishwasher?|A familiar dissolving object creates a specific comically self-defeating legal-evidence act.
most-likely|5|febreze|Who's most likely to spray Febreze at the bailiff and call it witness protection?|A household odor product becomes a visible absurd substitute for a serious legal service.
most-likely|4|glade|Who's most likely to unplug the Glade because the ghost keeps requesting rent?|A recognizable scent device is linked to a specific petty supernatural housing dispute.
most-likely|3|air-wick|Who's most likely to list an Air Wick refill as the estate's only liquid asset?|The finance pun is coherent but the scent brand contributes little distinctive behavior.
most-likely|5|swiffer|Who's most likely to preserve the Swiffer pad as the crime scene's family portrait?|A dirty household cleaning pad becomes a concrete ridiculous forensic keepsake.
most-likely|5|roomba|Who's most likely to put the Roomba on parole after it steals the wedding ring?|A household moving appliance receives a specific adult criminal punishment.
most-likely|4|dyson|Who's most likely to invoice the police for using their Dyson to collect evidence?|A recognizable expensive vacuum motivates a precise petty forensic service charge.
most-likely|4|shark-vacuum|Who's most likely to cage the Shark vacuum before the landlord's inspection?|The appliance's predator name produces a visible absurd adult property-management precaution.
most-likely|3|bissell|Who's most likely to demand the Bissell preserve the stain as a historical landmark?|The excessive stain treatment is understandable but the brand adds no strong unique feature.
most-likely|4|hoover|Who's most likely to make the Hoover swallow the court summons and claim immunity?|A familiar vacuum becomes a specific futile adult legal-evasion device.
most-likely|3|eureka-vacuum|Who's most likely to shout Eureka every time the Eureka finds one coin?|The literal repeated-name joke is mild and mechanically predictable.
most-likely|3|miele|Who's most likely to ask the Miele dishwasher for a reference before dating again?|The appliance-personification frame is coherent but the premium brand is less immediate.
most-likely|3|bosch|Who's most likely to make the Bosch dishwasher sign a confidentiality agreement?|The absurd domestic paperwork is clear but lacks a strong brand-specific premise.
most-likely|4|whirlpool|Who's most likely to use the Whirlpool spin cycle as the séance's portal test?|A household spinning appliance gets a specific visibly absurd supernatural assignment.
most-likely|5|maytag|Who's most likely to ask the Maytag repairman to fix the witness's broken alibi?|The recognizable repair persona receives a concrete impossible adult legal-service request.
most-likely|4|general-electric|Who's most likely to feed the GE ice maker scraps of the divorce settlement?|A familiar appliance physically destroys a specific consequential adult legal document.
most-likely|5|kitchenaid|Who's most likely to knead the ransom note into dough with the KitchenAid?|A distinctive moving mixer performs a concrete absurd criminal communication task.
most-likely|4|cuisinart|Who's most likely to ask Cuisinart for an attachment that shreds parking tickets?|A recognizable cutting appliance receives a precise petty legal-evasion product request.
most-likely|5|instant-pot|Who's most likely to ask the Instant Pot to speed up the grieving process?|The household pressure appliance gets a specific and morbidly inappropriate adult service request.
most-likely|4|crock-pot|Who's most likely to slow-cook the eviction notice in the Crock-Pot overnight?|A familiar slow cooker physically postpones a concrete adult housing consequence.
most-likely|4|ninja-appliances|Who's most likely to hire the Ninja blender as the getaway car's silent partner?|The household appliance's stealth name becomes a specific absurd adult criminal role.
most-likely|5|vitamix|Who's most likely to blend the tax receipts into a smoothie with the Vitamix?|A recognizable powerful blender physically destroys concrete adult financial records.
most-likely|3|nutribullet|Who's most likely to count the NutriBullet as their armed security system?|The literal bullet-name pun is understandable but fairly generic and weakly contextualized.
most-likely|3|hamilton-beach|Who's most likely to give the Hamilton Beach toaster power of attorney?|The appliance-personification joke is legible but the brand contributes little specificity.
most-likely|4|black-and-decker|Who's most likely to use Black+Decker to install a peephole in the courtroom wall?|A recognizable power tool performs a concrete outrageous act in an adult legal setting.
most-likely|5|dewalt|Who's most likely to power the coffin's reading light with a DeWalt battery?|A familiar work-site battery supports a specific and tasteless funeral customization.
most-likely|3|milwaukee-tools|Who's most likely to claim Milwaukee's warranty covers their failed marriage?|The household tool warranty is applied through a familiar broad relationship metaphor.
most-likely|4|craftsman|Who's most likely to demand the Craftsman toolbox testify about the missing wrench?|A recognizable physical container receives a specific absurd forensic responsibility.
most-likely|3|ryobi|Who's most likely to clear the funeral flowers with a Ryobi leaf blower?|The physical act is morbidly inappropriate but the tool brand is comparatively less immediate.
most-likely|4|gain|Who's most likely to ask Gain to certify the getaway car smells freshly laundered?|A familiar scented detergent is enlisted for a concrete absurd adult criminal quality check.
