fill|5|apple|The Apple Genius Bar diagnosed my phone with ___ and prescribed a new coffin.|A familiar repair service makes a specific outrageous medical-and-funeral diagnosis.
fill|4|samsung|The Samsung fridge's touchscreen displayed a restraining order against ___.|A recognizable smart appliance becomes a concrete adult legal complainant.
fill|5|google|Google Maps rerouted the hearse to avoid the deceased's unpaid ___.|The household navigation service gives a specific morbid debt-avoidance instruction.
fill|5|microsoft|Microsoft Word autocorrected my confession to say I'd merely borrowed ___.|A familiar editing function changes a concrete incriminating adult document.
fill|3|ibm|IBM's supercomputer spent six months calculating the ideal alibi for ___.|The criminal calculation is legible but the broad computing reference lacks a sharp mechanism.
fill|4|intel|The Intel jingle played whenever the coroner removed ___.|A familiar computer sound marks a specific inappropriate autopsy action.
fill|3|amd|The AMD processor overheated while calculating how much I owed ___.|The computing overload joke is generic and the brand contributes limited household specificity.
fill|4|hp|The HP printer refused to print the will unless it inherited ___.|A recognizable temperamental household machine demands a concrete absurd inheritance benefit.
fill|4|dell|The Dell laptop webcam caught the ghost secretly applying for ___.|A familiar device records a specific petty supernatural adult activity.
fill|3|lenovo|The Lenovo laptop required proof of innocence before opening ___.|The absurd access condition is clear but the brand and file slot remain generic.
fill|3|asus|The ASUS router established a connection with the deceased's ___.|The supernatural networking premise is understandable but the brand is comparatively less immediate.
fill|3|acer|The Acer warranty covered only the first three attempts to ___.|The broad warranty limitation leaves most comic specificity to the missing act.
fill|3|toshiba|The Toshiba copier duplicated the divorce papers and the lawyer's ___.|The physical copying scene is legible but the recognizable brand adds little distinctive detail.
fill|4|sony|The Sony noise-canceling headphones removed every sound except ___ at the funeral.|A familiar audio feature fails at a specific morbid adult ceremony.
fill|3|panasonic|The Panasonic microwave offered a special defrost setting for ___.|The odd appliance-setting frame is clear but depends heavily on the supplied object.
fill|4|philips|The Philips electric razor shaved my face and erased all evidence of ___.|A familiar grooming object has a specific exaggerated adult forensic side effect.
fill|3|sharp-electronics|The Sharp copier printed a signed apology for the disappearance of ___.|The talking-office-machine joke is coherent but the brand's role is interchangeable.
fill|3|sanyo|The Sanyo remote changed the channel and accidentally selected ___.|The older brand and unspecified magical channel leave a fairly weak first-read premise.
fill|4|logitech|The Logitech mouse clicked itself and bought a burial plot next to ___.|A recognizable input device makes a concrete eerie adult property purchase.
fill|3|razer|The Razer keyboard lit up only when I typed the forbidden name of ___.|The gaming-brand reference is less universal despite a visible supernatural lighting mechanism.
fill|3|corsair|The Corsair headset transmitted the bailiff's private plans to ___.|The covert audio scene is clear but the brand is niche and adds little unique force.
fill|4|alienware|The Alienware computer demanded proof I hadn't secretly married ___.|The familiar alien-themed device enforces a specific absurd adult relationship rule.
fill|4|nvidia|NVIDIA rendered the crime scene so beautifully the detective forgot to ___.|A familiar graphics function causes a specific ridiculous lapse in adult police procedure.
fill|5|nintendo|Nintendo added a respawn button to the coffin, but charged extra for ___.|A household gaming mechanism becomes a concrete morbid funeral upsell.
fill|5|playstation|The PlayStation awarded a trophy after I successfully lied about ___.|A recognizable gaming reward system celebrates a specific adult moral failure.
fill|5|xbox|Xbox voice chat interrupted the eulogy with a demand to ___.|A familiar noisy gaming channel intrudes on a precise adult funeral speech.
fill|4|sega|The Sega console's cheat code unlocked a hidden room full of ___.|A household retro-game mechanism reveals a concrete absurd physical space.
fill|4|atari|The Atari joystick steered the wheelchair directly into ___.|A recognizable primitive control device causes a visible inappropriate adult transport event.
fill|4|meta|Meta's privacy settings allowed only my landlord to see ___.|A familiar social-platform setting grants a specific inappropriate adult observer access.
fill|4|oculus|The Oculus headset let me tour the afterlife, but the exit required ___.|A recognizable virtual-reality object creates a specific supernatural access fee or condition.
fill|4|snapchat|The Snapchat filter gave the police sketch adorable ears and ___.|A familiar visual feature alters a concrete adult criminal identification image.
fill|5|pinterest|My Pinterest funeral board accidentally recommended a do-it-yourself ___.|The familiar planning platform offers an outrageous physical project in a morbid adult context.
fill|3|tumblr|The Tumblr ghost refused to haunt anyone who didn't first post ___.|The social-posting gate is clear but the platform is less universal and the act is generic.
fill|5|reddit|Reddit upvoted the ransom note but downvoted my choice of ___.|The household voting mechanism becomes a specific absurd critique of an adult crime.
fill|5|tiktok|The TikTok dance tutorial included a step for concealing ___.|A familiar movement lesson conceals a concrete outrageous adult criminal procedure.
fill|5|zoom|The Zoom funeral's mute button failed just as the deceased said ___.|A household meeting control creates a clear and morbid supernatural interruption.
fill|4|slack|Slack's funeral channel marked the ghost as away because it was busy ___.|A familiar workplace status system reports a specific inappropriate supernatural activity.
fill|4|microsoft-teams|Microsoft Teams assigned my organ donor a meeting titled ___.|A recognizable work platform imposes a specific absurd adult medical administrative demand.
fill|4|dropbox|The Dropbox folder labeled Tax Receipts actually contained detailed plans for ___.|A familiar storage interface exposes a concrete adult financial or criminal secret.
fill|3|box-cloud|The Box cloud-storage subpoena requested every file except ___.|The legal-data request is coherent but the platform name is comparatively niche.
fill|3|evernote|Evernote reminded me that I'd promised to bury ___ before lunch.|The morbid reminder is specific but the brand lacks a strong distinctive contribution.
fill|4|notion|The Notion wedding checklist added a task to obtain a permit for ___.|A familiar organization tool generates a specific outrageous adult ceremony requirement.
fill|5|adobe|Adobe charged the ghost a cancellation fee for dying before ___.|A household software subscription practice becomes a specific morbid consumer dispute.
fill|4|canva|The Canva obituary template accidentally congratulated grandpa for ___.|A familiar design template produces a concrete tasteless adult memorial mistake.
fill|3|figma|The Figma designer made the restraining order more inviting by adding ___.|The legal-design mismatch is clear but relies on a comparatively niche software reference.
fill|5|grammarly|Grammarly suggested my ransom note sound warmer by mentioning ___.|A familiar tone-editing feature improves a specific outrageous adult criminal message.
fill|5|duolingo|The Duolingo owl arrived at the will reading to collect the missing ___.|A recognizable demanding mascot intrudes on a specific adult inheritance ritual.
fill|3|rosetta-stone|The Rosetta Stone lesson translated my apology as a formal declaration of ___.|The language-error premise is clear but the product contributes a fairly generic translation frame.
fill|5|wikipedia|Wikipedia's entry on my funeral included a citation proving I had ___.|The household encyclopedia's citation mechanism exposes a concrete outrageous adult secret.
fill|5|webmd|WebMD diagnosed the haunted fridge with ___ and suggested immediate amputation.|The familiar symptom site applies a specific absurd medical procedure to a household object.
most-likely|5|apple|Who's most likely to ask the Apple Genius Bar to unlock the deceased's final alibi?|A recognizable repair service receives a specific morbid adult forensic request.
most-likely|4|samsung|Who's most likely to serve a restraining order through the Samsung fridge screen?|A familiar smart appliance becomes a concrete absurd adult legal delivery device.
most-likely|5|google|Who's most likely to let Google Maps choose the shallow grave?|The household navigation service receives a specific outrageous adult criminal decision.
most-likely|5|microsoft|Who's most likely to blame Microsoft Word for autocorrecting the confession to murder?|A familiar editing function becomes a concrete and plainly inadequate adult legal defense.
most-likely|3|ibm|Who's most likely to ask IBM to calculate the cheapest way to disappoint the family?|The broad supercomputer request is coherent but the abstract outcome lacks specific physical stakes.
most-likely|4|intel|Who's most likely to play the Intel jingle each time the coroner finds an organ?|A household computer sound accompanies a precise inappropriate adult autopsy event.
most-likely|3|amd|Who's most likely to demand AMD calculate the emotional interest on the divorce?|The abstract financial metaphor is legible but the processor reference is comparatively interchangeable.
most-likely|5|hp|Who's most likely to offer the HP printer a share of the estate to print the will?|A familiar uncooperative machine receives a concrete outrageous inheritance bribe.
most-likely|4|dell|Who's most likely to put the Dell webcam on trial for recording the ghost's tax fraud?|A recognizable device is assigned specific absurd responsibility for a supernatural adult crime.
most-likely|3|lenovo|Who's most likely to give the Lenovo laptop custody of the shared passwords?|The relationship-document joke is understandable but lacks a strong brand-specific action.
most-likely|3|asus|Who's most likely to ask the ASUS router to block the ghost for unpaid rent?|The supernatural networking act is specific but the hardware brand is less immediate.
most-likely|3|acer|Who's most likely to claim the Acer warranty covers the lost evidence folder?|The adult evidence claim is coherent but the generic warranty frame carries limited surprise.
most-likely|4|toshiba|Who's most likely to run the prenup through the Toshiba copier until it grants a wish?|A recognizable office machine repeats a specific absurd adult legal-magical procedure.
most-likely|4|sony|Who's most likely to wear Sony noise-canceling headphones while reading their own verdict?|A familiar audio device visibly blocks a specific serious adult court outcome.
most-likely|3|panasonic|Who's most likely to ask Panasonic whether the microwave can defrost the inheritance?|The financial-object metaphor is clear but the appliance brand adds little unique detail.
most-likely|4|philips|Who's most likely to shave the police sketch's beard with a Philips razor?|A familiar grooming tool performs a concrete and physically impossible forensic alteration.
most-likely|3|sharp-electronics|Who's most likely to ask the Sharp copier to duplicate their alibi witnesses?|The impossible copying request is coherent but the brand is comparatively interchangeable.
most-likely|3|sanyo|Who's most likely to click the Sanyo remote at the judge until the verdict changes?|The physical adult court act is specific but the older electronics brand is less immediate.
most-likely|4|logitech|Who's most likely to demand the Logitech mouse identify who clicked the ransom link?|A recognizable input object receives a precise absurd adult forensic testimony task.
most-likely|3|razer|Who's most likely to make the Razer keyboard flash whenever the bailiff approaches?|The physical warning system is clear but the niche gaming reference limits accessibility.
most-likely|3|corsair|Who's most likely to wear a Corsair headset to overhear the jury's group chat?|The adult legal intrusion is specific but depends on a less familiar gaming brand.
most-likely|4|alienware|Who's most likely to subpoena Alienware as proof the witness isn't from Earth?|A familiar alien-themed computer name supports a concrete absurd court allegation.
most-likely|4|nvidia|Who's most likely to ask NVIDIA to add flattering lighting to the crime-scene replay?|The graphics function creates a specific inappropriate adult forensic editing request.
most-likely|5|nintendo|Who's most likely to demand Nintendo install a respawn button at the crematorium?|A household gaming mechanism is assigned an explicit impossible adult death-service task.
most-likely|5|playstation|Who's most likely to request a PlayStation trophy for successfully dodging the subpoena?|A recognizable gaming reward celebrates a specific outrageous adult legal evasion.
most-likely|5|xbox|Who's most likely to unmute Xbox voice chat while delivering the eulogy?|A familiar disruptive gaming channel intrudes on a precise adult funeral responsibility.
most-likely|4|sega|Who's most likely to try the Sega cheat code on the courthouse metal detector?|A household retro-game mechanism is applied to a specific inappropriate adult security device.
most-likely|4|atari|Who's most likely to steer the getaway scooter with an Atari joystick?|A recognizable primitive game controller becomes a concrete absurd adult criminal tool.
most-likely|4|meta|Who's most likely to ask Meta to verify the ghost before accepting its friend request?|A familiar social-platform identity procedure creates a specific supernatural consumer decision.
most-likely|4|oculus|Who's most likely to wear an Oculus to visit the afterlife and complain about parking?|A recognizable virtual-reality device supports a specific petty supernatural tourism grievance.
most-likely|4|snapchat|Who's most likely to add a Snapchat puppy filter to the police sketch?|A household image feature physically undermines a specific adult forensic document.
most-likely|5|pinterest|Who's most likely to build the coffin from a Pinterest tutorial meant for a spice rack?|The familiar project platform produces a specific morbid and physically inadequate DIY mistake.
most-likely|3|tumblr|Who's most likely to make the ghost open a Tumblr before accepting its confession?|The posting requirement is coherent but the platform is less immediate and the act arbitrary.
most-likely|5|reddit|Who's most likely to ask Reddit to downvote the warrant until it disappears?|A familiar voting feature becomes a concrete ridiculous adult legal-evasion tactic.
most-likely|5|tiktok|Who's most likely to practice the TikTok dance while the ankle monitor charges?|A household dance activity accompanies a specific inappropriate adult criminal restriction.
most-likely|5|zoom|Who's most likely to mute the ghost during the Zoom funeral for speaking out of turn?|A familiar meeting control is applied to a specific outrageous supernatural adult participant.
most-likely|4|slack|Who's most likely to mark themselves available on Slack during their own autopsy?|A familiar work status creates an explicit morbid adult availability contradiction.
most-likely|4|microsoft-teams|Who's most likely to invite the organ donor to a Microsoft Teams performance review?|A recognizable meeting platform imposes a specific outrageous adult medical-workplace ritual.
most-likely|4|dropbox|Who's most likely to share the Dropbox alibi folder with the detective by mistake?|A household file-sharing action creates a concrete self-incriminating adult criminal error.
most-likely|3|box-cloud|Who's most likely to list Box cloud storage as the estate's largest piece of furniture?|The literal product-name pun is clear but the platform is comparatively niche.
most-likely|3|evernote|Who's most likely to set an Evernote reminder to remember the crimes they confessed to?|The adult reminder task is specific but the app adds limited distinctive comic information.
most-likely|4|notion|Who's most likely to put escape from the wedding on the Notion seating chart?|A familiar planning tool receives a specific inappropriate adult ceremonial contingency.
most-likely|5|adobe|Who's most likely to ask Adobe whether death counts as an early cancellation?|The household subscription policy creates a precise morbid adult consumer dispute.
most-likely|4|canva|Who's most likely to use Canva's birthday template for the deceased's obituary?|A recognizable design interface causes a specific tasteless adult memorial substitution.
most-likely|3|figma|Who's most likely to ask Figma to make the restraining order more clickable?|The adult legal-design mismatch is coherent but relies on less universal product knowledge.
most-likely|5|grammarly|Who's most likely to run the ransom note through Grammarly's friendly-tone setting?|A familiar writing feature improves a specific outrageous adult criminal message.
most-likely|5|duolingo|Who's most likely to name the Duolingo owl as executor so the will gets done on time?|A recognizable demanding mascot receives a specific absurd adult inheritance role.
most-likely|3|rosetta-stone|Who's most likely to practice the Rosetta Stone apology lesson during sentencing?|The legal timing is specific but the language-learning brand contributes a fairly generic action.
most-likely|5|wikipedia|Who's most likely to demand Wikipedia citations before agreeing to the ghost's haunting?|The household encyclopedia's evidence practice becomes a specific absurd supernatural requirement.
most-likely|5|webmd|Who's most likely to consult WebMD about the ghost's persistent lack of pulse?|The household symptom site receives a precise and comically pointless adult supernatural query.
