fill|5|darth-vader|Darth Vader Force-choked the ATM after it charged him for ___.|A recognizable power meets a specific petty adult financial grievance.
fill|5|yoda|Yoda's prenup protected his right to speak backward while dividing ___.|The familiar speech pattern creates a concrete absurd adult relationship contract.
fill|4|obi-wan-kenobi|Obi-Wan's Jedi mind trick failed on the landlord, who still demanded ___.|A recognizable persuasion power meets an explicit adult housing transaction.
fill|4|chewbacca|Chewbacca's hair clogged the funeral home's ___ and voided the warranty.|The distinctive furry adult character causes a specific morbid property-service problem.
fill|5|han-solo|Han Solo tried to pay the parking ticket by smuggling ___ past the clerk.|The familiar adult smuggler applies a concrete criminal tactic to a petty civic obligation.
fill|4|princess-leia|Princess Leia's diplomatic immunity covered everything except ___.|A recognizable adult leader's status receives a clear outrageous legal exception.
fill|5|jean-luc-picard|Picard's captain's log accidentally recorded the instructions for hiding ___.|A familiar adult officer's document exposes a specific covert physical procedure.
fill|5|spock|Spock found the funeral illogical because the mourners kept billing him for ___.|The familiar logical adult character faces a specific morbid consumer contradiction.
fill|4|james-t-kirk|Captain Kirk's last will gave the spaceship to ___ and the debt to everyone else.|The recognizable adult captain makes a concrete outrageous inheritance allocation.
fill|4|data-star-trek|Data's emotion chip activated just as the bailiff announced ___.|A recognizable android feature reacts at a specific adult legal moment.
fill|5|superman|Superman's X-ray vision revealed the wedding cake was stuffed with ___.|A household superpower uncovers a tangible outrageous adult ceremonial secret.
fill|5|batman|Batman added a Bat-button specifically for escaping ___.|The familiar gadget-heavy adult hero builds a concrete absurd emergency feature.
fill|4|wonder-woman|Wonder Woman's truth lasso made the wedding caterer confess to ___.|A recognizable truth weapon exposes a specific adult service wrongdoing.
fill|4|aquaman|Aquaman's fish witnesses refused to testify until the courtroom supplied ___.|A familiar adult hero's aquatic subjects make a concrete absurd legal demand.
fill|5|the-flash|The Flash finished the divorce before the lawyer could bill him for ___.|Recognizable superspeed meets a specific exploitative adult legal transaction.
fill|3|green-lantern|Green Lantern's ring constructed the perfect excuse for ___.|The abstract excuse object is harder to picture despite the recognizable adult hero.
fill|5|joker-dc|The Joker's balloon animal contained a signed confession to ___.|A familiar adult villain's party object hides specific incriminating paperwork.
fill|4|harley-quinn|Harley Quinn's giant mallet was denied as collateral for ___.|The adult character's recognizable weapon enters a concrete absurd financial transaction.
fill|5|catwoman|Catwoman stole the engagement ring, then charged the couple for ___.|A familiar adult thief turns a specific romantic crime into an outrageous service bill.
fill|5|iron-man|Iron Man's suit refused to launch until he accepted the terms for ___.|A household powered suit develops a specific absurd consumer-software barrier.
fill|5|thor|Thor's hammer found the funeral director unworthy of handling ___.|A recognizable worthiness rule becomes a specific morbid adult professional judgment.
fill|5|hulk|The Hulk's rage stopped instantly when the insurance adjuster mentioned ___.|The familiar adult transformation meets a concrete absurd financial deterrent.
fill|4|captain-america|Captain America's shield was confiscated because the airport found ___ inside it.|A recognizable adult hero's object becomes tangible evidence at a specific security checkpoint.
fill|4|black-widow-marvel|Black Widow infiltrated the reunion disguised as the person who'd repossessed ___.|A familiar adult spy adopts a specific socially outrageous identity.
fill|5|doctor-strange|Doctor Strange opened a portal to the afterlife and charged a fee for ___.|A recognizable magical mechanism creates a concrete morbid consumer upsell.
fill|4|deadpool|Deadpool broke the fourth wall to ask the audience to co-sign ___.|The adult character's familiar narrative trick becomes a specific absurd financial solicitation.
fill|5|wolverine|Wolverine's claws voided the coffin warranty after he tried to ___.|A recognizable adult weapon causes a specific morbid product-service dispute.
fill|4|magneto|Magneto pulled every wedding ring off at once and invoiced the guests for ___.|A familiar magnetic power causes a tangible outrageous adult ceremonial transaction.
fill|4|professor-x|Professor X read the jury's minds and immediately requested ___.|A recognizable adult telepath obtains specific disturbing legal information.
fill|4|storm-x-men|Storm's funeral forecast included light rain and a 70% chance of ___.|A familiar adult weather power produces an absurdly specific morbid prediction.
fill|5|mystique|Mystique became the divorce lawyer, the judge, and finally ___.|A recognizable adult shape-shifting power escalates a concrete fraudulent legal proceeding.
fill|5|venom|Venom's extra head demanded its own seat at the ___ hearing.|A familiar adult monster feature creates a tangible absurd court accommodation request.
fill|5|thanos|Thanos snapped away half the debt, but the bank still charged him for ___.|The household elimination gesture meets a specific petty adult financial consequence.
fill|4|loki-marvel|Loki forged the adoption papers that legally made the landlord his ___.|The familiar adult trickster performs a concrete outrageous relationship fraud.
fill|5|indiana-jones|Indiana Jones swapped the golden idol for the landlord's ___.|A recognizable adult artifact maneuver uses a specific absurd household substitute.
fill|5|james-bond|James Bond ordered his divorce papers shaken, not stirred, with a side of ___.|A household adult catchphrase becomes a specific ridiculous legal-service order.
fill|4|jason-bourne|Jason Bourne finally remembered where he'd hidden the receipt for ___.|The familiar adult amnesia premise reveals a concrete petty financial secret.
fill|5|john-wick|John Wick called off the revenge mission after the dry cleaner returned ___.|A recognizable adult vengeance figure is diverted by a specific absurd service resolution.
fill|4|rambo|Rambo's survival kit included a knife, rope, and a coupon for ___.|The familiar adult action persona packs a tangible incongruously petty consumer object.
fill|4|rocky-balboa|Rocky punched the wedding cake until the hidden ___ fell out.|A recognizable adult boxing action causes a visible outrageous ceremonial discovery.
fill|5|terminator|The Terminator came back from the future to cancel my subscription to ___.|The household adult time-travel premise performs a specific absurd consumer task.
fill|5|robocop|RoboCop issued a parking ticket to the hearse for blocking ___.|A familiar adult policing machine enforces a specific petty morbid civic rule.
fill|4|dirty-harry|Dirty Harry asked the funeral director whether the deceased felt lucky about ___.|The household adult catchphrase becomes a concrete tasteless funeral-service question.
fill|4|ellen-ripley|Ripley found the alien in the escrow paperwork, demanding ___.|The recognizable adult survivor encounters a specific absurd extraterrestrial financial claim.
fill|5|gandalf|Gandalf refused to let the repo man pass until he returned ___.|The familiar adult wizard's barrier phrase becomes a concrete petty property dispute.
fill|5|gollum|Gollum called the engagement ring precious and billed the couple for ___.|A recognizable adult obsession creates a specific absurd romantic service charge.
fill|4|frodo-baggins|Adult Frodo took the wedding ring to the volcano after reading ___.|The explicit adult character's familiar ring journey responds to a concrete relationship document.
fill|4|bilbo-baggins|Adult Bilbo's retirement party disappeared when he put on ___ instead of the ring.|The explicit adult's recognizable invisibility trick receives a tangible absurd substitution.
fill|4|sauron|Sauron's all-seeing eye missed the tiny clause that required him to ___.|A familiar adult villain's omniscient feature fails at a specific legal-document trap.
fill|5|count-dracula|Dracula's blood subscription was suspended after his card declined for ___.|A household adult monster faces a concrete absurd recurring-payment problem.
most-likely|5|darth-vader|Who's most likely to ask Darth Vader to Force-choke the ATM's service fee?|A household adult power is requested for a specific physically impossible financial grievance.
most-likely|5|yoda|Who's most likely to make Yoda read the prenup until the lawyer cries?|The recognizable speech pattern creates a specific outrageous adult legal-service ordeal.
most-likely|4|obi-wan-kenobi|Who's most likely to ask Obi-Wan to mind-trick the repo man into a refund?|A familiar adult persuasion power serves a concrete petty financial evasion.
most-likely|4|chewbacca|Who's most likely to blame Chewbacca for the hair clog in the crematorium?|A distinctive furry adult character becomes the concrete scapegoat for a morbid service failure.
most-likely|4|han-solo|Who's most likely to hire Han Solo to smuggle the parking ticket out of court?|The familiar adult smuggler receives a specific ridiculously trivial criminal assignment.
most-likely|4|princess-leia|Who's most likely to borrow Princess Leia's diplomatic immunity for a parking dispute?|A recognizable adult political status becomes a specific excessive civic defense.
most-likely|5|jean-luc-picard|Who's most likely to make Picard dictate the alibi into his captain's log?|A familiar adult officer's document is used for a concrete absurd criminal cover story.
most-likely|5|spock|Who's most likely to ask Spock whether crying costs extra at the funeral?|The logical adult character receives a precise morbid consumer-pricing question.
most-likely|4|james-t-kirk|Who's most likely to make Captain Kirk captain of the rented wedding limo?|A household adult command role is applied to a specific absurd ceremonial vehicle.
most-likely|4|data-star-trek|Who's most likely to ask Data to turn off his emotion chip during the prenup signing?|A recognizable android feature becomes a specific inappropriate adult relationship control.
most-likely|5|superman|Who's most likely to ask Superman to X-ray the wedding gifts for cash?|A household superpower serves a specific shameless adult ceremonial inventory task.
most-likely|5|batman|Who's most likely to demand Batman add a Bat-button that deletes the divorce fees?|The familiar gadget mechanism is assigned a specific impossible adult financial function.
most-likely|4|wonder-woman|Who's most likely to borrow Wonder Woman's truth lasso for the catering refund?|A recognizable adult truth weapon performs a specific excessively forceful consumer procedure.
most-likely|4|aquaman|Who's most likely to ask Aquaman whether the lobster can testify against the chef?|A familiar adult aquatic power produces a specific absurd courtroom witness inquiry.
most-likely|5|the-flash|Who's most likely to hire the Flash to leave the wedding before the bill arrives?|Recognizable superspeed performs a concrete outrageous adult consumer evasion.
most-likely|3|green-lantern|Who's most likely to ask Green Lantern's ring to make a convincing apology?|The abstract constructed apology is less vivid despite the familiar adult hero.
most-likely|4|joker-dc|Who's most likely to hire the Joker to twist balloons at the plea-bargain meeting?|A familiar adult villain's party behavior intrudes on a specific serious legal procedure.
most-likely|4|harley-quinn|Who's most likely to borrow Harley Quinn's mallet to dispute the minibar charge?|A distinctive adult weapon is used for a concrete excessive consumer grievance.
most-likely|5|catwoman|Who's most likely to hire Catwoman to repossess the engagement ring before the proposal?|A recognizable adult thief performs a specific absurdly premature romantic financial action.
most-likely|5|iron-man|Who's most likely to ask Iron Man's suit to stop updating during the organ delivery?|A household powered device suffers a precise outrageous software interruption in adult medicine.
most-likely|5|thor|Who's most likely to ask Thor's hammer to judge whether the undertaker is worthy?|A recognizable worthiness mechanism becomes a specific morbid adult credentialing procedure.
most-likely|5|hulk|Who's most likely to give the Hulk the insurance claim and demand smaller handwriting?|A household adult giant receives a concrete absurdly fussy financial-document instruction.
most-likely|4|captain-america|Who's most likely to use Captain America's shield as the courthouse coin tray?|A recognizable adult hero's object becomes a tangible inappropriate security accessory.
most-likely|4|black-widow-marvel|Who's most likely to hire Black Widow to infiltrate the reunion as the repo agent?|A familiar adult spy adopts a specific socially outrageous disguise.
most-likely|5|doctor-strange|Who's most likely to ask Doctor Strange for a portal that skips funeral parking fees?|A household magical mechanism serves a precise morbid and petty consumer evasion.
most-likely|4|deadpool|Who's most likely to ask Deadpool to break the fourth wall and find a mortgage co-signer?|The adult character's distinctive narrative trick performs a concrete absurd financial task.
most-likely|5|wolverine|Who's most likely to borrow Wolverine's claws to open the sealed coffin warranty?|A recognizable adult weapon performs a specific self-defeating morbid document-opening act.
most-likely|4|magneto|Who's most likely to hire Magneto to repossess every ring at the divorce party?|A familiar magnetic power performs a tangible outrageous adult relationship collection.
most-likely|4|professor-x|Who's most likely to ask Professor X to read the jury's minds and charge by the head?|A recognizable adult telepath turns a specific unlawful legal service into an absurd bill.
most-likely|4|storm-x-men|Who's most likely to ask Storm for rain only over the ex's wedding table?|A familiar adult weather power performs a precise petty ceremonial retaliation.
most-likely|5|mystique|Who's most likely to hire Mystique as both lawyers and the divorce judge?|A recognizable adult shape-shifting power performs a concrete absurd legal fraud.
most-likely|5|venom|Who's most likely to demand Venom's extra head pay its own share of rent?|A familiar adult monster feature receives a specific absurd household financial obligation.
most-likely|5|thanos|Who's most likely to ask Thanos to snap away half the catering bill?|A household destructive adult gesture is used for a precise petty consumer request.
most-likely|4|loki-marvel|Who's most likely to let Loki forge the paperwork that makes the landlord family?|A recognizable adult trickster performs a concrete outrageous relationship-document fraud.
most-likely|5|indiana-jones|Who's most likely to hire Indiana Jones to swap the will for a bag of sand?|A household adult artifact maneuver physically replaces a consequential inheritance document.
most-likely|5|james-bond|Who's most likely to ask James Bond to shake the prenup until the debts fall out?|A familiar adult catchphrase causes a specific impossible legal-document manipulation.
most-likely|4|jason-bourne|Who's most likely to hire Jason Bourne to remember the alibi they already forgot?|The recognizable adult amnesia premise is applied to a specific absurd criminal need.
most-likely|5|john-wick|Who's most likely to ask John Wick to retrieve the dry cleaner's lost cufflink?|A household adult vengeance persona performs a concrete ridiculously trivial recovery mission.
most-likely|4|rambo|Who's most likely to make Rambo negotiate the coupon terms at the funeral home?|A familiar adult action figure faces a specific absurdly petty morbid consumer task.
most-likely|4|rocky-balboa|Who's most likely to ask Rocky to punch the hidden fees out of the wedding cake?|Recognizable adult boxing behavior performs a concrete impossible financial-ceremonial task.
most-likely|5|terminator|Who's most likely to send the Terminator back in time to stop the subscription renewal?|A household adult time-travel mechanism performs a precise petty consumer intervention.
most-likely|5|robocop|Who's most likely to hire RoboCop to enforce the funeral's reserved parking spaces?|A familiar adult policing machine receives a specific tasteless civic assignment.
most-likely|4|dirty-harry|Who's most likely to ask Dirty Harry to intimidate the undertaker into a discount?|A recognizable adult threatening persona performs a concrete morbid consumer negotiation.
most-likely|4|ellen-ripley|Who's most likely to ask Ripley to remove the alien from the escrow meeting?|A household adult alien-survivor role performs a specific absurd financial-service task.
most-likely|5|gandalf|Who's most likely to hire Gandalf to block the repo man at the apartment door?|A recognizable adult wizard's barrier action performs a concrete petty housing defense.
most-likely|5|gollum|Who's most likely to make Gollum appraise the engagement ring during the proposal?|A household adult ring obsession intrudes on a specific inappropriate romantic ritual.
most-likely|4|frodo-baggins|Who's most likely to ask adult Frodo to destroy the wedding ring before the prenup?|The explicit adult character's ring journey becomes a concrete absurd relationship intervention.
most-likely|4|bilbo-baggins|Who's most likely to ask adult Bilbo to disappear while the catering bill is read?|The explicit adult's recognizable invisibility trick serves a specific outrageous consumer evasion.
most-likely|4|sauron|Who's most likely to ask Sauron's eye to watch the ex's wedding livestream?|A familiar adult villain's surveillance feature performs a specific petty romantic task.
most-likely|5|count-dracula|Who's most likely to make Dracula sign the blood bank's recurring-payment agreement?|A household adult monster receives a precise absurd medical-consumer paperwork obligation.
