fill|5|michael-jordan|Michael Jordan's air shoes lifted the coffin just high enough to hit ___.|A household athlete's familiar flying association creates a visible absurd funeral mishap.
fill|5|lebron-james|LeBron's chalk toss revealed we'd accidentally packed ___ instead of chalk.|The recognizable pregame ritual produces a tangible outrageous substance mix-up.
fill|4|kobe-bryant|Kobe's fictional game-winning shot bounced off the ceiling and landed in ___.|The explicit imagined basketball action causes a concrete adult-setting collision without real-event claims.
fill|5|shaquille-oneal|Shaq's tiny rental car required us to remove ___ before he could get in.|The household athlete's familiar size creates a tangible outrageous vehicle modification.
fill|5|stephen-curry|Steph Curry's three-pointer knocked the engagement ring straight into ___.|A familiar long-distance shooting skill causes a specific absurd adult romantic mishap.
fill|4|magic-johnson|Magic Johnson's no-look pass hit the adult wedding guest carrying ___.|A recognizable basketball move causes a tangible and answerable ceremonial disaster.
fill|3|larry-bird|Larry Bird's trash talk made the funeral director reconsider ___.|The recognizable adult competitiveness is clear but the unfilled reaction is fairly abstract.
fill|5|charles-barkley|Charles Barkley's halftime analysis explained why my marriage needed ___.|A familiar outspoken sports analyst evaluates a specific absurd adult relationship problem.
fill|4|dennis-rodman|Dennis Rodman's wedding outfit contained a hidden compartment for ___.|The household adult's flamboyant styling enables a concrete ceremonial concealment joke.
fill|4|kareem-abdul-jabbar|Kareem's skyhook launched the divorce settlement directly into ___.|A distinctive adult basketball move causes a visible outrageous legal-document event.
fill|3|tim-duncan|Tim Duncan celebrated the séance by quietly organizing ___.|The understated adult persona is less universal and the setup supplies mild stakes.
fill|4|kevin-durant|Kevin Durant's long arms reached across the banquet to repossess ___.|A familiar tall adult athlete performs a tangible socially outrageous ceremonial collection.
fill|3|giannis-antetokounmpo|Giannis's free-throw routine lasted until the priest finally declared ___.|The specific sports reference is less universal despite a clear ceremonial delay.
fill|3|luka-doncic|Luka's step-back landed him in the next room, where he discovered ___.|The physical mishap is visible but requires relatively specific basketball knowledge.
fill|3|dirk-nowitzki|Dirk's fadeaway avoided the bouquet but hit ___.|The recognizable adult move is sport-specific and the short target frame is fairly open.
fill|4|yao-ming|Yao Ming's height revealed the secret compartment above the courtroom containing ___.|A distinctive physical trait uncovers a tangible absurd adult legal secret.
fill|4|allen-iverson|Allen Iverson's practice session required a waiver for anyone carrying ___.|The familiar practice reference becomes a concrete absurd adult safety requirement.
fill|3|dwyane-wade|Dwyane Wade's dunk sent the wedding cake into ___.|The adult athlete is recognizable but the dunk-and-target frame lacks unique character detail.
fill|3|scottie-pippen|Scottie Pippen refused to assist the groom until someone paid for ___.|The teammate-assist joke is coherent but relies on comparatively specific sports context.
fill|4|wilt-chamberlain|Wilt's giant wingspan accidentally signed all six divorce papers as ___.|A familiar very tall adult athlete creates a tangible absurd legal-signature mishap.
fill|5|tom-brady|Tom Brady unretired midway through the eulogy to demand another chance at ___.|The household retirement reversal becomes a concrete and tasteless adult ceremonial interruption.
fill|5|patrick-mahomes|Mahomes threw the wedding bouquet behind his back and knocked out ___.|A recognizable trick-passing style causes a specific outrageous adult ceremonial collision.
fill|4|peyton-manning|Peyton Manning called an audible and changed the funeral procession to ___.|A household quarterback tactic alters a concrete absurd adult memorial route.
fill|3|eli-manning|Eli Manning's wedding playbook required the best man to intercept ___.|The adult football analogy is clear but the character-specific humor is comparatively slight.
fill|4|joe-montana|Joe Montana's two-minute drill gave the mortician just enough time to ___.|A familiar sports deadline becomes a specific inappropriate adult death-service procedure.
fill|4|aaron-rodgers|Aaron Rodgers's Hail Mary landed in the collection plate, knocking out ___.|A household football action enters a tangible absurd adult religious transaction.
fill|4|brett-favre|Brett Favre's retirement letter came with a return label for ___.|The familiar adult retirement association becomes a concrete absurd reversible paperwork choice.
fill|3|joe-burrow|Joe Burrow's sunglasses hid a tiny reflection of ___.|The recognizable adult fashion object produces a clear clue but weak outrageous stakes.
fill|5|rob-gronkowski|Gronk spiked the urn, then asked whether the scattered ___ counted as confetti.|The household adult's familiar celebration causes an explicit tasteless physical funeral disaster.
fill|4|travis-kelce|Travis Kelce caught the wedding bouquet and immediately demanded a contract for ___.|A recognizable adult receiving skill creates a specific absurd ceremonial negotiation.
fill|4|jerry-rice|Jerry Rice caught the escaping ghost and demanded a replay to prove ___.|A household adult receiver performs a visible supernatural sports-evidence procedure.
fill|4|deion-sanders|Deion's flashy wedding entrance required a separate permit for ___.|The familiar flamboyant adult persona causes a concrete outrageous civic requirement.
fill|4|bo-jackson|Bo Jackson's two-sport funeral involved a baseball bat and ___.|A household adult multi-sport association becomes a specific tasteless memorial combination.
fill|3|barry-sanders|Barry Sanders dodged the bouquet, the bill, and ___.|The recognizable evasive skill is clear but the three-item list is comparatively generic.
fill|3|emmitt-smith|Emmitt Smith rushed through the divorce proceedings carrying ___.|The adult football verb is recognizable but the missing object supplies most comic specificity.
fill|4|walter-payton|Walter Payton's fictional touchdown celebration accidentally activated ___.|An explicit imagined adult sports action triggers a tangible absurd device or procedure.
fill|3|derrick-henry|Derrick Henry's stiff-arm left an imprint on the landlord's ___.|The physical adult conflict is concrete but requires sport-specific move knowledge.
fill|3|lamar-jackson|Lamar Jackson escaped the blitz and ran straight into ___.|The athletic action is understandable but the open target frame lacks distinctive adult stakes.
fill|3|josh-allen|Josh Allen hurdled the wedding table and landed on ___.|The physical adult ceremony mishap is clear but the name could be broadly substituted.
fill|3|jalen-hurts|Jalen Hurts's sneak play got the groom through the door carrying ___.|The sport-specific reference limits immediate household accessibility despite the adult setting.
fill|5|lionel-messi|Messi dribbled the funeral urn around the mourners before passing it to ___.|A household adult soccer skill creates an explicit outrageous physical memorial ritual.
fill|5|cristiano-ronaldo|Ronaldo's shirtless goal celebration violated the funeral home's rule against ___.|A recognizable adult celebration conflicts with a specific tasteless ceremonial dress rule.
fill|4|david-beckham|David Beckham bent the bouquet around the guests and directly into ___.|The household adult's curving-shot association creates a tangible absurd wedding collision.
fill|4|diego-maradona|Maradona's fictional handball got the wedding ring mistaken for ___.|An explicit imagined adult sports act causes a specific ceremonial identification error.
fill|4|pele|Pelé's bicycle kick launched the retirement cake into ___.|A household adult soccer figure performs a visible absurd ceremonial maneuver.
fill|5|neymar|Neymar's dramatic fall triggered the lawyer's invoice for ___.|A recognizable adult exaggerated reaction causes a specific ridiculous financial consequence.
fill|3|kylian-mbappe|Mbappé outran the hearse and reached the cemetery before ___.|The clear morbid race lacks a sufficiently specific athlete-dependent comic twist.
fill|3|erling-haaland|Haaland's goal celebration knocked the wedding photographer into ___.|The visible adult ceremony collision is concrete but the athlete reference is less universal.
fill|4|zlatan-ibrahimovic|Zlatan's ego required its own chair at the hearing about ___.|The familiar outspoken adult persona becomes a tangible absurd legal accommodation.
fill|4|ronaldinho|Ronaldinho's trick pass sent the bailiff's keys directly into ___.|A recognizable adult playful skill creates a specific absurd courtroom physical mishap.
most-likely|5|michael-jordan|Who's most likely to ask Michael Jordan's air shoes to carry the coffin upstairs?|A household athlete's familiar flying association receives a specific absurd funeral transport task.
most-likely|5|lebron-james|Who's most likely to replace LeBron's chalk with the ashes before the ceremony?|A recognizable adult sports ritual becomes a concrete tasteless funeral substance swap.
most-likely|4|kobe-bryant|Who's most likely to ask Kobe, in a fictional scene, to shoot the ring into the urn?|The explicitly imagined adult shooting task creates a tangible absurd romantic-funeral collision.
most-likely|5|shaquille-oneal|Who's most likely to rent Shaq the smallest car and charge extra legroom fees?|A household adult's distinctive size creates a specific outrageous consumer transaction.
most-likely|5|stephen-curry|Who's most likely to ask Steph Curry to shoot the bouquet from the parking garage?|A recognizable long-distance skill performs a concrete absurd adult ceremonial task.
most-likely|4|magic-johnson|Who's most likely to make Magic Johnson no-look pass the donated kidney cooler?|A familiar adult basketball move endangers a specific inappropriate medical transport object.
most-likely|3|larry-bird|Who's most likely to hire Larry Bird to trash-talk the divorce mediator?|The adult setting is specific but the familiar competitive-persona casting remains fairly generic.
most-likely|5|charles-barkley|Who's most likely to demand Charles Barkley analyze their marriage at halftime?|A recognizable outspoken adult analyst gets a concrete absurd relationship-broadcast assignment.
most-likely|4|dennis-rodman|Who's most likely to borrow Dennis Rodman's outfit for the court-ordered apology?|The household adult's flamboyant styling intrudes on a specific inappropriate legal ritual.
most-likely|4|kareem-abdul-jabbar|Who's most likely to ask Kareem to skyhook the eviction notice over the fence?|A distinctive adult basketball move performs a tangible futile housing-evasion act.
most-likely|3|tim-duncan|Who's most likely to hire Tim Duncan to alphabetize the séance's guest list?|The understated adult persona is less universal and the supernatural task is fairly mild.
most-likely|4|kevin-durant|Who's most likely to ask Kevin Durant to reach over the coffin for the will?|A familiar tall adult athlete performs a concrete tasteless inheritance retrieval.
most-likely|3|giannis-antetokounmpo|Who's most likely to time the priest's vows against Giannis's free-throw routine?|The adult ceremony comparison is specific but depends on less universal basketball knowledge.
most-likely|3|luka-doncic|Who's most likely to teach the groom Luka's step-back to escape the photographer?|The physical adult task is clear but the particular sports move limits immediate accessibility.
most-likely|3|dirk-nowitzki|Who's most likely to ask Dirk to fade away from the wedding bill?|The literal sports-metaphor request is coherent but lacks a sharp physical consequence.
most-likely|4|yao-ming|Who's most likely to ask Yao Ming to check the courtroom's ceiling for hidden cash?|A distinctive physical trait serves a concrete absurd adult forensic search.
most-likely|4|allen-iverson|Who's most likely to demand Allen Iverson practice the apology before sentencing?|A familiar adult practice reference becomes a specific inappropriate legal rehearsal.
most-likely|3|dwyane-wade|Who's most likely to ask Dwyane Wade to dunk the eviction notice into the shredder?|The tangible adult legal act is clear but the athlete contributes little unique comic detail.
most-likely|3|scottie-pippen|Who's most likely to list Scottie Pippen as the assistant executor of the estate?|The adult teammate-role pun is understandable but somewhat mild and sport-dependent.
most-likely|4|wilt-chamberlain|Who's most likely to ask Wilt to sign every divorce copy without moving his chair?|A recognizable very tall adult athlete performs a tangible absurd legal-paperwork maneuver.
most-likely|5|tom-brady|Who's most likely to unretire like Tom Brady halfway through their own eulogy?|A household adult retirement reversal creates an explicit outrageous funeral interruption.
most-likely|5|patrick-mahomes|Who's most likely to hire Mahomes to throw the urn behind his back into the hearse?|A familiar trick-passing style performs a specific dangerously tasteless funeral transport task.
most-likely|4|peyton-manning|Who's most likely to ask Peyton Manning to call an audible during the wedding vows?|A household adult quarterback tactic changes a specific solemn relationship ceremony.
most-likely|3|eli-manning|Who's most likely to ask Eli Manning to intercept the wedding caterer's invoice?|The concrete adult financial act is clear but the quarterback role is somewhat mismatched.
most-likely|4|joe-montana|Who's most likely to make Joe Montana run a two-minute drill at the crematorium?|A familiar adult football deadline imposes a precise absurd morbid-service rush.
most-likely|4|aaron-rodgers|Who's most likely to ask Aaron Rodgers to throw the collection plate a Hail Mary?|A recognizable adult football move acts on a tangible inappropriate religious object.
most-likely|4|brett-favre|Who's most likely to attach a return label to their retirement like Brett Favre?|A familiar adult retirement reversal becomes a specific absurd consumer-mailing procedure.
most-likely|3|joe-burrow|Who's most likely to borrow Joe Burrow's sunglasses for the guilty plea?|The adult legal styling is specific but the athlete's accessory contributes limited unique wit.
most-likely|5|rob-gronkowski|Who's most likely to ask Gronk to spike the urn and call the ashes party confetti?|A household adult celebration causes an explicit outrageous physical funeral disaster.
most-likely|4|travis-kelce|Who's most likely to make Travis Kelce negotiate bouquet-catching bonuses?|A recognizable adult receiving role becomes a specific absurd wedding financial demand.
most-likely|4|jerry-rice|Who's most likely to ask Jerry Rice to catch the ghost escaping the séance?|A familiar adult receiver gets a concrete visibly impossible supernatural task.
most-likely|4|deion-sanders|Who's most likely to demand Deion's wedding entrance count as its own honeymoon?|The flamboyant adult persona produces a specific absurd ceremonial scheduling claim.
most-likely|4|bo-jackson|Who's most likely to make Bo Jackson's funeral guests compete in two sports first?|A household adult multi-sport association becomes a specific tasteless admission requirement.
most-likely|3|barry-sanders|Who's most likely to hire Barry Sanders to dodge the wedding photographer?|The recognizable evasive ability serves a specific adult task with fairly mild stakes.
most-likely|3|emmitt-smith|Who's most likely to ask Emmitt Smith to rush the divorce papers past the bailiff?|The tangible adult legal act is clear but the football verb provides a predictable pun.
most-likely|4|walter-payton|Who's most likely to give Walter Payton a fictional touchdown celebration at the wake?|The explicit imagined adult sports ritual intrudes on a specific inappropriate funeral event.
most-likely|3|derrick-henry|Who's most likely to ask Derrick Henry to stiff-arm the landlord's inspection clipboard?|The physical housing conflict is concrete but depends on particular football terminology.
most-likely|3|lamar-jackson|Who's most likely to ask Lamar Jackson to outrun the repo man in dress shoes?|The specific adult escape is visible but the athlete's role is comparatively interchangeable.
most-likely|3|josh-allen|Who's most likely to ask Josh Allen to hurdle the wedding buffet before tipping?|The physical ceremonial act is clear but the player name adds limited unique comic information.
most-likely|3|jalen-hurts|Who's most likely to turn Jalen Hurts's sneak play into the wedding seating plan?|The sports reference is comparatively narrow and the procedural connection is unclear.
most-likely|5|lionel-messi|Who's most likely to ask Messi to dribble the urn through the mourners?|A household adult soccer skill creates an explicit outrageous physical funeral ritual.
most-likely|5|cristiano-ronaldo|Who's most likely to celebrate like Ronaldo, shirtless, while the will is being read?|A recognizable adult sports celebration intrudes visibly on a specific solemn legal ritual.
most-likely|4|david-beckham|Who's most likely to ask Beckham to bend the bouquet directly into the divorce office?|A household adult curving-shot association causes a specific absurd ceremonial destination.
most-likely|4|diego-maradona|Who's most likely to request a fictional Maradona handball during the ring exchange?|The explicit imagined adult sports act intrudes on a concrete relationship ceremony.
most-likely|4|pele|Who's most likely to ask Pelé to bicycle-kick the retirement cake onto the roof?|A household adult soccer figure performs a tangible outrageous ceremonial stunt.
most-likely|5|neymar|Who's most likely to fall like Neymar when the divorce lawyer announces the hourly rate?|A recognizable adult dramatic reaction responds to a specific absurd financial shock.
most-likely|3|kylian-mbappe|Who's most likely to race Mbappé to the cemetery and demand a head start?|The morbid adult race is clear but the athlete is somewhat interchangeable.
most-likely|3|erling-haaland|Who's most likely to ask Haaland to celebrate a goal during the organ-donor briefing?|The concrete adult medical interruption is absurd but the player reference is less universal.
most-likely|4|zlatan-ibrahimovic|Who's most likely to reserve Zlatan's ego its own courtroom seat and parking space?|The familiar boastful adult persona creates a tangible absurd legal accommodation.
most-likely|4|ronaldinho|Who's most likely to ask Ronaldinho to trick-pass the bailiff's keys into the urn?|A recognizable adult playful skill performs a concrete tasteless courtroom-to-funeral stunt.
