fill|5|sherlock-holmes|Sherlock deduced the groom had hidden ___ inside the wedding cake.|A household adult detective reveals a tangible absurd ceremonial concealment.
fill|4|john-watson|Dr. Watson's medical bag contained bandages, a thermometer, and the stolen ___.|A recognizable adult doctor's equipment exposes a specific suspicious physical object.
fill|3|professor-moriarty|Moriarty's evil spreadsheet accidentally totaled the cost of ___.|The villain is less universal and the open accounting target lacks sharp physical stakes.
fill|5|hannibal-lecter|Hannibal Lecter's restaurant inspection failed because the menu listed ___.|A household adult cannibal persona creates a concrete morbid food-service violation.
fill|5|norman-bates|Norman Bates's motel charged extra for fresh towels and a guarantee against ___.|A recognizable adult horror setting offers a specific sinister consumer assurance.
fill|5|patrick-bateman|Patrick Bateman's business card was so embossed it cut through ___.|A familiar adult character's signature status object causes a tangible outrageous physical event.
fill|5|freddy-krueger|Freddy Krueger's sleep clinic refused refunds for nightmares involving ___.|A household adult dream villain runs a concrete absurd medical-consumer warranty.
fill|4|jason-voorhees|Jason's hockey mask was rejected by the optician because it concealed ___.|A recognizable adult horror accessory creates a specific inappropriate medical-service problem.
fill|4|michael-myers|Michael Myers stood silently at the DMV until the clerk demanded ___.|The familiar adult silent villain faces a specific absurd civic-document requirement.
fill|5|ghostface|Ghostface's threatening phone call ended when the operator asked him to rate ___.|A household adult horror mechanism collides with a concrete consumer-feedback procedure.
fill|4|leatherface|Leatherface's chainsaw was confiscated at the ribbon-cutting ceremony for ___.|A recognizable adult horror weapon enters a specific inappropriate civic event.
fill|4|chucky|Adult killer Chucky's warranty excluded damage caused by ___.|The explicitly adult possessed-doll character receives a concrete absurd product-service limitation.
fill|5|beetlejuice|Beetlejuice's afterlife agency charged a fee every time the deceased tried to ___.|A household adult supernatural fixer imposes a specific morbid consumer transaction.
fill|5|edward-scissorhands|Adult Edward Scissorhands's haircut accidentally removed the client's ___.|The explicitly adult's recognizable hand tools cause a visible outrageous grooming mistake.
fill|4|willy-wonka|Willy Wonka's adult tasting panel refused the chocolate stuffed with ___.|A household adult confectioner serves a tangible outrageous product to explicitly adult tasters.
fill|5|jack-sparrow|Jack Sparrow's compass pointed directly at the divorce lawyer's ___.|A household adult pirate's special compass identifies a concrete suspicious legal object.
fill|4|davy-jones-pirates|Davy Jones's tentacles signed the rental agreement but refused to initial ___.|A recognizable adult supernatural pirate performs a tangible absurd housing-document dispute.
fill|3|hector-barbossa|Barbossa's treasure chest contained six gold coins and an invoice for ___.|The adult pirate is less universal and the hidden-bill frame is comparatively generic.
fill|5|vito-corleone|Don Corleone made the wedding caterer an offer involving ___.|A household adult crime patriarch's familiar negotiation targets a specific ceremonial service.
fill|4|michael-corleone|Michael Corleone's family meeting required everyone to hand over ___.|A recognizable adult crime leader imposes a concrete ominous household procedure.
fill|5|tony-montana|Tony Montana's little friend turned out to be the accountant responsible for ___.|The household adult catchphrase is reversed into a specific petty financial relationship.
fill|4|tony-soprano|Tony Soprano's therapy session ended when the couch began confessing to ___.|A recognizable adult therapy setting produces a tangible absurd criminal witness.
fill|5|walter-white|Walter White's chemistry lesson accidentally turned the wedding punch into ___.|A household adult scientist's recognizable skill causes a concrete outrageous ceremonial substance change.
fill|4|jesse-pinkman|Adult Jesse Pinkman's getaway van was full of stolen ___ and scented candles.|The explicit adult crime character transports a concrete absurd combination of physical objects.
fill|5|saul-goodman|Saul Goodman's billboard promised legal representation for anyone caught ___.|A household adult lawyer's recognizable advertising style offers a specific outrageous criminal service.
fill|4|gus-fring|Gus Fring's restaurant apron concealed a neatly laminated plan to ___.|A familiar adult meticulous criminal hides a tangible absurd procedural document.
fill|3|hank-schrader|Hank's evidence collection accidentally included the groom's ___.|The adult investigator is less universal and the vague ceremonial-object mix-up is thin.
fill|3|omar-little|Omar's whistle made the wedding band immediately surrender ___.|The adult character's distinctive reference is too audience-specific for a strong universal grade.
fill|5|dexter-morgan|Dexter's plastic-covered dining room was booked for a party celebrating ___.|A familiar adult killer's physical preparation becomes a concrete outrageous event venue.
fill|5|carrie-bradshaw|Carrie Bradshaw's shoe closet hid the only document proving ___.|A household adult fashion obsession conceals a tangible consequential adult secret.
fill|3|miranda-hobbes|Miranda's legal advice to the haunted apartment was to stop ___.|The adult lawyer reference is less immediate and the open advice frame supplies limited specificity.
fill|4|samantha-jones|Samantha Jones's PR campaign described the autopsy as an exclusive ___.|A familiar adult publicist reframes a specific morbid professional event as absurd luxury access.
fill|3|charlotte-york|Charlotte's perfect wedding china secretly displayed a diagram of ___.|The adult character reference is less universal despite a tangible hidden design.
fill|5|don-draper|Don Draper's ad sold the coffin as the ultimate solution to ___.|A recognizable adult advertiser markets a specific morbid product through an absurd consumer promise.
fill|3|roger-sterling|Roger's office minibar contained the missing evidence of ___.|The adult character is less universal and the hidden-evidence bar frame remains generic.
fill|3|peggy-olson|Peggy's funeral-home slogan was rejected for promising ___.|The adult advertising role is clear but the specific character adds limited household familiarity.
fill|5|michael-scott|Michael Scott's workplace funeral included an award for Best ___.|A household adult boss's inappropriate recognition ritual enters a concrete morbid work event.
fill|5|dwight-schrute|Dwight's beet farm supplied the wedding with food and emergency ___.|A familiar adult character's distinctive farm hobby provides an outrageous ceremonial contingency.
fill|4|jim-halpert|Jim's office prank replaced the coffin's handle with ___.|A familiar adult workplace prank becomes a tangible outrageous funeral modification.
fill|3|pam-beesly|Pam's receptionist note warned the mourners not to touch ___.|The adult character's office role is recognizable but the forbidden-object frame is generic.
fill|5|ron-swanson|Ron Swanson carved the urn from wood and refused to include ___.|A familiar adult craftsman's austere persona creates a concrete absurd funeral-product choice.
fill|5|leslie-knope|Leslie Knope's funeral binder had a color-coded section for ___.|A household adult organizer's distinctive habit creates a specific morbid administrative detail.
fill|4|april-ludgate|Adult April Ludgate welcomed the wedding guests by handing each a form declaring ___.|The explicit adult's deadpan hosting gives guests a tangible outrageous ceremonial document.
fill|3|andy-dwyer|Adult Andy's wedding band accidentally performed the song about ___.|The explicit adult character is recognizable but the unspecified wrong-song premise is broad.
fill|4|jake-peralta|Jake Peralta's lineup included five suspects and the wedding cake wearing ___.|A familiar adult detective conducts a visible absurd ceremonial criminal identification.
fill|5|raymond-holt|Captain Holt's eulogy was exactly twelve words, including the legal definition of ___.|A familiar adult officer's formal persona produces a specific tasteless funeral speech structure.
fill|3|amy-santiago|Amy's wedding checklist required a notarized affidavit proving ___.|The adult organizer reference is less universal and resembles broad absurd-paperwork jokes.
fill|3|rosa-diaz|Rosa's bouquet was confiscated after the metal detector found ___.|The adult character is less universal and the concealed-object mechanism is comparatively generic.
fill|3|gina-linetti|Gina's funeral livestream charged viewers extra to see ___.|The adult character's social persona is audience-specific despite a concrete morbid paywall.
fill|5|homer-simpson|Homer Simpson's autopsy revealed one working organ and a lifetime supply of ___.|A household adult character's familiar indulgence becomes a concrete outrageous medical discovery.
most-likely|5|sherlock-holmes|Who's most likely to hire Sherlock to deduce who stole the cake from the wake?|A household adult detective investigates a specific outrageously petty funeral crime.
most-likely|4|john-watson|Who's most likely to ask Dr. Watson to certify the alibi as medically healthy?|A recognizable adult doctor receives a concrete impossible legal-medical assignment.
most-likely|3|professor-moriarty|Who's most likely to ask Moriarty to optimize the wedding's criminal overhead?|The adult villain reference is less universal and the financial jargon weakens immediate clarity.
most-likely|5|hannibal-lecter|Who's most likely to ask Hannibal Lecter for the vegan menu at the autopsy dinner?|A household adult cannibal persona receives a specific morbidly contradictory food request.
most-likely|5|norman-bates|Who's most likely to demand Norman Bates include shower safety in the motel price?|A recognizable adult horror setting prompts a precise ominous consumer negotiation.
most-likely|5|patrick-bateman|Who's most likely to compare business-card thickness with Patrick Bateman at a wake?|A familiar adult status obsession intrudes physically on a specific inappropriate funeral event.
most-likely|5|freddy-krueger|Who's most likely to demand Freddy Krueger honor the mattress's sleep guarantee?|A household adult nightmare villain becomes responsible for a specific absurd consumer warranty.
most-likely|4|jason-voorhees|Who's most likely to ask Jason to remove the hockey mask for the passport photo?|A recognizable adult horror accessory conflicts with a precise civic identification procedure.
most-likely|4|michael-myers|Who's most likely to ask Michael Myers to fill the silence during the eulogy?|The household adult silent villain receives a specific incompatible funeral responsibility.
most-likely|5|ghostface|Who's most likely to put Ghostface's threatening call on hold for a satisfaction survey?|A familiar adult horror mechanism receives a concrete ridiculous consumer-feedback interruption.
most-likely|4|leatherface|Who's most likely to hire Leatherface to cut the ribbon at the funeral-home opening?|A recognizable adult weapon persona performs a specific grotesquely unsuitable civic ceremony.
most-likely|4|chucky|Who's most likely to return adult killer Chucky because the receipt promised a quiet toy?|The explicitly adult possessed-doll persona creates a concrete absurd consumer warranty grievance.
most-likely|5|beetlejuice|Who's most likely to ask Beetlejuice whether the afterlife accepts payment installments?|A household adult supernatural fixer receives a specific morbid consumer-financing inquiry.
most-likely|5|edward-scissorhands|Who's most likely to ask adult Edward Scissorhands to trim the hair on the police sketch?|The explicit adult's familiar hand tools perform a concrete impossible forensic alteration.
most-likely|4|willy-wonka|Who's most likely to ask Willy Wonka for an adult-only chocolate witness-protection plan?|A household adult confectioner receives a precise absurd legal-product request.
most-likely|5|jack-sparrow|Who's most likely to use Jack Sparrow's compass to find the hidden divorce fees?|A familiar adult pirate object performs a concrete impossible financial-document search.
most-likely|4|davy-jones-pirates|Who's most likely to ask Davy Jones's tentacles to sign every page of the prenup?|A recognizable adult supernatural body feature serves a tangible absurd relationship paperwork task.
most-likely|3|hector-barbossa|Who's most likely to make Barbossa declare the treasure chest at the tax audit?|The adult pirate task is specific but the character is less immediately familiar.
most-likely|5|vito-corleone|Who's most likely to ask Don Corleone to negotiate the wedding chair-rental deposit?|A household adult crime patriarch performs a concrete absurdly petty consumer negotiation.
most-likely|4|michael-corleone|Who's most likely to ask Michael Corleone to chair the neighborhood parking meeting?|A familiar adult crime leader receives a specific disproportionately mundane civic responsibility.
most-likely|5|tony-montana|Who's most likely to ask Tony Montana's little friend to prepare the tax return?|A household adult catchphrase is transformed into a concrete absurd financial-service assignment.
most-likely|4|tony-soprano|Who's most likely to make Tony Soprano's therapy couch testify against the therapist?|A recognizable adult setting turns a physical object into a precise criminal witness.
most-likely|5|walter-white|Who's most likely to ask Walter White to chemically remove the alimony from the will?|A household adult chemistry persona receives a specific impossible legal-financial procedure.
most-likely|4|jesse-pinkman|Who's most likely to hire adult Jesse Pinkman to drive the scented-candle getaway van?|The explicit adult crime character receives a concrete absurdly fragrant criminal transport job.
most-likely|5|saul-goodman|Who's most likely to ask Saul Goodman whether the funeral counts as a class action?|A household adult lawyer receives a specific ridiculous morbid legal-classification inquiry.
most-likely|4|gus-fring|Who's most likely to make Gus Fring laminate the plan for escaping the wedding?|A familiar meticulous adult criminal performs a tangible absurd ceremonial contingency task.
most-likely|3|hank-schrader|Who's most likely to ask Hank to bag the wedding cake as evidence of poor taste?|The adult investigator is less universal and the evidence metaphor is comparatively mild.
most-likely|3|omar-little|Who's most likely to whistle like Omar before repossessing the wedding band's speakers?|The specific adult action works but depends on audience-specific character knowledge.
most-likely|5|dexter-morgan|Who's most likely to ask Dexter for plastic table covers at the organ-donor picnic?|A familiar adult killer's distinctive preparation meets a specific grotesquely inappropriate medical event.
most-likely|5|carrie-bradshaw|Who's most likely to have Carrie Bradshaw hide the will in the expensive shoe closet?|A household adult fashion obsession provides a concrete absurd inheritance-document hiding place.
most-likely|3|miranda-hobbes|Who's most likely to ask Miranda to serve the haunted apartment an eviction notice?|The supernatural adult legal task is specific but the character reference is less immediate.
most-likely|4|samantha-jones|Who's most likely to ask Samantha Jones to advertise the autopsy as a VIP event?|A familiar adult publicist receives a specific morbidly inappropriate luxury-marketing assignment.
most-likely|3|charlotte-york|Who's most likely to put Charlotte's wedding china in the crime-scene evidence bag?|The physical adult forensic action is clear but the character contributes limited unique force.
most-likely|5|don-draper|Who's most likely to ask Don Draper to sell the coffin as a lifetime upgrade?|A recognizable adult advertiser markets a concrete morbid product with a specific absurd promise.
most-likely|3|roger-sterling|Who's most likely to ask Roger Sterling to expense the wedding's missing evidence?|The adult office-finance act is specific but the character is less universal.
most-likely|3|peggy-olson|Who's most likely to make Peggy write a funeral slogan that promises repeat customers?|The morbid advertising contradiction is clear but relies on a less household character reference.
most-likely|5|michael-scott|Who's most likely to ask Michael Scott to present Best Corpse at the workplace funeral?|A household adult boss's recognition ritual creates an explicit outrageous memorial award.
most-likely|5|dwight-schrute|Who's most likely to ask Dwight to certify the beet field as a legal cemetery?|A familiar adult farm hobby becomes a precise absurd morbid property-use procedure.
most-likely|4|jim-halpert|Who's most likely to ask Jim to replace the coffin handle as an office prank?|A recognizable adult prankster performs a tangible outrageous funeral modification.
most-likely|3|pam-beesly|Who's most likely to make Pam answer the funeral home's haunted reception phone?|The supernatural adult office task is coherent but the character reference adds little unique humor.
most-likely|5|ron-swanson|Who's most likely to ask Ron Swanson to carve the urn and charge the ghost for labor?|A familiar adult craftsman performs a specific absurd morbid consumer transaction.
most-likely|5|leslie-knope|Who's most likely to make Leslie Knope color-code the ghost's unresolved legal issues?|A household adult organizing habit addresses a specific absurd supernatural administrative workload.
most-likely|4|april-ludgate|Who's most likely to hire adult April Ludgate to welcome guests to the grief buffet?|The explicit adult's deadpan persona receives a specific inappropriate morbid hosting task.
most-likely|3|andy-dwyer|Who's most likely to ask adult Andy Dwyer to write the band's tax-audit anthem?|The explicit adult musical task is absurd but depends on less universal character familiarity.
most-likely|4|jake-peralta|Who's most likely to make Jake Peralta put the wedding cake in a suspect lineup?|A familiar adult detective conducts a tangible absurd ceremonial forensic procedure.
most-likely|5|raymond-holt|Who's most likely to ask Captain Holt to define grief in exactly twelve legal words?|A recognizable formal adult persona performs a specific absurdly constrained memorial task.
most-likely|3|amy-santiago|Who's most likely to ask Amy to notarize the wedding's emergency escape checklist?|The adult planning joke is concrete but the character reference is less universal.
most-likely|3|rosa-diaz|Who's most likely to ask Rosa whether the bouquet counts as a concealed weapon?|The specific adult security question is clear but the character contributes limited household familiarity.
most-likely|3|gina-linetti|Who's most likely to make Gina charge for the funeral livestream's bonus content?|The adult morbid paywall is concrete but the social character reference is audience-specific.
most-likely|5|homer-simpson|Who's most likely to ask Homer Simpson to guard the donut-shaped evidence locker?|A household adult indulgence creates a precise and obviously self-defeating forensic assignment.
