fill|5|heinz|The Heinz ketchup finally left the bottle three days after the surgeon declared ___.|The familiar slow-pouring sauce causes a specific outrageously delayed adult medical moment.
fill|4|frenchs|French's mustard fingerprints identified the person who had secretly touched ___.|A familiar yellow condiment creates tangible evidence of a specific adult transgression.
fill|4|hellmanns|The Hellmann's jar was labeled for the picnic, not the transport of ___.|A household food container is repurposed for a concrete inappropriate adult cargo.
fill|3|dukes-mayonnaise|Duke's mayonnaise was the only thing keeping ___ attached to the getaway car.|The physical crime repair is clear but the regional brand adds little unique comic detail.
fill|5|kraft|Kraft Singles covered the crime scene until the heat melted away ___.|A household meltable cheese creates a tangible absurd evidence-concealment failure.
fill|5|hidden-valley|Hidden Valley ranch spilled onto the contract and gave sole custody of ___ to the salad.|A familiar dressing physically alters a concrete outrageous adult legal arrangement.
fill|4|sweet-baby-rays|Sweet Baby Ray's sticky sauce glued the ransom note to ___.|A recognizable thick sauce causes a specific tangible adult criminal communication mishap.
fill|5|tabasco|One drop of Tabasco made the ghost confess where it had hidden ___.|The familiar hot sauce becomes a specific absurd supernatural interrogation tool.
fill|4|huy-fong-sriracha|The Sriracha rooster label was pecked off after the séance summoned ___.|A familiar package image causes a visible absurd supernatural product event.
fill|4|franks-redhot|Frank's RedHot turned the wedding punch into a legal argument about ___.|A familiar intense sauce in a concrete adult ceremony produces an outrageous liability dispute.
fill|3|cholula|The Cholula bottle's wooden cap was used as the tiny headstone for ___.|A tangible recognizable package feature creates a morbid scene but the brand is less universal.
fill|3|texas-pete|Texas Pete's hot sauce was banned from the séance after the ghost threatened ___.|The regional product reference contributes limited distinctive action to the supernatural conflict.
fill|3|hp-sauce|The HP Sauce label was entered as evidence that ___ had impersonated royalty.|The specific packaging reference is less immediate for the assumed US adult audience.
fill|4|lea-and-perrins|The Lea & Perrins bottle shattered, leaving the inheritance smelling of ___.|A recognizable strongly flavored sauce physically contaminates a concrete adult inheritance.
fill|4|a1-steak-sauce|A.1. steak sauce dripped down the signed verdict and changed the sentence to ___.|A household condiment visibly alters a consequential adult court document.
fill|5|grey-poupon|The Grey Poupon chauffeur refused to open the coffin unless we supplied ___.|The familiar luxury-service association becomes a specific outrageously fussy funeral requirement.
fill|3|guldens|Gulden's mustard sealed the envelope containing the only proof of ___.|The brand is less universal and the condiment-envelope clue is comparatively generic.
fill|3|mt-olive|The Mt. Olive pickle jar contained an alarming number of ___.|The recognizable jar supports a visible discovery but the open contents supply nearly all surprise.
fill|5|vlasic|The Vlasic stork delivered the adult couple's divorce papers wrapped around ___.|A familiar mascot's delivery role creates a concrete outrageous adult legal package.
fill|3|claussen|The Claussen pickle's crunch drowned out the witness admitting ___.|The physical courtroom interruption is clear but the brand is less immediately familiar.
fill|4|bertolli|Bertolli olive oil made the wedding aisle so slippery the groom landed in ___.|A familiar liquid's actual slipperiness causes a visible absurd adult ceremonial mishap.
fill|4|ragu|The Ragu jar popped open just as the ghost tried to whisper the location of ___.|A familiar lid noise disrupts a specific important supernatural disclosure.
fill|4|prego|The Prego sauce hid chunks of tomato and a miniature warrant for ___.|A household chunky sauce conceals a concrete absurd adult legal object.
fill|3|classico|The Classico sauce jar became the official container for the mayor's ___.|The brand is less universal and the unspecified civic cargo carries most of the joke.
fill|3|raos|The Rao's sauce cost more than the inheritance, which now consisted of ___.|The premium-price premise is clear but relatively niche and lacks a sharper physical event.
fill|5|barilla|The Barilla spaghetti formed a noose, then politely demanded we pay for ___.|A household long pasta physically becomes a specific morbid supernatural debt collector.
fill|3|de-cecco|The De Cecco pasta held a shape uncannily similar to the stolen ___.|The physical evidence is coherent but the brand is comparatively niche.
fill|5|kraft-mac-and-cheese|The Kraft mac and cheese turned the autopsy room orange and revealed ___.|A household bright food visibly contaminates a specific morbid professional setting.
fill|5|velveeta|The Velveeta melted over the evidence, sealing the detective's ___ inside.|The familiar melting cheese causes a tangible outrageous adult forensic mistake.
fill|4|stouffers|The Stouffer's lasagna thawed to reveal the tiny eviction notice addressed to ___.|A familiar frozen meal conceals a tangible absurd adult housing document.
fill|3|lean-cuisine|The Lean Cuisine portions were so small the ghost demanded extra ___.|The diet-meal size joke is familiar but the supernatural request remains fairly broad.
fill|5|hot-pockets|The Hot Pocket burned my mouth and froze the hidden ___ solid.|The familiar unevenly heated snack creates a concrete absurd temperature contradiction.
fill|3|totinos|The Totino's pizza rolls burst open and exposed the secret plan to ___.|The physical snack explosion is visible but the brand and hidden-plan frame are weaker.
fill|5|digiorno|The DiGiorno box insisted it wasn't delivery, despite the attached invoice for ___.|A household advertising distinction creates a specific absurd contradictory consumer charge.
fill|4|red-baron-pizza|The Red Baron pizza landed on the wedding runway and demanded clearance for ___.|A familiar aviation-themed brand performs a visible absurd ceremonial delivery procedure.
fill|5|tombstone-pizza|The Tombstone pizza came with an epitaph praising the deceased's commitment to ___.|A household death-named food receives a specific absurd adult memorial inscription.
fill|3|freschetta|The Freschetta crust survived the flood and became the emergency raft for ___.|The physical substitute is clear but the brand is less universal and fairly interchangeable.
fill|3|ellios|The Ellio's pizza rectangle was filed as evidence of the mayor's ___.|The relatively regional reference and generic food-evidence frame weaken immediate comic clarity.
fill|4|bagel-bites|The Bagel Bites ring was offered as collateral for the purchase of ___.|A recognizable miniature snack becomes a concrete absurd adult financial asset.
fill|5|eggo|The Eggo waffle grid left a perfect imprint of the suspect's ___.|A household distinctive texture produces tangible outrageous forensic evidence.
fill|5|bisquick|The Bisquick batter hardened around the stolen ___ before the police arrived.|A familiar baking mixture physically traps a concrete adult criminal object.
fill|4|pearl-milling-company|Pearl Milling Company's syrup glued the wedding guest's ___ to the chair.|A recognizable sticky breakfast product causes a tangible outrageous adult ceremonial mishap.
fill|5|mrs-butterworths|Mrs. Butterworth's bottle came alive and refused to pour until we buried ___.|A household human-shaped package makes a specific morbid supernatural demand.
fill|3|log-cabin-syrup|The Log Cabin syrup label included planning permission for ___.|The literal name-and-building-document joke is coherent but moderately mechanical.
fill|3|hungry-jack|Hungry Jack's pancakes absorbed the entire gallon of ___.|The physical food behavior is clear but the missing liquid supplies nearly all comic specificity.
fill|4|mccormick|The McCormick spice drawer contained paprika, cumin, and powdered ___.|A household ingredient-storage object reveals a concrete outrageous disguised substance.
fill|5|morton-salt|The Morton Salt girl kept pouring until the wedding venue was buried under ___.|A household package character's distinctive action creates a visible outrageous adult event disaster.
fill|3|lawrys|Lawry's seasoned salt left the crime scene smelling suspiciously of ___.|The tangible smell clue is coherent but the brand reference contributes limited unique stakes.
fill|4|old-bay|Old Bay seasoning covered the ransom money and attracted a swarm of ___.|A recognizable strong spice physically contaminates a specific adult criminal payment.
fill|4|hunts|The Hunt's tomato can rolled down the courtroom aisle carrying ___.|A household pantry object creates a visible absurd adult legal interruption.
most-likely|5|heinz|Who's most likely to draw a fake crime scene in Heinz ketchup to dodge the wedding bill?|A household red sauce creates tangible evidence for a specific outrageous adult consumer evasion.
most-likely|4|frenchs|Who's most likely to sign the prenup in French's mustard and demand it be laminated?|A familiar yellow condiment becomes a concrete absurd adult legal signing material.
most-likely|5|hellmanns|Who's most likely to pack the donated kidney in a Hellmann's jar and call it catering?|A household food container becomes an explicit outrageously inappropriate adult medical transport vessel.
most-likely|3|dukes-mayonnaise|Who's most likely to offer Duke's mayonnaise as collateral for the getaway car?|The tangible criminal payment is clear but the regional brand contributes little unique force.
most-likely|5|kraft|Who's most likely to use Kraft Singles as sticky notes on the organ-donation cooler?|A household square cheese becomes a visible inappropriate adult medical labeling material.
most-likely|4|hidden-valley|Who's most likely to ask Hidden Valley ranch to cover the salad's legal fees?|The recognizable dressing serves a coherent financial double meaning but needs a concrete food scene.
most-likely|4|sweet-baby-rays|Who's most likely to glue the courthouse door shut with Sweet Baby Ray's?|A familiar sticky sauce performs a tangible absurd adult legal obstruction.
most-likely|5|tabasco|Who's most likely to put Tabasco in the ghost's holy water and invoice the exorcist?|A household hot sauce physically alters a specific supernatural ritual for an outrageous payment.
most-likely|4|huy-fong-sriracha|Who's most likely to use the Sriracha rooster as their character witness at sentencing?|A recognizable package mascot receives a precise absurd adult judicial role.
most-likely|5|franks-redhot|Who's most likely to put Frank's RedHot on the autopsy table and call it seasoning?|A household hot condiment becomes an explicit outrageously inappropriate morbid culinary act.
most-likely|3|cholula|Who's most likely to use Cholula's wooden cap as the wedding cake's miniature coffin?|A tangible package feature creates a morbid adult decoration but the brand is less universal.
most-likely|3|texas-pete|Who's most likely to pay the fire inspector in Texas Pete packets?|The adult civic payment is specific but the regional brand adds limited distinctive detail.
most-likely|3|hp-sauce|Who's most likely to present the HP Sauce label as proof they own a palace?|The specific package-image joke is less immediate for the assumed US adult audience.
most-likely|4|lea-and-perrins|Who's most likely to use Lea & Perrins to stain the will so only their name remains?|A recognizable dark sauce performs a tangible outrageous adult inheritance-document alteration.
most-likely|4|a1-steak-sauce|Who's most likely to pour A.1. over the bailiff's shoes and request table service?|A familiar steak condiment creates a visible inappropriate adult courtroom-consumer act.
most-likely|5|grey-poupon|Who's most likely to demand Grey Poupon at the drive-through during a police chase?|The familiar luxury-condiment association creates a specific absurdly fussy adult criminal interruption.
most-likely|3|guldens|Who's most likely to use Gulden's mustard to stick the eviction notice to the judge?|The physical adult legal act is concrete but the less familiar brand is interchangeable.
most-likely|3|mt-olive|Who's most likely to store the inheritance jewels in a Mt. Olive pickle jar?|The tangible adult storage choice is clear but the regional brand adds little unique wit.
most-likely|5|vlasic|Who's most likely to ask the Vlasic stork to deliver the adult couple's alimony check?|A household mascot's recognizable delivery role performs a specific absurd adult financial service.
most-likely|3|claussen|Who's most likely to crunch a Claussen pickle as the judge announces the verdict?|The specific noisy adult legal interruption works but the brand is less universally familiar.
most-likely|4|bertolli|Who's most likely to oil the repo man's steering wheel with Bertolli before negotiating?|A familiar slippery liquid becomes a concrete outrageous adult financial-retaliation device.
most-likely|4|ragu|Who's most likely to keep the ghost's final instructions in a Ragu jar instead of a will?|A household container becomes a tangible absurd supernatural inheritance-document substitute.
most-likely|4|prego|Who's most likely to make Prego sauce the official red ink for the divorce settlement?|A familiar tomato sauce physically replaces a specific adult legal signing material.
most-likely|3|classico|Who's most likely to pay the mayor's parking fine with a jar of Classico?|The adult civic payment is concrete but the comparatively less universal brand adds little.
most-likely|3|raos|Who's most likely to insure Rao's sauce for more than the house it's stored in?|The recognizable premium-price joke becomes a specific absurd adult financial priority.
most-likely|5|barilla|Who's most likely to tie the getaway driver's shoelaces together with Barilla spaghetti?|A household long pasta performs a tangible absurd act of sabotaging an adult crime.
most-likely|3|de-cecco|Who's most likely to use De Cecco pasta to rebuild the missing evidence model?|The tangible adult forensic task is clear but the brand is comparatively niche.
most-likely|5|kraft-mac-and-cheese|Who's most likely to serve Kraft mac and cheese from the deceased's trophy urn?|A household bright comfort food is offered through a specific tasteless adult memorial vessel.
most-likely|5|velveeta|Who's most likely to patch the hearse's radiator with molten Velveeta?|The familiar melting cheese performs a concrete outrageously unsuitable funeral vehicle repair.
most-likely|4|stouffers|Who's most likely to use frozen Stouffer's lasagna as the donated heart's ice pack?|A household solid frozen meal serves as a specific inappropriate adult medical transport object.
most-likely|3|lean-cuisine|Who's most likely to demand Lean Cuisine cater the hunger strike's victory banquet?|The diet-meal portion joke is legible but the contradictory adult event has weaker immediate force.
most-likely|5|hot-pockets|Who's most likely to offer a Hot Pocket as both the burn and the ice pack?|The familiar unevenly heated snack creates a concrete self-contradictory adult emergency treatment.
most-likely|3|totinos|Who's most likely to count Totino's pizza rolls as the wedding's table decorations?|The tangible adult substitution is clear but comparatively mild and brand-interchangeable.
most-likely|5|digiorno|Who's most likely to insist the body isn't delivery because it's in a DiGiorno box?|A household advertising distinction becomes a concrete outrageous adult corpse-transport excuse.
most-likely|4|red-baron-pizza|Who's most likely to give the Red Baron pizza clearance to land on the autopsy table?|A familiar aviation-themed brand performs a specific absurd morbid delivery procedure.
most-likely|5|tombstone-pizza|Who's most likely to order Tombstone pizza as the cheapest possible grave marker?|A household death-named food becomes a tangible outrageously stingy adult funeral object.
most-likely|3|freschetta|Who's most likely to use a Freschetta crust as the replacement courthouse ceiling tile?|The physical adult civic repair is concrete but the brand is less immediate.
most-likely|3|ellios|Who's most likely to label Ellio's pizza rectangles as the legal property boundaries?|The tangible adult document substitute is clear but the regional brand contributes limited unique humor.
most-likely|4|bagel-bites|Who's most likely to use Bagel Bites as flotation rings for the stolen jewelry?|A recognizable miniature ring snack performs a concrete absurd adult criminal-water rescue.
most-likely|5|eggo|Who's most likely to use the Eggo grid to stamp a fake fingerprint onto the will?|A household distinctive texture performs a tangible absurd adult inheritance forgery.
most-likely|5|bisquick|Who's most likely to hide the stolen ring in Bisquick and claim it's a wedding cake?|A familiar baking mixture conceals a tangible adult crime inside a specific ceremonial excuse.
most-likely|4|pearl-milling-company|Who's most likely to use Pearl Milling syrup to glue the wedding getaway door shut?|A recognizable sticky product performs a tangible outrageously specific adult ceremonial obstruction.
most-likely|5|mrs-butterworths|Who's most likely to make Mrs. Butterworth's bottle identify the syrup-covered suspect?|A household human-shaped package becomes a concrete absurd adult forensic witness.
most-likely|3|log-cabin-syrup|Who's most likely to use a Log Cabin syrup label as the house's planning permit?|The literal name-and-document joke is coherent but mechanically predictable.
most-likely|3|hungry-jack|Who's most likely to count Hungry Jack pancakes as insulation in the rental inspection?|The physical adult housing substitution is concrete but the brand contributes little unique force.
most-likely|4|mccormick|Who's most likely to alphabetize McCormick spices while the ransom deadline expires?|A household pantry routine visibly delays a specific high-stakes adult criminal obligation.
most-likely|5|morton-salt|Who's most likely to subpoena the Morton Salt girl for pouring on the evidence?|A household package character's distinctive action becomes a precise absurd adult forensic allegation.
most-likely|3|lawrys|Who's most likely to dust the crime scene with Lawry's and call it fingerprint powder?|The concrete adult forensic misuse is clear but the seasoning brand is less universal.
most-likely|4|old-bay|Who's most likely to cover the getaway cash with Old Bay so the dogs follow dinner?|A recognizable strong spice performs a concrete absurd adult crime-evidence diversion.
most-likely|4|hunts|Who's most likely to roll Hunt's tomato cans down the aisle to delay their sentencing?|A household cylindrical pantry object creates a tangible outrageous adult courtroom obstruction.
