fill|5|ikea|IKEA's floor arrows led the ambulance past every room except ___.|The household showroom-navigation feature causes a specific absurd adult emergency delay.
fill|5|costco|Costco's receipt checker counted every item in the coffin, including ___.|A familiar exit procedure becomes a concrete outrageously invasive adult funeral inspection.
fill|5|netflix|Netflix's Skip Intro button jumped straight from the wedding vows to ___.|A household playback feature causes a specific absurd adult relationship time jump.
fill|5|amazon|Amazon's return label told the exorcist to put ___ back in its original box.|A familiar packaging procedure becomes a concrete supernatural product-return condition.
fill|5|mcdonalds|The broken McDonald's ice cream machine was now the morgue's only source of ___.|A household service-failure trope creates a specific outrageously inadequate funeral facility.
fill|4|taco-bell|Taco Bell's drive-through mic broadcast my confession about ___ to the police scanner.|A familiar ordering object exposes a specific adult criminal disclosure over a concrete channel.
fill|5|starbucks|Starbucks wrote the ghost's name on my cup and charged extra for ___.|A household personalized-cup routine becomes a specific absurd supernatural consumer upsell.
fill|4|walmart|Walmart's self-checkout bagging scale identified the stolen ___ by weight.|A familiar annoying device becomes a specific physical detector of an adult theft.
fill|4|target|Target's red shopping cart rolled into court carrying the stolen ___ as evidence.|A recognizable physical store object becomes a tangible absurd adult forensic delivery.
fill|5|uber|Uber's surge pricing doubled the fare after the ghost requested a stop at ___.|A household pricing mechanism penalizes a specific supernatural adult transport request.
fill|5|doordash|DoorDash's delivery photo showed the ghost eating ___ behind the missing food.|A familiar proof-of-delivery feature exposes a concrete absurd supernatural theft.
fill|5|airbnb|The Airbnb checkout list required us to wash the sheets and rebury ___.|A household chore-list practice imposes a specific outrageous morbid adult rental duty.
fill|5|spotify|Spotify's shuffle button rearranged the last will so the cat inherited ___.|A recognizable playback function physically alters a concrete outrageous adult inheritance.
fill|5|apple|Apple's fingerprint unlock accepted the severed ___ but rejected the lawyer.|A household identity feature produces a specific morbid adult access contradiction.
fill|5|google|Google autocomplete finished my alibi with the exact location of ___.|A familiar prediction feature exposes a concrete incriminating adult secret.
fill|5|facebook|Facebook tagged the ghost in the wedding photo and notified its surviving ___.|A household identification feature causes a specific socially outrageous supernatural disclosure.
fill|5|instagram|Instagram's funeral filter smoothed the wrinkles out of ___ until nobody recognized it.|A recognizable image-beautification feature creates a tangible morbid identification problem.
fill|4|tiktok|TikTok's duet feature paired the eulogy with a tutorial on ___.|A familiar social-video format joins two specific inappropriate adult content types.
fill|4|disney|Disney's fireworks spelled out the wedding couple's total debt to ___.|A household spectacular entertainment feature broadcasts a concrete humiliating adult financial secret.
fill|5|microsoft|Microsoft's Undo button reversed the divorce but restored the original ___.|A household editing control causes a specific absurd adult legal rollback consequence.
fill|5|zoom|Zoom's automatic captions translated the priest's vows into a threat to ___.|A familiar transcription feature creates a specific outrageous adult ceremonial language error.
fill|5|linkedin|LinkedIn endorsed the deceased for Advanced ___ and sent the family an invoice.|A household professional-skill feature creates a specific morbid consumer-business transaction.
fill|5|tesla|Tesla's Autopilot parked the hearse at the nearest charger instead of ___.|A recognizable driving feature causes a concrete inappropriate adult funeral route decision.
fill|4|peloton|The Peloton leaderboard ranked my CPR attempt below someone who only ___.|A household exercise-ranking mechanism judges a specific adult medical emergency unfairly.
fill|5|roomba|The Roomba mapped the hidden room and labeled it Storage for ___.|A familiar robotic navigation feature exposes a concrete ominous adult household secret.
fill|5|ring|Ring's motion alert arrived three minutes after the corpse began ___.|A household camera notification misses a specific morbid supernatural physical event.
fill|4|cheetos|Cheetos dust coated the wedding fingerprints so thoroughly they now identified ___.|Distinctive orange residue physically changes a specific adult ceremonial identification record.
fill|5|oreo|The Oreo twist separated the cookie and released the tiny warrant for ___.|A household cookie-opening action reveals a tangible absurd adult legal object.
fill|5|heinz|Heinz ketchup's red trail led from the picnic table straight to the missing ___.|A familiar colored sauce creates tangible evidence of a specific adult mystery.
fill|5|kfc|The KFC bucket served as a megaphone for the ghost demanding its stolen ___.|A familiar physical food container amplifies a concrete supernatural adult property complaint.
fill|4|burger-king|The Burger King crown cast a shadow shaped like the person who stole ___.|A household paper object provides a visible absurd adult forensic clue.
fill|4|subway|Subway's sandwich toppings formed a map of where we'd hidden ___.|A recognizable arrangement of food creates a tangible absurd adult criminal diagram.
fill|5|dominos|Domino's pizza tracker showed Preparing, Baking, and Destroying Evidence of ___.|A household order-status mechanism reveals a specific outrageous adult criminal process.
fill|4|pizza-hut|The Pizza Hut stuffed crust contained the missing witness's instructions to ___.|A familiar concealed food cavity holds a concrete absurd adult legal message.
fill|5|olive-garden|Olive Garden grated cheese until the witness could no longer identify ___.|A recognizable table-service ritual causes a tangible outrageously excessive adult forensic obstruction.
fill|4|red-lobster|Red Lobster's bib caught the wedding ring and a signed confession to ___.|A household seafood accessory collects two concrete suspicious adult ceremonial objects.
fill|4|applebees|The Applebee's karaoke screen displayed the tax auditor's private notes about ___.|A familiar adult restaurant entertainment device broadcasts a concrete humiliating financial secret.
fill|5|waffle-house|Waffle House's jukebox demanded one dollar before announcing the location of ___.|A household restaurant object charges for a concrete absurd adult secret disclosure.
fill|5|dunkin|Dunkin's donut hole hid the only tiny key to the deceased's ___.|A recognizable small food item conceals a tangible consequential adult inheritance object.
fill|5|wendys|Wendy's red-haired mascot signed the obituary as the executor of ___.|A household brand persona takes a concrete absurd adult legal role through a specific document.
fill|5|chipotle|Chipotle's foil wrapper shielded the stolen ___ from the courthouse scanner.|A familiar wrapping material performs a tangible outrageous adult security evasion.
fill|5|tide|Tide dissolved the bloodstain and revealed the tattoo admitting I had ___.|A household cleaning action exposes a specific incriminating adult physical message.
fill|4|febreze|Febreze's spray briefly made the ghost visible, revealing it was carrying ___.|A recognizable physical mist exposes a concrete suspicious supernatural object.
fill|5|clorox|The Clorox wipe removed every word from the prenup except You Owe ___.|A household cleaning object physically changes a specific consequential adult legal document.
fill|5|bounty|Bounty absorbed the wedding spill and the signature transferring ownership of ___.|A household absorbent product removes a concrete consequential adult legal mark.
fill|4|charmin|Charmin's soft roll wrapped the museum's stolen ___ and voided the insurance.|A familiar physical product becomes a tangible adult criminal packing material with financial consequences.
fill|5|gillette|The Gillette razor shaved the corpse so closely it exposed a tattoo declaring ___.|A household grooming tool reveals a specific morbid adult physical secret.
fill|4|old-spice|Old Spice's scent followed the getaway driver all the way to ___.|A familiar strong fragrance supplies a tangible trail for a specific adult criminal investigation.
fill|4|axe|The Axe spray set off the wedding venue's alarm labeled Excessive ___.|A household intense fragrance triggers a specific absurd adult ceremonial safety warning.
fill|5|crocs|The Crocs charm fell out of the coffin, revealing the deceased's secret career in ___.|A distinctive shoe decoration becomes tangible evidence of a specific adult memorial secret.
most-likely|4|ikea|Who's most likely to make IKEA repossess the bed while their ex is still asleep?|A household furniture retailer performs a specific outrageous adult property collection.
most-likely|4|costco|Who's most likely to share a Costco membership photo with the deceased to save money?|A familiar membership rule motivates a specific tasteless adult financial deception.
most-likely|5|netflix|Who's most likely to charge the ghost rent for using their Netflix profile?|A household account-sharing feature creates a precise absurd supernatural housing transaction.
most-likely|5|amazon|Who's most likely to give the getaway driver's location in an Amazon delivery review?|A familiar consumer-feedback channel publicly exposes a specific adult criminal secret.
most-likely|4|mcdonalds|Who's most likely to plead the Fifth into the McDonald's drive-through speaker?|A household ordering device receives a concrete absurd adult legal response.
most-likely|4|taco-bell|Who's most likely to ask Taco Bell to write the alibi on the hot sauce packet?|A familiar condiment wrapper becomes a tangible absurd adult criminal communication surface.
most-likely|5|starbucks|Who's most likely to order the ashes in a venti Starbucks cup and demand oat milk?|A household drink-size ritual becomes an explicit tasteless adult funeral service request.
most-likely|5|walmart|Who's most likely to return the haunted coffin to Walmart without a receipt?|A familiar retail-return procedure creates a specific absurd supernatural adult warranty dispute.
most-likely|4|target|Who's most likely to cover the guilty plea with Target bullseye stickers?|A recognizable physical store symbol conceals a consequential adult legal document.
most-likely|5|uber|Who's most likely to demand five Uber stars for driving the hostage back on time?|A household rating mechanism rewards a specific outrageously criminal adult transport service.
most-likely|4|doordash|Who's most likely to tip the coroner through DoorDash and request extra organs?|A familiar consumer tipping channel creates a specific outrageously inappropriate adult medical order.
most-likely|5|airbnb|Who's most likely to give Airbnb one star because the ghost won't split the rent?|A household accommodation review raises a specific petty supernatural financial grievance.
most-likely|4|spotify|Who's most likely to call Spotify's private session their entire witness-protection plan?|A familiar privacy control replaces a specific serious adult legal safety service.
most-likely|5|apple|Who's most likely to use Apple's AirDrop to send the confession to the entire jury?|A household sharing feature publicly exposes a concrete self-incriminating adult legal message.
most-likely|4|google|Who's most likely to reverse-search their wedding photo on Google to find the mugshot?|A familiar image-search mechanism reveals a specific outrageous adult ceremonial identity connection.
most-likely|5|facebook|Who's most likely to change Facebook to Widowed before asking their spouse for a coupon?|A household relationship-status feature creates an explicit tasteless adult consumer deception.
most-likely|4|instagram|Who's most likely to charge Instagram sponsors for space on the coffin lid?|A household sponsorship practice becomes a tangible outrageous adult funeral advertising sale.
most-likely|5|tiktok|Who's most likely to stream the plea bargain on TikTok and ask viewers to like the alibi?|A recognizable audience-engagement mechanism promotes a specific self-incriminating adult legal defense.
most-likely|4|disney|Who's most likely to ask Disney for a FastPass through the crematorium queue?|A household queue-skipping product is requested for a specific inappropriate adult death service.
most-likely|4|microsoft|Who's most likely to use Microsoft Excel to divide the ashes into billable departments?|A household spreadsheet function imposes a concrete tasteless adult workplace funeral allocation.
most-likely|5|zoom|Who's most likely to put the ghost in a Zoom breakout room until it signs the will?|A familiar meeting feature detains a specific supernatural adult inheritance participant.
most-likely|5|linkedin|Who's most likely to endorse their organ donor for Teamwork on LinkedIn?|A household professional-skill feature rewards a specific morbid adult medical contribution.
most-likely|4|tesla|Who's most likely to send the Tesla to collect the alibi witness without telling them?|A familiar automated-car idea performs a concrete outrageous adult legal transport arrangement.
most-likely|4|peloton|Who's most likely to chase the Peloton leaderboard while the house alarm screams Fire?|A household exercise-ranking system distracts from a specific dangerous adult household emergency.
most-likely|5|roomba|Who's most likely to put the ankle monitor on the Roomba and go to the casino?|A familiar roaming appliance performs a tangible absurd adult criminal-supervision evasion.
most-likely|4|ring|Who's most likely to send the Ring ghost footage to the HOA with a noise complaint?|A household surveillance feature documents a specific absurd supernatural housing grievance.
most-likely|5|cheetos|Who's most likely to eat Cheetos in surgical gloves during the organ-donor briefing?|A familiar messy snack intrudes physically on a specific inappropriate adult medical procedure.
most-likely|4|oreo|Who's most likely to dunk an Oreo in the embalming tray and blame the caterer?|A household dipping habit creates a specific grotesquely inappropriate adult funeral act.
most-likely|5|heinz|Who's most likely to fill the blood transfusion bag with Heinz because it's also red?|A household sauce's visible color motivates a concrete outrageously invalid adult medical substitution.
most-likely|5|kfc|Who's most likely to ask KFC for extra legs so the resurrected corpse can walk?|A household meal component is requested for a specific impossible adult supernatural repair.
most-likely|4|burger-king|Who's most likely to bury the Burger King crown and declare a national day of mourning?|A recognizable disposable crown triggers a concrete absurd adult royal funeral protocol.
most-likely|4|subway|Who's most likely to splint the witness's broken arm with a Subway footlong?|A household long sandwich performs a tangible inappropriate adult medical support function.
most-likely|4|dominos|Who's most likely to use a Domino's box as the organ cooler and request breadsticks?|A familiar food container physically replaces a specific serious adult medical transport device.
most-likely|4|pizza-hut|Who's most likely to ask Pizza Hut to fill the stuffed crust with stolen wedding cash?|A household food cavity becomes a tangible absurd adult criminal hiding place.
most-likely|5|olive-garden|Who's most likely to trade Olive Garden breadsticks as currency at the bail hearing?|A recognizable unlimited restaurant item becomes a concrete absurd adult legal payment.
most-likely|4|red-lobster|Who's most likely to put the Red Lobster bib on the corpse before the autopsy?|A familiar dining accessory performs a specific grotesquely inappropriate adult medical preparation.
most-likely|4|applebees|Who's most likely to settle the divorce by karaoke duel at Applebee's?|A household adult restaurant activity replaces a specific consequential legal resolution procedure.
most-likely|5|waffle-house|Who's most likely to pay the Waffle House jukebox to drown out the police negotiator?|A familiar restaurant sound device physically sabotages a precise adult criminal standoff procedure.
most-likely|4|dunkin|Who's most likely to hide the engagement ring in a Dunkin donut hole and swallow both?|A household small snack causes a tangible outrageous adult romantic-object mishap.
most-likely|4|wendys|Who's most likely to ask Wendy's to write the restraining order as a personalized roast?|A recognizable brand's insult persona produces a specific tasteless adult legal-service request.
most-likely|5|chipotle|Who's most likely to wrap the donor heart in Chipotle foil and label it Extra Guac?|A household food wrapping physically conceals a specific outrageously misidentified adult medical cargo.
most-likely|4|tide|Who's most likely to demand Tide remove the wedding photos from the witness's shirt?|A familiar stain-removal function is applied to a concrete absurd adult evidentiary image.
most-likely|4|febreze|Who's most likely to charge the ghost for Febreze because haunting isn't odor-neutral?|A household odor-control product motivates a specific absurd supernatural consumer bill.
most-likely|5|clorox|Who's most likely to disinfect the wedding rings with Clorox before dividing the debt?|A familiar cleaning procedure intrudes physically on a specific absurd adult divorce-finance ritual.
most-likely|5|bounty|Who's most likely to use Bounty to blot the ink off the will before the lawyer arrives?|A household absorbent product performs a tangible outrageous adult inheritance-document sabotage.
most-likely|4|charmin|Who's most likely to wrap the evidence in Charmin and demand softer sentencing?|A household soft product supports a specific concrete absurd adult legal negotiation.
most-likely|5|gillette|Who's most likely to shave the deceased's police-sketch beard with a Gillette razor?|A familiar grooming tool performs a tangible impossible adult forensic alteration.
most-likely|4|old-spice|Who's most likely to spray Old Spice on the getaway car and call it a masculine alibi?|A household strong fragrance physically supplies an absurdly inadequate adult criminal defense.
most-likely|4|axe|Who's most likely to spray Axe at the ghost until it agrees to stop haunting the date?|A familiar intense scent performs a visible absurd supernatural adult social negotiation.
most-likely|5|crocs|Who's most likely to list Crocs charms as the estate's only valuable jewelry?|A distinctive household shoe accessory becomes a concrete absurd adult inheritance asset.
