fill|4|nike|The Nike sneaker squeaked through the moment of silence and woke ___.|A familiar physical shoe noise causes a specific morbid supernatural ceremonial interruption.
fill|3|adidas|Three Adidas stripes were the only clothing left after the wedding's illegal ___.|The familiar stripes are clear, but the unspecified illegal event supplies nearly all the outrageous context.
fill|5|gucci|The Gucci coffin liner cost more than the deceased's entire collection of ___.|A household luxury reference creates a specific outrageously misplaced adult funeral expense.
fill|3|louis-vuitton|The Louis Vuitton bag's monogram spelled out the name of the person who stole ___.|The changing monogram is arbitrary magic attached to a generic theft discovery.
fill|4|prada|The Prada funeral runway had one model carrying a handbag full of ___.|A household fashion setting displays a concrete grotesquely inappropriate adult memorial object.
fill|3|chanel|Chanel perfume covered every smell except the unmistakable aroma of ___.|The perfume setup is recognizable but lacks an outrageous situation before the missing smell.
fill|5|rolex|The Rolex kept ticking in the coffin, charging the estate one dollar for every ___.|A household expensive timepiece becomes a specific morbid adult recurring-fee device.
fill|5|tiffany|The Tiffany box opened, revealing a miniature lawyer who immediately demanded ___.|A recognizable romantic gift package causes a concrete absurd adult legal intrusion.
fill|3|cartier|The Cartier bracelet's tiny screwdriver also unlocked the secret compartment for ___.|The accessory detail is specialized and the hidden-compartment discovery remains generic.
fill|3|ray-ban|The Ray-Ban lenses reflected the wedding guest secretly feeding ___ to the dog.|The reflection is clear, but ordinary feeding becomes outrageous only if the answer supplies it.
fill|5|levis|The Levi's pocket warranty did not cover damage from carrying a live ___.|A familiar clothing feature receives a concrete absurd adult product-safety exclusion.
fill|4|gap|The matching adult Gap pajamas had one extra sleeve specifically for ___.|Explicitly adult household clothing gains a tangible absurd extra-body accommodation.
fill|3|old-navy|Old Navy's clearance tag listed the suit's previous owner as ___.|The tag disclosure is a generic former-owner blank without established outrageous stakes.
fill|5|h-and-m|The H&M suit tore during the eulogy, exposing a tattoo declaring ___.|A household garment failure reveals a tangible tasteless adult memorial message.
fill|3|zara|The Zara dressing-room mirror refused to reflect the outfit until I paid for ___.|The talking retail mirror imposes an arbitrary fee with no clear brand-specific mechanism.
fill|5|lululemon|The Lululemon leggings stretched enough to hide the groom's entire ___.|A household stretchy garment conceals a tangible outrageously large adult ceremonial object.
fill|4|the-north-face|The North Face jacket's emergency whistle summoned the wrong ___ to the funeral.|A recognizable outdoor clothing feature causes a specific inappropriate adult emergency response.
fill|4|patagonia|The Patagonia jacket was recycled into a coffin lining still covered in ___.|A familiar outdoors-and-reuse association creates a tangible tasteless adult funeral product.
fill|4|under-armour|Under Armour's sweat-wicking shirt drained the courtroom's entire supply of ___.|A household garment function causes a visible outrageous adult civic resource loss.
fill|5|converse|The Converse laces tied themselves around the ankles of the person who stole ___.|A familiar physical shoe component becomes a specific absurd adult criminal restraining device.
fill|3|vans|The Vans sole left a perfect waffle print on the stolen ___.|The physical clue is coherent but the generic stolen object supplies the comic stakes.
fill|3|skechers|The Skechers cushioning absorbed the impact and the wedding guest's remaining ___.|The abstract extra absorption is hard to picture before the missing object is supplied.
fill|3|new-balance|The New Balance dad shoes arrived with a coupon for three free ___.|The dad-shoe reference is familiar but the generic coupon requires the answer to invent the premise.
fill|3|ugg|The UGG boot's fur lining concealed a tiny handwritten confession to ___.|The boot lining contributes little beyond an interchangeable hidden-confession setup.
fill|4|birkenstock|The Birkenstock cork sole floated away carrying the tiny urn containing ___.|A recognizable shoe material creates a tangible absurd adult funeral transport mishap.
fill|3|dr-martens|The Dr. Martens boot stomped through the floor and landed in the secret ___.|The physical impact is visible, but the unspecified secret room lacks clear adult stakes.
fill|3|sephora|Sephora's concealer hid the corpse's face but highlighted its unpaid ___.|Highlighting an unpaid obligation with makeup is an unclear abstract financial metaphor.
fill|3|ulta|Ulta's makeup mirror magnified the witness's tiny tattoo admitting ___.|The magnification is concrete but the unspecified tattoo confession is a generic secret reveal.
fill|5|bath-and-body-works|The Bath & Body Works candle melted into a tiny statue of the deceased's ___.|A household scented product creates a visible absurd adult memorial discovery.
fill|3|bed-bath-and-beyond|Bed Bath & Beyond's duvet was confiscated after the police found ___ inside the cover.|The familiar duvet is an interchangeable container for an unspecified criminal object.
fill|3|home-depot|Home Depot's orange bucket was the only approved container for transporting ___.|The bucket certification is legible but the missing cargo supplies all the outrageous context.
fill|3|lowes|Lowe's cut the board to size and accidentally sawed through the hidden ___.|The cutting service is specific but the unknown concealed object leaves the joke underdeveloped.
fill|4|ace-hardware|Ace Hardware copied the key and accidentally opened the judge's ___.|A recognizable retail service causes a concrete inappropriate adult legal access event.
fill|3|sherwin-williams|Sherwin-Williams matched the wedding paint exactly to the color of ___.|The color-matching feature is familiar but needs the answer to establish any outrageous stakes.
fill|4|behr|The Behr paint covered the wall but left the ghost's outline labeled ___.|A familiar coating procedure reveals a tangible absurd supernatural adult household clue.
fill|5|black-and-decker|The Black+Decker drill attached the best man's tie directly to ___.|A household power tool performs a tangible outrageous adult ceremonial clothing modification.
fill|4|dewalt|The DeWalt saw cut the cake and uncovered the illegal ___.|The inappropriate power-saw cake cutting supplies a clear adult ceremonial action, though the discovery is broad.
fill|5|duracell|The Duracell battery kept the coffin's disco light running long after ___.|A household long-life product powers a specific tasteless adult funeral customization.
fill|5|energizer|The Energizer Bunny's drumming drowned out the witness admitting ___.|A household mascot's distinctive action obstructs a specific consequential adult legal disclosure.
fill|3|kodak|The Kodak photo developed an extra face belonging to the person who stole ___.|The ghost-photo clue is recognizable but the unspecified theft leaves the stakes generic.
fill|5|polaroid|The Polaroid developed slowly enough for us to bury ___ before the face appeared.|A recognizable delayed-photo mechanism provides a specific outrageous adult crime deadline.
fill|3|canon|The Canon camera's flash illuminated the tiny warrant hidden beneath ___.|A tiny concealed warrant is an arbitrary secret-reveal device with little distinctive camera humor.
fill|4|nikon|The Nikon zoom caught the funeral guest selling ___ behind the hearse.|A familiar camera function records a specific outrageous adult memorial transaction.
fill|5|samsung|The Samsung phone's face unlock recognized the police sketch and called ___.|A household identity feature reacts to a concrete incriminating adult image.
fill|5|sony|The Sony speaker played the deleted wedding toast, including the admission that ___.|A familiar audio device broadcasts a specific humiliating adult ceremonial secret.
fill|5|lg|The LG fridge printed an inventory of every missing ___ in the coroner's report.|A household smart appliance exposes a tangible morbid adult forensic inventory.
fill|5|dyson|The Dyson vacuum's clear canister displayed the stolen ___ for every guest to see.|A distinctive visible appliance feature publicly exposes a concrete adult ceremonial crime.
fill|4|ninja|The Ninja air fryer crisped the evidence until the detective mistook it for ___.|A household cooking function creates a tangible absurd adult forensic identification error.
fill|3|keurig|The Keurig's used-pod bin contained the only copy of the deceased's ___.|The morbid lost-document premise uses the pod bin as an interchangeable hiding place.
fill|3|nespresso|The Nespresso capsule burst open and released a tiny landlord demanding ___.|The miniature landlord is random personification with no clear connection to coffee pressure.
most-likely|4|nike|Who's most likely to put Nike sneakers on the corpse so it can outrun the bill?|A household athletic shoe performs a specific impossible adult funeral-payment evasion.
most-likely|4|adidas|Who's most likely to paint Adidas stripes on the getaway car and call it sports equipment?|A household visual mark supports a concrete obviously inadequate adult criminal excuse.
most-likely|5|gucci|Who's most likely to ask Gucci to monogram the ankle monitor before the wedding?|A household luxury-label service modifies a specific outrageous adult criminal restriction.
most-likely|5|louis-vuitton|Who's most likely to charge mourners for viewing the Louis Vuitton lining of the coffin?|A recognizable luxury product becomes a concrete tasteless adult funeral admission fee.
most-likely|4|prada|Who's most likely to carry the court summons in a Prada bag and demand a runway entrance?|A household fashion accessory motivates a specific inappropriate adult judicial performance.
most-likely|4|chanel|Who's most likely to spray Chanel on the hostage note and call it a romantic threat?|A household fragrance physically reframes a specific outrageous adult criminal message.
most-likely|5|rolex|Who's most likely to use a Rolex to bill mourners per second of crying?|A household expensive timepiece meters a specific morbid and exploitative adult consumer charge.
most-likely|5|tiffany|Who's most likely to put the divorce lawyer's invoice in a Tiffany box and propose again?|A recognizable romantic package delivers a concrete absurd adult relationship-finance reversal.
most-likely|4|cartier|Who's most likely to demand Cartier turn the ankle monitor into a matching bracelet?|A household luxury-accessory service redesigns a specific outrageous adult criminal-supervision object.
most-likely|4|ray-ban|Who's most likely to wear mirrored Ray-Bans so the judge sees their own guilty face?|A familiar physical sunglasses feature performs a concrete absurd adult legal-defense tactic.
most-likely|4|levis|Who's most likely to hide the organ-donation receipt in the Levi's coin pocket?|A household tiny garment compartment stores a specific inappropriate adult medical document.
most-likely|4|gap|Who's most likely to make the adult wedding witnesses testify in matching Gap pajamas?|Explicitly adult household clothing becomes a specific inappropriate ceremonial legal uniform.
most-likely|4|old-navy|Who's most likely to demand an Old Navy clearance discount on the funeral suit deposit?|A household sale practice becomes a precise morbid adult consumer-pricing request.
most-likely|5|h-and-m|Who's most likely to return the H&M suit because it tore while hiding the body?|A household retail-return procedure follows a specific outrageous adult criminal garment failure.
most-likely|4|zara|Who's most likely to use the Zara fitting room as their witness-protection address?|A familiar retail space replaces a specific serious adult legal safety service.
most-likely|5|lululemon|Who's most likely to stretch Lululemon leggings over wedding cake to dodge the deposit?|A household stretchy garment performs a tangible absurd adult ceremonial financial evasion.
most-likely|4|the-north-face|Who's most likely to zip the donor-organ cooler into a North Face jacket and go skiing?|A household outdoor garment conceals a specific outrageously misdirected adult medical cargo.
most-likely|4|patagonia|Who's most likely to recycle the Patagonia jacket into the ex's restraining-order sleeve?|A familiar reuse-oriented clothing reference becomes a tangible absurd adult legal-document accessory.
most-likely|4|under-armour|Who's most likely to wear Under Armour to absorb the sweat during the lie-detector test?|A household fabric function serves a specific absurd adult forensic evasion.
most-likely|5|converse|Who's most likely to use Converse laces to tie the urn to the getaway scooter?|A familiar physical shoe component secures a concrete outrageous adult criminal funeral cargo.
most-likely|4|vans|Who's most likely to stamp Vans soles onto the alibi form instead of signing it?|A recognizable shoe texture becomes a tangible obviously invalid adult legal authentication.
most-likely|4|skechers|Who's most likely to demand Skechers cushioning for the coffin's dance floor?|A household comfort feature supports a specific tasteless adult funeral customization.
most-likely|4|new-balance|Who's most likely to call New Balance dad shoes the formal uniform of the divorce court?|A familiar adult footwear stereotype receives a specific absurd legal dress-code declaration.
most-likely|4|ugg|Who's most likely to use the UGG fur lining to cushion the stolen wedding diamonds?|A recognizable garment feature physically protects concrete adult criminal ceremonial cargo.
most-likely|5|birkenstock|Who's most likely to use Birkenstock soles as miniature rafts for the cremated remains?|A household cork footwear feature supports a tangible absurd adult memorial transport ritual.
most-likely|4|dr-martens|Who's most likely to stomp the parking ticket into the floor with Dr. Martens?|A household heavy boot performs a concrete futile adult legal-evasion act.
most-likely|5|sephora|Who's most likely to ask Sephora to contour the corpse for a richer inheritance photo?|A household cosmetic service performs a specific tasteless adult memorial-financial image alteration.
most-likely|4|ulta|Who's most likely to request an Ulta makeover for the police sketch before surrendering?|A familiar cosmetic service alters a specific inappropriate adult criminal-identification image.
most-likely|4|bath-and-body-works|Who's most likely to use Bath & Body Works candles as the morgue's emergency lighting?|A household scented product replaces a specific serious adult death-service utility.
most-likely|4|bed-bath-and-beyond|Who's most likely to pay bail with Bed Bath & Beyond bedding and ask for a duvet discount?|A household retail product becomes a concrete absurd adult judicial payment and pricing request.
most-likely|4|home-depot|Who's most likely to demand a Home Depot workshop on dismantling the rented wedding altar?|A familiar hardware instruction service performs a specific absurd adult ceremonial teardown task.
most-likely|5|lowes|Who's most likely to have Lowe's cut the coffin down to fit the compact rental car?|A household board-cutting service performs a concrete tasteless adult funeral transport modification.
most-likely|4|ace-hardware|Who's most likely to ask Ace Hardware to duplicate the key to the evidence locker?|A familiar key-copying service is requested for a specific inappropriate adult criminal facility.
most-likely|4|sherwin-williams|Who's most likely to ask Sherwin-Williams to match the wedding paint to the autopsy tray?|A household color-matching service makes a concrete morbid adult ceremonial design choice.
most-likely|4|behr|Who's most likely to paint over the ghost with Behr and charge it for the extra coat?|A household coating product performs a visible absurd supernatural consumer transaction.
most-likely|5|black-and-decker|Who's most likely to use Black+Decker to screw the best man's tie to the witness stand?|A household power tool performs a tangible outrageous adult ceremonial-legal clothing restraint.
most-likely|4|dewalt|Who's most likely to cut the wedding cake with a DeWalt saw and demand a hard-hat tip?|A familiar job-site tool causes a concrete absurd adult food-service safety and payment request.
most-likely|5|duracell|Who's most likely to install Duracells in the urn so the deceased can complain all night?|A household power product enables a specific morbid supernatural adult consumer nuisance.
most-likely|5|energizer|Who's most likely to hire the Energizer Bunny to drum during the lie-detector interview?|A household mascot's distinctive noise obstructs a precise adult criminal-investigation procedure.
most-likely|4|kodak|Who's most likely to advertise the guilty verdict as the family's favorite Kodak moment?|A familiar celebratory photo phrase promotes a specific tasteless adult legal outcome.
most-likely|5|polaroid|Who's most likely to wave the Polaroid faster so the alibi develops before police arrive?|A recognizable physical photo ritual creates a specific absurd adult criminal-evidence deadline.
most-likely|4|canon|Who's most likely to make the Canon flash count as the wedding's lightning safety test?|A household camera function performs a concrete obviously inadequate adult ceremonial safety procedure.
most-likely|4|nikon|Who's most likely to zoom the Nikon onto the ex's wedding ring and demand reimbursement?|A familiar camera feature documents a precise shameless adult romantic financial claim.
most-likely|5|samsung|Who's most likely to ask Samsung face unlock whether the deceased still owes them money?|A household identity feature receives a specific impossible morbid adult financial inquiry.
most-likely|4|sony|Who's most likely to play the secret divorce recording through the Sony wedding speakers?|A familiar audio device publicly broadcasts a concrete humiliating adult ceremonial secret.
most-likely|5|lg|Who's most likely to list the LG fridge as the missing organs' last known address?|A household cold-storage appliance becomes a specific morbid adult forensic record.
most-likely|5|dyson|Who's most likely to vacuum the stolen cash with a Dyson and forget the canister is clear?|A distinctive visible appliance feature defeats a concrete adult crime-evidence concealment act.
most-likely|4|ninja|Who's most likely to air-fry the court summons in the Ninja and call it paper chips?|A household cooking function physically destroys a specific adult legal document with an absurd food label.
most-likely|4|keurig|Who's most likely to ask Keurig to brew the deceased's last cup directly into the urn?|A household coffee mechanism performs a specific tasteless adult memorial service.
most-likely|4|nespresso|Who's most likely to offer Nespresso capsules as collateral for the funeral deposit?|A household small premium product becomes a concrete absurd adult financial asset.
