fill|5|bank-of-america|Bank of America's ATM spat out the funeral bill and demanded the deceased's ___.|A household cash machine imposes a specific impossible adult death-service authentication demand.
fill|5|chase|Chase's joint account split the ashes equally and charged both ex-spouses for ___.|A familiar shared-bank product creates a concrete morbid adult divorce transaction.
fill|5|wells-fargo|Wells Fargo repossessed the coffin but left the family a complimentary ___.|A household finance provider performs a specific outrageous adult funeral property collection.
fill|5|visa|The Visa terminal declined the ransom but approved the purchase of ___.|A familiar payment mechanism creates a specific contradictory adult criminal consumer decision.
fill|4|mastercard|Mastercard's chip reader accepted the pirate's gold tooth as payment for ___.|A household physical payment object processes a tangible absurd adult criminal asset.
fill|5|american-express|American Express upgraded the hostage to a lounge with complimentary ___.|A familiar premium-card perk is assigned to a specific outrageously inappropriate adult situation.
fill|4|paypal|PayPal held the exorcist's payment until the ghost supplied proof of ___.|A household transaction-control procedure imposes a concrete absurd supernatural evidentiary demand.
fill|5|venmo|Venmo's public feed announced I'd paid the funeral director to quietly remove ___.|A familiar payment-visibility feature exposes a specific morbid adult criminal service.
fill|4|cash-app|The Cash App request came from the deceased and included a late fee for ___.|A recognizable payment request creates a concrete supernatural adult financial obligation.
fill|4|zelle|Zelle split the bail money between the suspects and accidentally paid ___.|A household transfer mechanism causes a specific outrageous adult criminal-payment destination error.
fill|5|geico|The GEICO gecko inspected the haunted car and found a ghost driving with ___.|A household adult-coded mascot investigates a specific absurd supernatural vehicle violation.
fill|5|progressive|Progressive's bundle covered the wedding, the divorce, and the inevitable ___.|A familiar insurance-packaging feature includes a specific outrageous escalation of adult relationships.
fill|5|allstate|Allstate's good hands dropped the urn and billed the family for ___.|A household physical-service slogan becomes a concrete tasteless adult funeral liability event.
fill|5|state-farm|State Farm's neighbor arrived at the séance carrying a policy that excluded ___.|A familiar adult insurer persona imposes a concrete absurd supernatural warranty limitation.
fill|4|liberty-mutual|Liberty Mutual insured the werewolf's house but charged extra for every ___.|A familiar customizable-insurance function creates a specific absurd adult supernatural property fee.
fill|5|aflac|The Aflac duck pecked open the will and swallowed the clause protecting ___.|A household animal mascot physically alters a consequential adult inheritance document.
fill|4|metlife|MetLife's beneficiary form listed the deceased's unpaid ___ as next of kin.|A household life-insurance document assigns a concrete absurd adult financial family relationship.
fill|4|prudential|Prudential's retirement plan paid out only after the ghost stopped ___.|A recognizable adult financial product imposes a specific absurd supernatural eligibility condition.
fill|5|capital-one|Capital One's wallet inspection found cash, cards, and the missing ___ from the autopsy.|A household familiar ad theme becomes a tangible morbid adult forensic discovery.
fill|4|discover|Discover paid cash back on the cremation but deducted the cost of ___.|A familiar credit-card reward creates a specific tasteless adult funeral expense dispute.
fill|5|budweiser|Budweiser's Clydesdales pulled the hearse directly into the adult wedding's ___.|A household distinctive animal team causes a visible outrageous adult ceremonial transport disaster.
fill|4|bud-light|The Bud Light cooler hid the court summons beneath the last bag of ___.|A household adult-drinking object conceals a concrete inappropriate adult legal document.
fill|5|coors-light|Coors Light's blue mountains indicated the body was finally cold enough for ___.|A familiar temperature-indicating package feature becomes a specific morbid adult readiness test.
fill|4|miller-lite|Miller Lite's pull tab opened a tiny portal to the divorce lawyer's ___.|A familiar adult beverage component creates a tangible absurd legal-service access point.
fill|5|guinness|The Guinness foam mustache was the only disguise protecting the getaway driver from ___.|A household dark-beer feature becomes a concrete absurdly inadequate adult criminal disguise.
fill|4|heineken|The Heineken bottle's green glass made the autopsy photo look like ___.|A recognizable adult beverage material visibly alters a specific morbid forensic image.
fill|5|corona|The Corona lime wedge was the only thing holding the donated ___ in place.|A household adult beverage garnish becomes a tangible outrageously inadequate medical support.
fill|4|modelo|The Modelo bottle broke and exposed the tiny bail receipt for ___.|A familiar adult beverage container conceals a concrete suspicious judicial document.
fill|5|white-claw|The White Claw cooler floated away with the witness and the only evidence of ___.|A household adult party object carries a specific outrageous criminal-investigation loss.
fill|3|truly|The Truly can's fruit flavor helped the coroner identify ___.|The adult beverage is recognizable but the unspecified identification depends heavily on the answer.
fill|5|smirnoff|Smirnoff replaced the antiseptic, leaving the surgeon legally required to confess ___.|A household adult spirit is misused in a specific outrageous medical procedure.
fill|4|absolut|The Absolut bottle's clear glass exposed the hidden wedding contract granting ___.|A recognizable physical adult beverage feature reveals a concrete outrageous relationship document.
fill|4|grey-goose|The Grey Goose label's bird flew off and stole the only key to ___.|A familiar adult beverage image creates a visible absurd physical theft.
fill|4|titos|Tito's bottle was auctioned at the wake with the last fingerprints of ___.|A household adult beverage object becomes a specific tasteless forensic memorial artifact.
fill|5|jack-daniels|Jack Daniel's whiskey barrel rolled into court, spilling the stolen ___ from the will.|A household recognizable storage object exposes a tangible adult inheritance crime.
fill|4|jim-beam|The Jim Beam bottle filled the séance glass and drowned out the ghost's warning about ___.|A familiar adult beverage action obstructs a specific supernatural safety disclosure.
fill|4|johnnie-walker|Johnnie Walker's walking man stepped off the label and repossessed ___.|A household adult brand figure performs a tangible absurd financial property collection.
fill|5|makers-mark|Maker's Mark red wax sealed the coffin shut before we removed ___.|A distinctive adult beverage package feature causes a specific outrageous funeral sealing error.
fill|5|jagermeister|Jägermeister's stag interrupted the polygraph by demanding antler room for ___.|A familiar animal label figure physically disrupts a specific absurd adult legal procedure.
fill|5|fireball|The Fireball shot triggered the morgue's sprinkler and washed away the evidence of ___.|A household fiery adult spirit causes a visible outrageous forensic-facility emergency.
fill|4|bacardi|The Bacardi bat escaped the bottle and carried the witness's ___ into the rafters.|A recognizable adult beverage mascot performs a tangible absurd courtroom physical theft.
fill|4|patron|The Patrón cork was used to plug the leak in the funeral home's ___.|A household premium adult beverage component becomes a tangible inappropriate death-service repair.
fill|3|jose-cuervo|Jose Cuervo's bottle label provided the only alibi for ___.|The adult spirit is familiar but the unexplained label testimony is a generic evidence premise.
fill|5|baileys|Baileys curdled in the communion cup and spelled out the deceased's secret ___.|A familiar creamy adult drink creates a visible morbid supernatural ceremonial message.
fill|4|kahlua|The Kahlúa coffee stain changed the will so the espresso machine inherited ___.|A recognizable adult coffee drink physically alters a specific absurd inheritance allocation.
fill|4|captain-morgan|Captain Morgan's raised leg kicked the wedding invoice straight into ___.|A household adult mascot's distinctive pose creates a tangible absurd ceremonial financial mishap.
fill|3|malibu|Malibu's palm tree label cast a tiny shadow over the stolen ___.|The adult beverage reference is clear but the small visual clue supplies weak outrageous stakes.
fill|4|hennessy|The Hennessy bottle's glass reflection revealed the ex quietly repossessing ___.|A familiar adult beverage object records a concrete socially outrageous relationship transaction.
fill|5|moet-and-chandon|The Moët cork hit the cryogenic-freezing switch just as we raised a toast to ___.|A household celebratory adult action triggers a specific outrageous morbid medical device.
fill|5|dom-perignon|The Dom Pérignon cork flew through the will and deleted the clause protecting ___.|A familiar premium adult beverage action physically sabotages a consequential inheritance document.
most-likely|5|bank-of-america|Who's most likely to ask Bank of America whether the coffin counts as a safe-deposit box?|A household storage service receives a specific morbid adult financial-classification request.
most-likely|5|chase|Who's most likely to make Chase divide the ashes by each ex-spouse's credit score?|A familiar financial metric controls a concrete outrageously inappropriate adult funeral allocation.
most-likely|5|wells-fargo|Who's most likely to make Wells Fargo repossess the coffin with the ghost inside?|A household property-collection procedure causes a specific absurd supernatural adult financing problem.
most-likely|4|visa|Who's most likely to swipe Visa at the ransom drop and ask for the merchant's receipt?|A familiar payment ritual imposes a concrete absurd consumer-document demand on an adult crime.
most-likely|4|mastercard|Who's most likely to ask Mastercard to refund the bribe because the witness still talked?|A household consumer-dispute mechanism applies to a specific outrageously criminal adult transaction.
most-likely|5|american-express|Who's most likely to use American Express points to upgrade the hostage's return flight?|A familiar reward mechanism funds a specific outrageous adult criminal travel perk.
most-likely|4|paypal|Who's most likely to dispute the PayPal exorcism charge because the ghost came back?|A household consumer-payment dispute becomes a specific absurd supernatural warranty complaint.
most-likely|5|venmo|Who's most likely to pay the getaway driver on Venmo and tag the police department?|A familiar public-payment feature exposes a concrete self-incriminating adult criminal service.
most-likely|4|cash-app|Who's most likely to request funeral parking money from the deceased on Cash App?|A recognizable payment-request mechanism charges a specific impossible adult funeral participant.
most-likely|4|zelle|Who's most likely to Zelle the bail money to the arresting officer and request change?|A household transfer service makes a specific absurd adult criminal-payment destination mistake.
most-likely|5|geico|Who's most likely to ask the GEICO gecko to certify the ghost has a valid driving license?|A household adult-coded mascot receives a precise absurd supernatural vehicle credentialing task.
most-likely|5|progressive|Who's most likely to ask Progressive to bundle the prenup with collision coverage?|A household insurance-packaging function is applied to a specific absurd adult relationship contract.
most-likely|5|allstate|Who's most likely to demand Allstate's good hands scoop the ashes back off the floor?|A familiar physical-service slogan performs a concrete tasteless adult funeral repair.
most-likely|4|state-farm|Who's most likely to ask State Farm's neighbor to insure the ghost's unpaid rent?|A recognizable adult insurer persona gets a specific absurd supernatural housing-finance request.
most-likely|4|liberty-mutual|Who's most likely to make Liberty Mutual charge the werewolf separately for shed fur?|A familiar customized-policy function prices a tangible absurd adult supernatural property nuisance.
most-likely|5|aflac|Who's most likely to hire the Aflac duck to peck false testimony off the court transcript?|A household animal mascot performs a concrete impossible adult legal-document correction.
most-likely|4|metlife|Who's most likely to ask MetLife whether the ghost can collect its own death benefit?|A household life-insurance service receives a specific absurd supernatural adult eligibility inquiry.
most-likely|4|prudential|Who's most likely to demand Prudential reimburse the ghost for missed retirement years?|A familiar adult finance provider faces a precise absurd supernatural consumer-compensation demand.
most-likely|5|capital-one|Who's most likely to empty the Capital One wallet into the autopsy tray as proof of life?|A household familiar advertising object becomes a concrete morbidly invalid adult medical demonstration.
most-likely|4|discover|Who's most likely to use Discover cash back to buy the ghost a cheaper burial plot?|A familiar credit-card reward funds a specific tasteless supernatural adult funeral purchase.
most-likely|5|budweiser|Who's most likely to make Budweiser's Clydesdales tow the repossessed wedding limousine?|A household distinctive animal team performs a tangible outrageous adult financial vehicle collection.
most-likely|4|bud-light|Who's most likely to hide the wedding witness in the empty Bud Light cooler?|A household adult-drinking container holds a specific physically absurd criminal ceremonial participant.
most-likely|5|coors-light|Who's most likely to use Coors Light's blue mountains as the morgue thermometer?|A familiar temperature-indicating package feature replaces a specific serious adult forensic instrument.
most-likely|4|miller-lite|Who's most likely to return the Miller Lite pull tab as evidence of the failed proposal?|A familiar adult beverage component becomes a tangible tasteless relationship artifact.
most-likely|5|guinness|Who's most likely to submit a Guinness foam mustache as the witness-protection disguise?|A household physical drink feature becomes a specific absurdly inadequate adult legal safety device.
most-likely|4|heineken|Who's most likely to use Heineken's green glass as the filter for the autopsy portrait?|A recognizable adult beverage material physically alters a specific inappropriate forensic image.
most-likely|5|corona|Who's most likely to wedge a Corona lime into the leaking organ-donation cooler?|A familiar adult drink garnish performs a concrete outrageously unsuitable medical transport repair.
most-likely|4|modelo|Who's most likely to offer a Modelo bottle cap as the only evidence of their alibi?|A household adult beverage object becomes a specific obviously inadequate criminal defense artifact.
most-likely|4|white-claw|Who's most likely to let the White Claw cooler float away before checking for the will?|A familiar buoyant party object carries a concrete recklessly mishandled adult inheritance document.
most-likely|3|truly|Who's most likely to make the coroner identify the Truly flavor before signing the report?|The adult procedure is concrete but the drink-flavor demand is largely arbitrary.
most-likely|5|smirnoff|Who's most likely to hand the surgeon Smirnoff and label it Internal Antiseptic?|A household adult spirit becomes a tangible outrageously invalid medical supply.
most-likely|4|absolut|Who's most likely to hide the secret prenup in Absolut and forget the bottle is clear?|A familiar transparent adult beverage container defeats a concrete relationship-document concealment act.
most-likely|4|grey-goose|Who's most likely to subpoena the Grey Goose bird for stealing the courthouse key?|A familiar adult beverage image receives a specific absurd criminal-witness assignment.
most-likely|4|titos|Who's most likely to auction the Tito's bottle as the deceased's fingerprint collection?|A household adult beverage object becomes a concrete tasteless forensic memorial sale.
most-likely|5|jack-daniels|Who's most likely to roll a Jack Daniel's barrel into court and demand a jury seat?|A household recognizable storage object requests a specific absurd adult judicial accommodation.
most-likely|4|jim-beam|Who's most likely to offer Jim Beam to the ghost and deduct it from the inheritance?|A familiar adult spirit becomes a precise absurd supernatural family financial transaction.
most-likely|4|johnnie-walker|Who's most likely to make Johnnie Walker's walking man deliver the eviction notice?|A household adult brand figure gets a concrete absurd legal-document service assignment.
most-likely|5|makers-mark|Who's most likely to seal the prenup with Maker's Mark wax before anyone reads it?|A distinctive adult beverage packaging feature performs a tangible outrageous legal-document obstruction.
most-likely|4|jagermeister|Who's most likely to make the Jägermeister stag fit its antlers through the court scanner?|A familiar animal label figure causes a specific absurd adult legal security procedure.
most-likely|5|fireball|Who's most likely to pour Fireball into the morgue sprinkler and call it festive safety?|A household fiery adult spirit physically corrupts a specific serious death-service utility.
most-likely|4|bacardi|Who's most likely to make the Bacardi bat return the engagement ring before last call?|A recognizable adult beverage mascot performs a tangible absurd criminal romantic-object recovery.
most-likely|4|patron|Who's most likely to use a Patrón cork as the official seal on the organ-donor cooler?|A household adult beverage component authenticates a specific inappropriate medical transport device.
most-likely|3|jose-cuervo|Who's most likely to ask the Jose Cuervo bottle to swear to the bachelor-party alibi?|The adult courtroom task is specific but the bottle personification is arbitrary.
most-likely|5|baileys|Who's most likely to pour Baileys into the communion cup and ask the ghost to stir?|A familiar creamy adult drink physically alters a specific supernatural religious ceremony.
most-likely|4|kahlua|Who's most likely to blot the Kahlúa coffee stain off the will only where the debts are?|A recognizable adult drink physically alters a specific consequential inheritance document.
most-likely|4|captain-morgan|Who's most likely to ask Captain Morgan to keep his raised boot off the wedding cake?|A household adult mascot's distinctive stance causes a concrete absurd ceremonial physical conflict.
most-likely|3|malibu|Who's most likely to ask Malibu's palm tree to shade the stolen evidence bag?|The physical adult concealment is clear but the animated label tree is random personification.
most-likely|4|hennessy|Who's most likely to use the Hennessy bottle to reflect the ex hiding the wedding cash?|A familiar adult beverage object supplies a tangible specific ceremonial theft observation.
most-likely|5|moet-and-chandon|Who's most likely to aim the Moët cork at the cryogenic switch and call it a toast?|A household celebratory adult action triggers a concrete outrageously inappropriate medical device.
most-likely|5|dom-perignon|Who's most likely to shoot the Dom Pérignon cork through the unwanted inheritance clause?|A familiar premium adult drink action physically sabotages a specific consequential family document.
