fill|5|hilton|Hilton's key card opened the honeymoon suite and the secret morgue containing ___.|A familiar room-access object reveals a concrete outrageously inappropriate adult hotel facility.
fill|5|marriott|Marriott's housekeeping folded the divorce papers into a swan clutching ___.|A recognizable hotel presentation ritual physically transforms a specific adult relationship document.
fill|4|holiday-inn|Holiday Inn's Wake Up Call woke the corpse, which immediately demanded ___.|A familiar hotel service causes a concrete absurd supernatural adult consumer complaint.
fill|4|hyatt|Hyatt's room-service trolley rolled into court carrying the witness and ___.|A recognizable hotel object performs a tangible outrageous adult forensic delivery.
fill|3|hampton-inn|Hampton Inn's breakfast waffle iron stamped the guest's confession onto ___.|The adult food-evidence mechanism is visible but resembles a generic hidden-confession gag.
fill|5|motel-6|Motel 6 left the light on, and the ghost used the extra electricity to ___.|A household service promise enables a specific absurd supernatural adult activity.
fill|5|ritz-carlton|The Ritz-Carlton charged a luxury fee for polishing the deceased's ___.|A household premium-service association creates a concrete tasteless adult funeral upsell.
fill|3|super-8|Super 8's room number appeared on the witness's tattoo alongside ___.|The motel is familiar but the tattoo clue lacks a distinctive outrageous mechanism.
fill|3|best-western|Best Western's loyalty card was found inside the stolen ___.|The familiar membership object is an interchangeable generic crime-evidence discovery.
fill|4|travelodge|Travelodge's Do Not Disturb sign was nailed to the coffin using ___.|A recognizable hotel object becomes a tangible tasteless adult funeral accessory.
fill|5|delta|Delta's boarding scanner rejected the coffin because it had too many ___.|A household airport device imposes a specific absurd adult death-transport security condition.
fill|4|united|United's luggage carousel delivered the urn and someone else's collection of ___.|A familiar baggage mechanism causes a concrete morbid adult cargo mix-up.
fill|5|american-airlines|American Airlines upgraded the corpse to first class but charged extra for ___.|A household seat-service mechanism creates a precise tasteless adult funeral travel upsell.
fill|5|southwest|Southwest's boarding group let the ghost go first after it threatened to ___.|A familiar airline sequencing rule responds to a specific absurd supernatural adult demand.
fill|4|jetblue|JetBlue's safety demo showed exactly how to use the life vest to hide ___.|A recognizable travel instruction procedure includes a tangible outrageous adult criminal maneuver.
fill|5|spirit-airlines|Spirit Airlines weighed the ashes and charged extra for the deceased's ___.|A household baggage-fee mechanism creates a specific morbid adult excess-weight classification.
fill|3|frontier-airlines|Frontier's animal-painted plane refused to board the ghost carrying ___.|The recognizable visual feature is decorative and the personified-plane refusal is arbitrary.
fill|4|alaska-airlines|Alaska Airlines' seat pocket held a safety card and the passenger's unsigned ___.|A familiar physical flight compartment contains a concrete unsettling adult contingency document.
fill|4|amtrak|Amtrak's quiet car became very loud when the urn announced ___.|A household train-space rule is violated by a specific morbid supernatural passenger.
fill|4|greyhound|Greyhound's bus station locker opened to release the witness begging for ___.|A familiar transport storage object holds a concrete absurd adult criminal participant.
fill|5|hertz|Hertz's fuel gauge measured the getaway car in miles remaining before ___.|A household rental vehicle instrument predicts a specific absurd adult criminal deadline.
fill|4|avis|Avis's rental inspection found one dent shaped exactly like the groom's ___.|A familiar consumer inspection records a tangible outrageous adult ceremonial collision.
fill|5|enterprise|Enterprise picked up the escaped cult leader, then asked for a deposit against ___.|A household pickup service delivers a specific outrageous adult criminal consumer transaction.
fill|4|budget|Budget's rental agreement allowed one body in the trunk but prohibited ___.|A household vehicle contract states a concrete outrageously skewed adult criminal condition.
fill|5|u-haul|The U-Haul mileage bill included three extra miles for running over ___.|A familiar moving-vehicle charge itemizes a specific outrageous adult physical incident.
fill|5|ups|UPS's signature pad asked the deceased to confirm receipt of ___.|A household delivery-authentication device requests a specific impossible adult funeral acknowledgment.
fill|4|fedex|The FedEx tracking page marked the curse Delivered and invoiced the victim for ___.|A household order-status mechanism creates a specific absurd supernatural adult consumer fee.
fill|5|usps|USPS returned the coffin to sender because the body had forgotten ___.|A familiar delivery policy applies a concrete absurd adult funeral identification requirement.
fill|4|dhl|DHL's customs form classified the haunted wedding ring as ___.|A recognizable shipment document makes a specific absurd supernatural adult product classification.
fill|5|nasa|NASA's zero-gravity funeral lost the ashes when the astronaut sneezed near ___.|A household space-agency setting causes a tangible outrageous adult memorial transport mishap.
fill|5|fbi|The FBI's undercover wedding guest blew their cover by loudly requesting ___.|A household adult law-enforcement disguise fails through a specific outrageous ceremonial request.
fill|4|cia|The CIA's couples-therapy microphone picked up the sofa confessing to ___.|A familiar adult surveillance device records a concrete absurd criminal furniture witness.
fill|5|irs|The IRS audited the séance and disallowed the deduction for resurrecting ___.|A household tax procedure questions a specific outrageous adult supernatural consumer expense.
fill|5|dmv|The DMV's ghost-license photo showed everyone behind the camera except ___.|A familiar identification procedure creates a tangible absurd supernatural adult image.
fill|5|aaa|AAA's tow hook snagged the coffin and pulled out the deceased's secret ___.|A household vehicle-rescue object causes a tangible morbid adult physical discovery.
fill|4|aarp|AARP's retirement discount applied to the ghost but not its surviving ___.|A familiar adult membership benefit imposes a specific absurd supernatural consumer exception.
fill|5|carnival-cruise-line|Carnival's lifeboat drill assigned the divorce lawyer a seat beside ___.|A household cruise safety ritual creates a specific outrageous adult legal-service pairing.
fill|4|royal-caribbean|Royal Caribbean's buffet charged the ghost extra for taking a second helping of ___.|A familiar dining rule prices a specific absurd supernatural adult consumer act.
fill|3|norwegian-cruise-line|Norwegian Cruise Line's balcony view exposed the passenger secretly carrying ___.|The physical adult travel clue is clear but remains a generic hidden-object reveal.
fill|4|six-flags|Six Flags' ride photo showed the adult groom screaming while clutching ___.|An explicitly adult household thrill-ride artifact records a concrete absurd ceremonial physical object.
fill|4|seaworld|SeaWorld's dolphins served the adult divorce lawyer with a demand for ___.|A household attraction's animals make a specific absurd adult legal-service request.
fill|5|universal-studios|Universal Studios' fake blood supplier charged the adult wedding extra for ___.|A recognizable entertainment-prop service supplies a concrete outrageous adult ceremonial expense.
fill|4|trader-joes|Trader Joe's free sample tray included a tiny signed waiver protecting ___.|A household retail-tasting mechanism gives out a tangible absurd adult liability document.
fill|4|whole-foods|Whole Foods weighed the funeral casserole and billed the family for the hidden ___.|A familiar pricing procedure exposes a concrete morbid adult food-container surprise.
fill|4|kroger|The Kroger coupon printer dispensed a restraining order against the adult customer ___.|A household retail-reward device produces a specific inappropriate adult legal document.
fill|5|aldi|ALDI's quarter deposit unlocked the shopping cart and the coffin containing ___.|A household distinctive coin mechanism controls a tangible outrageous adult funeral object.
fill|4|publix|Publix's bakery wrote the divorce settlement in frosting, then charged for ___.|A familiar food-decoration service physically presents a consequential adult legal document.
fill|5|7-eleven|The 7-Eleven Slurpee froze the donated ___ and invalidated the transport warranty.|A household cold drink causes a tangible outrageously inappropriate adult medical delivery failure.
fill|3|wawa|Wawa's sandwich order number matched the witness's secret code for ___.|The regional reference and unspecified code leave a weak generic adult secret-reveal setup.
fill|3|buc-ees|Buc-ee's souvenir receipt was longer than the deceased's list of ___.|The regional brand and broad length comparison lack a sharply established physical consequence.
most-likely|4|hilton|Who's most likely to ask Hilton for two key cards because the ghost locks them out?|A household access procedure creates a specific absurd supernatural adult consumer annoyance.
most-likely|5|marriott|Who's most likely to ask Marriott housekeeping to wrap the ashes in a towel swan?|A recognizable hotel presentation ritual performs a tangible tasteless adult funeral packaging service.
most-likely|5|holiday-inn|Who's most likely to hang Holiday Inn's Do Not Disturb sign on the corpse's toe?|A familiar hotel privacy marker becomes a specific grotesquely inappropriate adult medical label.
most-likely|4|hyatt|Who's most likely to demand Hyatt reimburse the minibar because the ghost drank it?|A recognizable hotel billing mechanism raises a specific absurd supernatural adult consumer dispute.
most-likely|4|hampton-inn|Who's most likely to use Hampton Inn's waffle iron as the morgue's warming tray?|A familiar hotel breakfast appliance replaces a specific inappropriate adult death-service utility.
most-likely|5|motel-6|Who's most likely to invoice Motel 6 for the ghost attracted by the light they left on?|A household service promise causes a specific absurd supernatural adult consumer liability demand.
most-likely|5|ritz-carlton|Who's most likely to demand Ritz-Carlton turndown service for the urn on the bed?|A familiar luxury hotel routine is requested for a specific tasteless adult memorial object.
most-likely|3|super-8|Who's most likely to list Super 8 as the witness-protection program's executive suite?|The household motel comparison is coherent but the luxury-role joke is fairly broad.
most-likely|4|best-western|Who's most likely to claim Best Western loyalty points for the ghost's repeated haunting?|A familiar membership-reward mechanism credits a specific absurd supernatural adult service nuisance.
most-likely|4|travelodge|Who's most likely to ask Travelodge if the room's trapdoor includes late checkout?|A recognizable hotel service policy applies to a specific unsettling adult physical room feature.
most-likely|5|delta|Who's most likely to ask Delta to count the ashes as the deceased's carry-on?|A household baggage-classification rule is applied to a specific morbid adult funeral cargo.
most-likely|4|united|Who's most likely to ride United's luggage carousel to retrieve the stolen urn?|A familiar physical baggage system carries an adult through a specific tasteless criminal retrieval.
most-likely|5|american-airlines|Who's most likely to ask American Airlines for bereavement miles in front of the spouse?|A household loyalty concept motivates a specific outrageous adult consumer deception.
most-likely|4|southwest|Who's most likely to have the ghost hold their Southwest boarding spot by haunting it?|A recognizable sequencing system is exploited through a specific absurd supernatural adult tactic.
most-likely|4|jetblue|Who's most likely to use JetBlue's safety card as the instructions for hiding the witness?|A familiar travel document is applied to a concrete outrageously inappropriate adult criminal procedure.
most-likely|5|spirit-airlines|Who's most likely to dispute Spirit's baggage fee because the ashes can't bring luggage?|A household fee practice creates a precise absurd morbid adult consumer-pricing contradiction.
most-likely|3|frontier-airlines|Who's most likely to demand Frontier's painted animal serve as the alibi witness?|The recognizable plane image is an arbitrary personified legal witness.
most-likely|4|alaska-airlines|Who's most likely to hide the unsigned will in the Alaska Airlines seat pocket and nap?|A familiar physical travel compartment recklessly stores a consequential adult inheritance document.
most-likely|5|amtrak|Who's most likely to tell the talking urn to respect Amtrak's quiet-car rules?|A household transit-space rule disciplines a specific morbid supernatural adult passenger.
most-likely|4|greyhound|Who's most likely to ask Greyhound to store the wedding witness in a locker overnight?|A familiar transport storage service is requested for a concrete absurd adult human cargo.
most-likely|5|hertz|Who's most likely to return the Hertz getaway car with a hostage listed as lost property?|A household rental-return procedure classifies a specific outrageously criminal adult passenger.
most-likely|4|avis|Who's most likely to ask Avis whether the wedding-ring dent counts as normal wear?|A familiar vehicle-damage policy reviews a tangible absurd adult romantic collision artifact.
most-likely|4|enterprise|Who's most likely to ask Enterprise to pick them up from the cult's exit ceremony?|A household transport promise serves a specific inappropriate adult supernatural-social event.
most-likely|5|budget|Who's most likely to ask Budget whether the body in the trunk counts as an extra driver?|A familiar rental-driver policy classifies a specific outrageous adult criminal cargo.
most-likely|4|u-haul|Who's most likely to return the U-Haul with the divorce mediator still in the back?|A household moving-vehicle return leaves a specific inappropriate adult legal passenger inside.
most-likely|5|ups|Who's most likely to make UPS wait for the deceased to sign for their death certificate?|A household delivery-authentication procedure demands a specific impossible adult funeral acknowledgment.
most-likely|4|fedex|Who's most likely to demand FedEx proof of delivery for the curse they sent the ex?|A familiar shipment-documentation process verifies a specific absurd supernatural adult retaliation.
most-likely|5|usps|Who's most likely to put Return to Sender on the coffin when the funeral bill arrives?|A household mailing instruction performs a concrete tasteless adult consumer-payment evasion.
most-likely|4|dhl|Who's most likely to list the haunted wedding ring as a live DHL customs passenger?|A familiar shipment classification creates a specific absurd supernatural adult paperwork entry.
most-likely|5|nasa|Who's most likely to ask NASA to put the ashes in orbit and bill the ghost for parking?|A household space agency performs a specific outrageous supernatural adult funeral transaction.
most-likely|5|fbi|Who's most likely to ask the FBI wedding guest to flash the badge for the cake discount?|A household adult authority credential serves a specific absurdly petty ceremonial consumer request.
most-likely|4|cia|Who's most likely to ask the CIA to bug the therapist's couch before discussing trust?|A familiar adult surveillance tactic creates a specific self-defeating relationship-service action.
most-likely|5|irs|Who's most likely to deduct the séance on the IRS return as a family business meeting?|A household tax classification disguises a specific absurd supernatural adult consumer expense.
most-likely|5|dmv|Who's most likely to make the ghost retake the DMV photo until it looks more alive?|A familiar identification-photo procedure receives a specific impossible supernatural adult editing demand.
most-likely|4|aaa|Who's most likely to ask AAA to tow the coffin separately from the broken hearse?|A household vehicle-rescue service performs a specific tasteless adult funeral cargo arrangement.
most-likely|4|aarp|Who's most likely to demand AARP's senior discount for the centuries-old haunting?|A familiar adult membership benefit applies to a specific absurd supernatural consumer event.
most-likely|5|carnival-cruise-line|Who's most likely to ask Carnival's lifeboat crew to evacuate the divorce lawyer last?|A household cruise safety service gets a specific outrageously petty adult legal-service priority.
most-likely|4|royal-caribbean|Who's most likely to ask Royal Caribbean to count the ghost as a second buffet diner?|A familiar dining policy prices a specific absurd supernatural adult cruise participant.
most-likely|3|norwegian-cruise-line|Who's most likely to ask Norwegian Cruise Line to list the wedding alibi as an excursion?|The concrete adult request uses the travel product as a fairly arbitrary legal label.
most-likely|4|six-flags|Who's most likely to buy the Six Flags ride photo as proof the adult groom tried to flee?|An explicitly adult household thrill-ride artifact documents a specific outrageous ceremonial escape.
most-likely|4|seaworld|Who's most likely to ask SeaWorld's dolphins to mediate the adult couple's divorce?|A household attraction's animals receive a specific absurd adult legal-service role.
most-likely|5|universal-studios|Who's most likely to demand Universal Studios' fake blood for the wedding's fountain?|A familiar entertainment-prop product creates a tangible outrageous adult ceremonial decoration.
most-likely|4|trader-joes|Who's most likely to demand Trader Joe's free samples as compensation for jury duty?|A household retail-tasting product replaces a specific inappropriate adult civic payment.
most-likely|4|whole-foods|Who's most likely to ask Whole Foods to weigh the ashes before quoting funeral catering?|A familiar food-pricing procedure performs a specific tasteless adult memorial calculation.
most-likely|4|kroger|Who's most likely to use Kroger coupons to negotiate the adult witness's silence?|A household discount object funds a specific absurd adult criminal transaction.
most-likely|5|aldi|Who's most likely to demand the ALDI coffin return its quarter before the burial?|A household distinctive deposit mechanism creates a precise tasteless adult funeral consumer dispute.
most-likely|4|publix|Who's most likely to serve the Publix divorce-settlement cake directly to the judge?|A familiar food-decoration service physically delivers a consequential adult legal document.
most-likely|5|7-eleven|Who's most likely to use a 7-Eleven Slurpee as the donated kidney's emergency ice pack?|A household frozen drink replaces a specific serious adult medical transport device.
most-likely|3|wawa|Who's most likely to demand a Wawa sandwich receipt notarize the alibi?|The regional brand and impossible receipt-authentication task supply limited distinctive comic detail.
most-likely|3|buc-ees|Who's most likely to use the Buc-ee's receipt as the deceased's full-length biography?|The regional reference and broad long-receipt joke lack a sharp adult physical consequence.
