fill|5|morgan-freeman|Morgan Freeman narrated the cremation receipt so calmly we forgot to dispute ___.|A household adult narrator's recognizable voice causes a specific tasteless consumer-service lapse.
fill|5|samuel-l-jackson|Samuel L. Jackson's wedding toast set off the venue's profanity alarm and summoned ___.|A familiar adult vocal persona triggers a concrete absurd ceremonial enforcement device.
fill|4|tom-cruise|Tom Cruise's wedding entrance required a harness, explosives, and a permit for ___.|A household adult stunt persona creates a specific outrageous ceremonial safety procedure.
fill|4|tom-hanks|Tom Hanks' reassuring voicemail made the ransom demand sound like an offer to ___.|A familiar trustworthy adult voice reframes a specific outrageous criminal consumer proposal.
fill|4|keanu-reeves|Keanu Reeves politely returned the stolen urn with an apology for breaking ___.|A household gentle adult persona responds to a concrete outrageous funeral-property crime.
fill|4|nicolas-cage|Nicolas Cage's séance released a swarm of ___ instead of the deceased.|A familiar intense adult performer causes a tangible absurd supernatural memorial substitution.
fill|5|dwayne-johnson|The Rock's handshake cracked the urn and freed the ghost of ___.|A household strong adult persona creates a visible morbid supernatural physical mishap.
fill|4|danny-devito|Danny DeVito's panic room fit one lawyer and half of the stolen ___.|A familiar compact adult persona prompts a tangible absurd criminal-room capacity problem.
fill|3|steve-buscemi|Steve Buscemi's witness lineup included six identical faces and one prosthetic ___.|The actor cameo and unspecified prosthetic lack a clear recognizable comedic mechanism.
fill|5|jack-black|Jack Black's funeral guitar solo blew the ashes directly into ___.|A familiar energetic adult musician persona causes a specific outrageous physical memorial disaster.
fill|4|jim-carrey|Jim Carrey's facial expression unlocked the phone and accidentally authorized ___.|A household expressive adult actor's physical trait causes a concrete absurd consumer-device action.
fill|4|will-ferrell|Will Ferrell's judge costume fooled everyone until the gavel demanded ___.|A familiar adult comic performance becomes a concrete absurd legal-disguise failure.
fill|3|adam-sandler|Adam Sandler's baggy wedding shorts concealed an entire ___.|The adult clothing association is familiar but the hidden-object frame supplies weak established stakes.
fill|5|bill-murray|Bill Murray repeated the funeral every morning until the lawyer finally refunded ___.|A household temporal-comedy association creates a precise morbid adult consumer-resolution loop.
fill|5|arnold-schwarzenegger|Arnold Schwarzenegger's handshake crushed the prenup into a cube containing ___.|A familiar strong adult action persona physically destroys a consequential relationship document.
fill|4|sylvester-stallone|Stallone's divorce-training montage ended when the punching bag confessed to ___.|A household adult action-training convention creates a tangible absurd criminal witness.
fill|5|clint-eastwood|Clint Eastwood's silent glare convinced the funeral home to waive the fee for ___.|A recognizable stern adult persona negotiates a specific tasteless consumer-service charge.
fill|4|robert-de-niro|Robert De Niro's mirror rehearsal accidentally made the reflection confess to ___.|A household adult screen association creates a visible absurd criminal double.
fill|5|al-pacino|Al Pacino's eulogy was so loud the coffin's hinges filed a complaint about ___.|A recognizable intense adult vocal persona causes a concrete outrageous funeral-object grievance.
fill|4|bruce-willis|Bruce Willis crawled through the wedding venue's vent and discovered ___.|A household adult action-route association reveals a tangible outrageous ceremonial secret.
fill|4|george-clooney|George Clooney's tuxedo pocket held the will and a handwritten plan to ___.|A household suave adult image conceals a concrete suspicious inheritance procedure.
fill|3|brad-pitt|Brad Pitt's wedding photo reflection showed the guest secretly selling ___.|The adult celebrity cameo contributes little beyond a generic hidden-transaction discovery.
fill|5|leonardo-dicaprio|DiCaprio's acceptance speech thanked the divorce lawyer for making ___ unaffordable.|A household adult award-speech convention celebrates a specific outrageous relationship-finance loss.
fill|4|matt-damon|Matt Damon's survival kit for the séance included potatoes and a waiver covering ___.|A familiar adult survival-role association creates a tangible absurd supernatural safety contingency.
fill|3|ben-affleck|Ben Affleck's coffee cup hid a tiny invoice for ___.|The adult coffee association is weakly distinctive and the concealed-bill premise is generic.
fill|4|johnny-depp|Johnny Depp's pirate compass pointed straight at the hidden wedding ___.|A household adult screen persona's object reveals a concrete ceremonial concealment.
fill|4|harrison-ford|Harrison Ford's whip pulled the wedding ring out of the mouth of ___.|A recognizable adult action accessory causes a tangible outrageous ceremonial recovery.
fill|5|patrick-stewart|Patrick Stewart commanded the funeral trolley to engage, crashing it into ___.|A household adult command-voice association causes a specific tasteless physical memorial mishap.
fill|4|ian-mckellen|Ian McKellen's wizard staff doubled as the funeral mic and amplified ___.|A familiar adult magical screen prop makes a specific tasteless memorial announcement louder.
fill|5|anthony-hopkins|Anthony Hopkins' dinner menu described the tax auditor as fresh, local, and ___.|A household adult sinister-dining association creates a specific morbid consumer-menu classification.
fill|5|christopher-walken|Christopher Walken paused mid-verdict long enough for the defendant to hide ___.|A recognizable adult speech rhythm enables a concrete outrageous courtroom concealment act.
fill|4|jeff-goldblum|Jeff Goldblum hesitated during the vows, and the wedding cake evolved into ___.|A familiar adult performance rhythm and science association create a visible absurd ceremonial mutation.
fill|4|ryan-reynolds|Ryan Reynolds' sarcastic apology was printed on the invoice for my ___.|A household adult comic persona reframes a specific outrageous consumer consequence.
fill|3|ryan-gosling|Ryan Gosling's silent stare lasted until the landlord repossessed ___.|The adult persona is familiar but the arbitrary property collection lacks a specific mechanism.
fill|4|chris-hemsworth|Chris Hemsworth's hammer flattened the wedding cake and uncovered ___.|A household adult screen accessory creates a tangible outrageous ceremonial physical discovery.
fill|4|chris-evans|Chris Evans' shield caught the bouquet, the receipt, and the stolen ___.|A recognizable adult screen object collects tangible suspicious ceremonial cargo.
fill|3|robert-downey-jr|Robert Downey Jr.'s armored suit billed the ghost for every attempted ___.|The suit's unexplained billing turns the missing ghost behavior into an arbitrary service fee.
fill|3|mark-ruffalo|Mark Ruffalo's anger-management worksheet tore itself up after he mentioned ___.|The self-tearing worksheet is vague personification with an unspecified trigger doing most of the work.
fill|5|vin-diesel|Vin Diesel's family car had room for seven adults and the secret ___ in the trunk.|A household adult screen catchphrase and vehicle association create a tangible outrageous concealment.
fill|4|jason-statham|Jason Statham's wedding parking job involved reversing through ___.|A recognizable adult driving-action persona performs a specific absurd ceremonial maneuver.
fill|5|liam-neeson|Liam Neeson tracked the escaped corpse using its last voicemail asking for ___.|A familiar adult pursuit persona follows a concrete morbid supernatural communication trail.
fill|3|pedro-pascal|Pedro Pascal's wedding escort carried the guest and an extra ___.|The adult protective-role association is broad and the missing cargo supplies too much surprise.
fill|3|oscar-isaac|Oscar Isaac's romantic monologue became the legal basis for seizing ___.|The adult actor cameo lacks a recognizable link to the unspecified financial consequence.
fill|4|adam-driver|Adam Driver's dramatic hallway stomp knocked the court's ___ off the wall.|A familiar intense adult screen persona causes a tangible absurd legal-facility physical mishap.
fill|5|daniel-craig|Daniel Craig's formal bow tie concealed the escape switch for ___.|A household adult spy-screen accessory contains a concrete absurd emergency mechanism.
fill|4|idris-elba|Idris Elba's séance DJ set made the ghost request a refund for ___.|A recognizable adult music persona produces a specific absurd supernatural consumer complaint.
fill|4|hugh-jackman|Hugh Jackman's insurance appeal included a tap break and a chorus demanding ___.|A familiar adult musical persona turns a consequential consumer document into an absurd performance.
fill|4|paul-rudd|Paul Rudd's smiling obituary photo made the ghost reconsider ___.|A household amiable adult persona causes a specific morbid supernatural decision.
fill|5|steve-carell|Steve Carell's office funeral included a mandatory icebreaker about ___.|A household adult awkward-manager association creates a concrete tasteless workplace memorial ritual.
fill|5|ricky-gervais|Ricky Gervais roasted the funeral bill until the undertaker admitted ___.|A recognizable adult insulting-comic persona exposes a specific morbid consumer-service secret.
most-likely|5|morgan-freeman|Who's most likely to hire Morgan Freeman to narrate the alibi until the jury relaxes?|A household adult narrator's reassuring voice serves a specific outrageous legal manipulation.
most-likely|5|samuel-l-jackson|Who's most likely to ask Samuel L. Jackson to read the prenup over the courthouse PA?|A familiar forceful adult voice broadcasts a specific tasteless relationship document.
most-likely|4|tom-cruise|Who's most likely to hire Tom Cruise to parachute into the wedding and retrieve a deposit?|A household adult stunt persona performs a concrete absurd ceremonial financial recovery.
most-likely|4|tom-hanks|Who's most likely to ask Tom Hanks to make the ransom demand sound like a gift receipt?|A familiar trustworthy adult voice reframes a specific outrageous criminal consumer document.
most-likely|4|keanu-reeves|Who's most likely to ask Keanu Reeves to apologize to an urn before kicking the door open?|A household gentle adult persona performs a specific contradictory funeral-action ritual.
most-likely|3|nicolas-cage|Who's most likely to ask Nicolas Cage to shout at the parking meter until it refunds them?|The adult intense-persona casting is recognizable but the shouting-refund task is generic.
most-likely|5|dwayne-johnson|Who's most likely to ask The Rock to carry a coffin one-handed and open the refund app?|A household strong adult persona performs a tangible outrageous memorial-consumer multitask.
most-likely|4|danny-devito|Who's most likely to ask Danny DeVito to inspect the coffin's advertised legroom?|A recognizable compact adult persona performs a specific tasteless funeral-product sizing service.
most-likely|3|steve-buscemi|Who's most likely to hire Steve Buscemi to pose for the fake witness passport?|The adult crime-role cameo supplies limited distinctive humor beyond the specific forgery scene.
most-likely|5|jack-black|Who's most likely to hire Jack Black for a guitar solo during the guilty plea?|A familiar energetic adult musician performs a specific outrageously inappropriate courtroom interruption.
most-likely|4|jim-carrey|Who's most likely to ask Jim Carrey to pull faces until the judge's phone unlocks?|A household expressive adult physical trait performs a concrete absurd criminal access tactic.
most-likely|4|will-ferrell|Who's most likely to ask Will Ferrell to serve the divorce notice in an adult elf costume?|A familiar adult comic-costume association intrudes on a specific consequential legal ritual.
most-likely|4|adam-sandler|Who's most likely to demand Adam Sandler's basketball shorts as the funeral's dress code?|A recognizable casual adult persona imposes a specific tasteless memorial clothing rule.
most-likely|5|bill-murray|Who's most likely to repeat the funeral like Bill Murray until a catering refund arrives?|A household temporal-comedy association creates a precise morbid adult consumer-resolution loop.
most-likely|4|arnold-schwarzenegger|Who's most likely to ask Schwarzenegger to tear the funeral bill into muscular confetti?|A familiar strong adult action persona physically transforms a specific memorial-finance document.
most-likely|4|sylvester-stallone|Who's most likely to make Stallone shadowbox while the coroner counts the organs?|A household adult boxing-screen persona intrudes on a precise inappropriate medical procedure.
most-likely|5|clint-eastwood|Who's most likely to ask Clint Eastwood to glare the ghost into dropping the late fee?|A recognizable stern adult persona negotiates a specific absurd supernatural consumer charge.
most-likely|4|robert-de-niro|Who's most likely to ask Robert De Niro to interrogate the priest about the missing wine?|A household adult crime-screen persona investigates a concrete outrageously petty ceremonial theft.
most-likely|5|al-pacino|Who's most likely to ask Al Pacino to shout the eulogy until the corpse files a complaint?|A familiar intense adult voice causes a specific absurd supernatural memorial consumer grievance.
most-likely|4|bruce-willis|Who's most likely to hire Bruce Willis to crawl through the vent and serve the prenup?|A recognizable adult action route delivers a specific outrageous relationship document.
most-likely|3|george-clooney|Who's most likely to ask George Clooney to hide the unpaid funeral bill in his tuxedo?|The adult suave-fashion cameo is recognizable but the concealed-document task is generic.
most-likely|3|brad-pitt|Who's most likely to hire Brad Pitt to pretend the wedding cash was always missing?|The actor cameo adds little distinctive mechanism to the specific adult financial lie.
most-likely|5|leonardo-dicaprio|Who's most likely to ask DiCaprio whether the urn will fit on the floating door?|A household adult screen survival image creates a concrete tasteless memorial transport problem.
most-likely|4|matt-damon|Who's most likely to ask Matt Damon to survive the funeral reception on one potato?|A recognizable adult survival-screen association creates a specific absurd memorial rationing challenge.
most-likely|3|ben-affleck|Who's most likely to make Ben Affleck glare at the coffee until the court bill disappears?|The actor coffee-mood cameo relies on an unclear abstract financial disappearance.
most-likely|4|johnny-depp|Who's most likely to ask Johnny Depp's pirate costume to count as formal court attire?|A household adult screen costume becomes a specific inappropriate legal dress-code claim.
most-likely|4|harrison-ford|Who's most likely to hire Harrison Ford to whip the wedding ring out of the soup?|A recognizable adult action prop performs a tangible absurd ceremonial object recovery.
most-likely|5|patrick-stewart|Who's most likely to ask Patrick Stewart to command the funeral trolley into hyperspeed?|A household adult authoritative screen voice causes a specific outrageous memorial transport request.
most-likely|4|ian-mckellen|Who's most likely to use Ian McKellen's wizard staff as the microphone for the obituary?|A familiar adult magical screen prop becomes a concrete tasteless memorial announcement tool.
most-likely|5|anthony-hopkins|Who's most likely to ask Anthony Hopkins whether the tax auditor pairs well with red wine?|A household adult sinister-dining persona creates a specific morbid consumer pairing inquiry.
most-likely|5|christopher-walken|Who's most likely to exploit Christopher Walken's verdict pause to hide the evidence?|A recognizable adult speech rhythm creates a concrete outrageous courtroom criminal opportunity.
most-likely|4|jeff-goldblum|Who's most likely to ask Jeff Goldblum why the wedding cake has started evolving legs?|A familiar adult science-screen association examines a visible absurd ceremonial mutation.
most-likely|4|ryan-reynolds|Who's most likely to hire Ryan Reynolds to apologize sarcastically on the ransom receipt?|A household adult comic voice reframes a specific outrageously criminal consumer document.
most-likely|4|ryan-gosling|Who's most likely to ask Ryan Gosling for a silent eulogy and still bill two hours?|A recognizable restrained adult screen persona creates a precise tasteless memorial service charge.
most-likely|4|chris-hemsworth|Who's most likely to borrow Chris Hemsworth's hammer to break the wedding cake's padlock?|A household adult screen accessory opens a tangible absurd ceremonial food-security object.
most-likely|4|chris-evans|Who's most likely to ask Chris Evans to catch the stolen bouquet cash on his shield?|A recognizable adult screen object collects specific outrageous ceremonial criminal cargo.
most-likely|5|robert-downey-jr|Who's most likely to demand Downey's armored suit finish updating before a funeral starts?|A household adult powered-screen persona creates a specific tasteless technology-service delay.
most-likely|3|mark-ruffalo|Who's most likely to ask Mark Ruffalo's angry worksheet to testify at the therapy hearing?|The personified paper witness and therapeutic hearing are unclear despite the adult screen association.
most-likely|4|vin-diesel|Who's most likely to ask Vin Diesel to count the adults in the trunk as family seating?|A household adult vehicle-family association creates a concrete outrageously suspicious passenger claim.
most-likely|4|jason-statham|Who's most likely to ask Jason Statham to park the wedding limo through the chapel wall?|A familiar adult driving-action persona performs a visible outrageously destructive ceremonial maneuver.
most-likely|5|liam-neeson|Who's most likely to hire Liam Neeson to trace the escaped corpse's final voicemail?|A household adult pursuit persona follows a concrete absurd supernatural memorial communication trail.
most-likely|3|pedro-pascal|Who's most likely to ask Pedro Pascal to escort the wedding's legal paperwork?|The adult protective-role cameo gives the document-carrying task little distinctive outrage.
most-likely|3|oscar-isaac|Who's most likely to have Oscar Isaac romance the tax auditor into a refund?|The adult romantic cameo is generic and lacks a concrete recognizable mechanism.
most-likely|4|adam-driver|Who's most likely to hire Adam Driver to stomp the courthouse hallway for cheaper bail?|A familiar intense adult performance physically enacts a specific absurd legal consumer negotiation.
most-likely|5|daniel-craig|Who's most likely to ask Daniel Craig's bow tie to activate the wedding's escape hatch?|A household adult spy-screen accessory controls a tangible absurd ceremonial emergency mechanism.
most-likely|4|idris-elba|Who's most likely to hire Idris Elba to DJ the séance until the ghost requests silence?|A recognizable adult music persona performs a specific absurd supernatural memorial service.
most-likely|4|hugh-jackman|Who's most likely to make Hugh Jackman tap-dance the insurance appeal at the funeral?|A familiar adult musical persona physically presents a consequential tasteless consumer document.
most-likely|4|paul-rudd|Who's most likely to demand Paul Rudd's cheerful smile as the ghost's official ID photo?|A household amiable adult persona creates a concrete absurd supernatural identity artifact.
most-likely|5|steve-carell|Who's most likely to ask Steve Carell to run a mandatory funeral icebreaker about layoffs?|A familiar awkward adult manager persona imposes a specific tasteless workplace memorial exercise.
most-likely|5|ricky-gervais|Who's most likely to make Ricky Gervais roast the funeral invoice until the price drops?|A household adult insulting-comic persona creates a specific absurd memorial consumer negotiation.
