fill|4|meryl-streep|Meryl Streep won an Oscar for playing my corpse. Her method involved ___.|A prestigious performance becomes grotesque through a concrete preparation blank.
fill|4|viola-davis|Viola Davis made the jury cry. Then my divorce lawyer billed me for ___.|Acting intensity collides with the petty economics of a divorce trial.
fill|4|julia-roberts|Julia Roberts smiled at the embalmer and negotiated a discount on ___.|The familiar movie smile gains an unsettling practical use at a funeral home.
fill|4|sandra-bullock|Sandra Bullock drove the hearse above 50 mph because the coffin contained ___.|The recognizable bus-thriller mechanism makes a hearse an escalating danger.
fill|4|nicole-kidman|Nicole Kidman's theater ad played before my autopsy video. The tagline was ___.|The solemn cinema welcome becomes absurd beside intensely private footage.
fill|4|reese-witherspoon|Reese Witherspoon defended my ghost. The prosecution's strongest evidence was ___.|A familiar legal role gives an impossible defendant a playable courtroom problem.
fill|3|jennifer-aniston|Jennifer Aniston's sitcom reunion ended when the urn started ___.|The urn supplies darkness but a generic reunion offers little distinctive mechanism.
fill|4|courteney-cox|Courteney Cox alphabetized the ashes. Apparently my uncle counted as ___.|An obsessive cleaning persona turns cremation into a chilling filing dispute.
fill|4|lisa-kudrow|Lisa Kudrow sang at the crematorium until someone paid her to ___.|An intentionally awkward musical persona gives the funeral a clear comic bargain.
fill|4|tina-fey|Tina Fey rewrote my obituary because the first draft lacked ___.|A comedy writer treating death as a weak script creates a coherent response space.
fill|4|amy-poehler|Amy Poehler's funeral committee approved a permit for ___.|Her enthusiastic civic persona makes excessive funeral planning an accessible premise.
fill|4|melissa-mccarthy|Melissa McCarthy smuggled me out of the morgue disguised as ___.|Broad physical comedy gains a specific absurd escape rather than a vague cameo.
fill|3|kristen-wiig|Kristen Wiig's bridesmaid speech accidentally became a confession to ___.|The wedding-to-confession turn is usable but remains an ordinary comedy setup.
fill|4|maya-rudolph|Maya Rudolph impersonated my dead aunt so convincingly that the bank released ___.|Impersonation becomes a concrete and scandalous estate-fraud mechanism.
fill|4|jennifer-coolidge|Jennifer Coolidge's haunted hotel charged the ghost extra for ___.|A recognizable hotel association supplies a supernatural hospitality surcharge.
fill|4|aubrey-plaza|Aubrey Plaza's funeral apology sounded sincere until she mentioned ___.|Deadpan insincerity at a funeral leaves a clear place for a brutally wrong detail.
fill|4|christina-applegate|Christina Applegate hid the urn in the minibar. The hotel charged us for ___.|A hotel consumption bill applied to ashes supplies a concrete morbid consequence.
fill|4|catherine-ohara|Catherine O'Hara arrived at probate wearing a wig made from ___.|An extravagant wardrobe persona becomes visibly grotesque at an inheritance hearing.
fill|4|dolly-parton|Dolly Parton wrote my epitaph. The chorus still demanded ___.|A generous musical icon negotiating even after death creates a sharp missing demand.
fill|3|reba-mcentire|Reba McEntire's divorce ballad listed the tractor before ___.|Country-property specificity is clear but the missing item must provide all the outrage.
fill|4|betty-white|Betty White's ghost beat me at poker and collected payment in ___.|A beloved sharp older comic becomes an alarming supernatural debt collector.
fill|4|jane-fonda|Jane Fonda's workout for ghosts began with three sets of ___.|A familiar exercise persona produces a concrete physical impossibility after death.
fill|4|lily-tomlin|Lily Tomlin answered the afterlife hotline and put me on hold behind ___.|The telephone-operator association turns eternal judgment into bad customer service.
fill|3|diane-keaton|Diane Keaton's funeral dress code required a hat large enough to hide ___.|Her recognizable wardrobe supports a visual blank but the dark stakes are slight.
fill|4|helen-mirren|Helen Mirren knighted the executor for successfully stealing ___.|A regal public persona gives blatant estate theft a ceremonious reward.
fill|4|judi-dench|Judi Dench classified my obituary. The only unredacted word was ___.|The intelligence-chief association makes even a death notice an absurd state secret.
fill|4|maggie-smith|Maggie Smith's ghost rejected our seance because the silverware was ___.|Imperious etiquette surviving death creates a specific and readily understood complaint.
fill|3|emma-thompson|Emma Thompson corrected the grammar on my ransom note, then requested ___.|Precise language policing is amusing but danger depends on a fairly generic demand.
fill|4|kate-winslet|Kate Winslet demanded a bigger coffin after measuring it against ___.|A famous space dispute gains a morbid prop and a clear sizing punchline.
fill|4|cate-blanchett|Cate Blanchett read my will like a royal decree and banished ___.|A grand performance makes an ordinary estate dispute an excessive punishment.
fill|3|charlize-theron|Charlize Theron's divorce convoy refused to stop until it reached ___.|The action-film association is clear but a destination blank lacks a strong twist.
fill|4|angelina-jolie|Angelina Jolie raided my tomb and returned the priceless artifact: ___.|A recognizable adventure role makes the supposedly valuable grave item ridiculous.
fill|4|scarlett-johansson|Scarlett Johansson voiced my smart coffin. Its first warning was ___.|A familiar AI association supplies a specific alarming device notification.
fill|4|natalie-portman|Natalie Portman's funeral ballet ended when the urn performed ___.|A graceful dance premise becomes grotesque through a physical action by ashes.
fill|4|anne-hathaway|Anne Hathaway's boss demanded my death certificate in the font ___.|A demanding fashion-office association turns proof of death into petty design work.
fill|4|emily-blunt|Emily Blunt's silent funeral went wrong when my coffin started ___.|A recognizable silence rule gives the dead body a clear disruptive action.
fill|3|emma-stone|Emma Stone tap-danced through bankruptcy court and repossessed ___.|The musical-office clash is vivid but repossession lacks a convincing connection.
fill|4|jennifer-lawrence|Jennifer Lawrence's funeral survival kit contained water, matches, and ___.|Survival equipment at a funeral opens a specific outrageous emergency blank.
fill|4|margot-robbie|Margot Robbie's pink hearse came with a dream accessory: ___.|A familiar toy-world aesthetic makes the funeral vehicle's extra feature absurd.
fill|3|rachel-mcadams|Rachel McAdams wrote a love letter on the back of my eviction notice: ___.|The romantic association is clear but financial trouble alone is not very outrageous.
fill|4|rachel-weisz|Rachel Weisz translated the tomb inscription: "Please stop stealing my ___."|An adventure-movie association makes an ancient curse petty and understandable.
fill|4|jessica-chastain|Jessica Chastain interrogated the executor until he confessed where he hid ___.|An intense investigative persona gives an estate theft a concrete discovery blank.
fill|4|halle-berry|Halle Berry's cat burglar stole my ashes but left a note demanding ___.|The superhero-cat association turns a stolen urn into a legible ransom escalation.
fill|4|angela-bassett|Angela Bassett delivered my eulogy so fiercely that the coffin ___.|A forceful performance gets an outrageous physical reaction from the deceased.
fill|4|whoopi-goldberg|Whoopi Goldberg translated my ghost's message: "Tell the executor to ___.”|A famous medium role makes a petty last demand immediately understandable.
fill|4|oprah-winfrey|Oprah's funeral giveaway failed when every guest opened a box of ___.|A familiar extravagant giveaway becomes a concrete and morbid surprise.
fill|3|ellen-degeneres|Ellen DeGeneres danced into probate court carrying my ___.|The entrance is recognizable but a random missing prop carries too much of the joke.
fill|4|martha-stewart|Martha Stewart said my ashes needed a garnish of ___.|Domestic refinement treating cremated remains as a dish makes an immediate dark blank.
fill|4|kris-jenner|Kris Jenner sold my deathbed confession. The sponsor demanded I mention ___.|The monetization persona gives a final confession a concrete advertising intrusion.
fill|4|kim-kardashian|Kim Kardashian's coffin shapewear concealed the embarrassing bulge of ___.|A familiar product category receives an absurdly morbid application and physical blank.
most-likely|4|meryl-streep|Who's most likely to hire Meryl Streep to cry convincingly at their fake funeral?|Award-worthy acting enables a specific fraudulent funeral performance.
most-likely|4|viola-davis|Who's most likely to ask Viola Davis to intimidate the probate judge into weeping?|Her dramatic force is used for an excessive and concrete inheritance tactic.
most-likely|4|julia-roberts|Who's most likely to copy Julia Roberts' smile in their police lineup photo?|A recognizable charming trait is applied to an inappropriate criminal setting.
most-likely|4|sandra-bullock|Who's most likely to demand Sandra Bullock drive their hearse with a bomb aboard?|The familiar action mechanism creates a specific outrageous funeral request.
most-likely|4|nicole-kidman|Who's most likely to play Nicole Kidman's cinema ad before showing autopsy slides?|The solemn theatrical welcome clashes with clearly inappropriate medical entertainment.
most-likely|4|reese-witherspoon|Who's most likely to cite Reese Witherspoon movies as their murder defense?|A familiar courtroom association becomes an obviously inadequate legal strategy.
most-likely|3|jennifer-aniston|Who's most likely to ask Jennifer Aniston to attend their divorce anniversary?|The recognizable name supplies status but the occasion alone has limited comic stakes.
most-likely|4|courteney-cox|Who's most likely to hire Courteney Cox to organize their incriminating evidence?|A tidy sitcom association becomes a specific and self-defeating criminal service.
most-likely|4|lisa-kudrow|Who's most likely to request Lisa Kudrow's cat song as their cremation soundtrack?|An awkward familiar musical cue is sharply inappropriate for cremation.
most-likely|4|tina-fey|Who's most likely to pay Tina Fey to punch up their restraining-order testimony?|Comedy writing is misused for a serious legal proceeding with a clear social target.
most-likely|4|amy-poehler|Who's most likely to ask Amy Poehler for a parade permit for their own funeral?|Civic enthusiasm turns personal death into an excessive public celebration.
most-likely|4|melissa-mccarthy|Who's most likely to impersonate Melissa McCarthy to escape a morgue audit?|A physical-comedy disguise is made absurd by the concrete bureaucratic setting.
most-likely|3|kristen-wiig|Who's most likely to hire Kristen Wiig to heckle an ex's adult wedding party?|The recognizable wedding association works but hired heckling is fairly familiar.
most-likely|4|maya-rudolph|Who's most likely to hire Maya Rudolph to impersonate a dead relative at the bank?|Impersonation provides an explicit outrageous inheritance-fraud act.
most-likely|4|jennifer-coolidge|Who's most likely to tell Jennifer Coolidge a haunted minibar needs a refund?|A hospitality association gives a supernatural annoyance a petty consumer response.
most-likely|4|aubrey-plaza|Who's most likely to copy Aubrey Plaza's deadpan while reporting a missing corpse?|The emotional mismatch at a serious morbid incident creates a clear voting target.
most-likely|4|christina-applegate|Who's most likely to ask Christina Applegate to hide an urn from hotel security?|The hidden remains create a concrete absurd favor in an ordinary travel setting.
most-likely|4|catherine-ohara|Who's most likely to imitate Catherine O'Hara when demanding a designer body bag?|An extravagant fashion persona makes a practical death item an outrageous demand.
most-likely|4|dolly-parton|Who's most likely to request Dolly Parton sing the passwords to their estate?|A beloved musical guest is used for a disastrously public inheritance disclosure.
most-likely|4|reba-mcentire|Who's most likely to ask Reba McEntire to sing their divorce decree at karaoke?|A country breakup association turns binding paperwork into public entertainment.
most-likely|4|betty-white|Who's most likely to summon Betty White's ghost solely to settle a poker debt?|A supernatural act is motivated by a petty and concrete gambling dispute.
most-likely|4|jane-fonda|Who's most likely to play Jane Fonda workout tapes to warm up a stiff corpse?|A familiar exercise cue is applied literally and grotesquely to a dead body.
most-likely|4|lily-tomlin|Who's most likely to ask Lily Tomlin to screen calls from the afterlife?|The operator association supplies a understandable petty barrier to supernatural contact.
most-likely|3|diane-keaton|Who's most likely to wear a Diane Keaton hat big enough to smuggle an urn?|The visual prop is clear but the familiar name contributes mostly styling.
most-likely|4|helen-mirren|Who's most likely to hire Helen Mirren to revoke an ex's imaginary knighthood?|A regal association is used for a specific excessively theatrical breakup punishment.
most-likely|4|judi-dench|Who's most likely to ask Judi Dench to classify their embarrassing autopsy report?|The intelligence persona creates a specific improper use of official secrecy.
most-likely|4|maggie-smith|Who's most likely to channel Maggie Smith while judging a funeral's cutlery?|A sharp etiquette persona gives a morbid event a petty critical focus.
most-likely|4|emma-thompson|Who's most likely to ask Emma Thompson to proofread a note left by their ghost?|Precise editing persists after death through a concrete and absurd request.
most-likely|4|kate-winslet|Who's most likely to ask Kate Winslet if two ex-spouses can fit in one coffin?|A familiar space debate becomes a specific grotesque practical question.
most-likely|4|cate-blanchett|Who's most likely to ask Cate Blanchett to pronounce an ex legally banished?|A grand screen persona enables an excessive and clearly fictitious legal punishment.
most-likely|4|charlize-theron|Who's most likely to copy Charlize Theron's war paint for divorce mediation?|An action-film aesthetic is deliberately excessive for a mundane adult negotiation.
most-likely|4|angelina-jolie|Who's most likely to hire Angelina Jolie to recover a keepsake from their tomb?|The adventure association is applied to a concrete and morbid personal errand.
most-likely|4|scarlett-johansson|Who's most likely to ask Scarlett Johansson to voice a coffin's low-battery alert?|A familiar AI voice is applied to an absurd device with a disturbing practical fault.
most-likely|4|natalie-portman|Who's most likely to ask Natalie Portman for a ballet about their autopsy findings?|Artistic refinement collides with specific gross medical material.
most-likely|4|anne-hathaway|Who's most likely to hire Anne Hathaway to enforce a designer funeral dress code?|A fashion-workplace association makes mourning an excessive status ritual.
most-likely|4|emily-blunt|Who's most likely to ask Emily Blunt to enforce silence at their screaming seance?|The familiar silence rule clashes with a concrete supernatural gathering.
most-likely|3|emma-stone|Who's most likely to ask Emma Stone to sing while the bank repossesses their car?|The musical contrast is clear but mainly decorates a familiar embarrassment.
most-likely|4|jennifer-lawrence|Who's most likely to copy Jennifer Lawrence's survival tactics at an estate sale?|Life-or-death competition is applied to a petty inheritance shopping event.
most-likely|4|margot-robbie|Who's most likely to ask Margot Robbie to design a pink coffin with a pool?|A familiar dream-house aesthetic produces a specific and impossible funeral feature.
most-likely|3|rachel-mcadams|Who's most likely to ask Rachel McAdams to narrate their romantic tax fraud?|The romantic narrative contrast is legible but the celebrity role remains generic.
most-likely|4|rachel-weisz|Who's most likely to call Rachel Weisz to translate a curse on their wedding ring?|The archaeological-adventure association gives a relationship object dark supernatural stakes.
most-likely|4|jessica-chastain|Who's most likely to ask Jessica Chastain to interrogate a suspicious estate lawyer?|A forceful investigative persona produces a concrete extreme inheritance response.
most-likely|4|halle-berry|Who's most likely to copy Halle Berry's cat costume when stealing their own urn?|A recognizable superhero association makes an absurd theft visually specific.
most-likely|4|angela-bassett|Who's most likely to request Angela Bassett yell at their corpse until it resigns?|A commanding dramatic voice is applied to an impossible yet clear final demand.
most-likely|4|whoopi-goldberg|Who's most likely to hire Whoopi Goldberg to ask a ghost for its banking PIN?|A familiar medium role enables a concrete and outrageously petty supernatural request.
most-likely|4|oprah-winfrey|Who's most likely to copy Oprah's giveaways by handing mourners their own ashes?|A familiar gift spectacle is transformed into a clear grotesque funeral action.
most-likely|3|ellen-degeneres|Who's most likely to ask Ellen DeGeneres to prank their estate executor?|A talk-show prank is comprehensible but lacks a concrete distinctive escalation.
most-likely|4|martha-stewart|Who's most likely to ask Martha Stewart if ashes count as a rustic table accent?|Domestic styling casually commodifies human remains in an immediately legible way.
most-likely|4|kris-jenner|Who's most likely to hire Kris Jenner to find sponsors for their deathbed apology?|A commercial persona gives an intimate final confession an explicit sponsorship intrusion.
most-likely|4|kim-kardashian|Who's most likely to request Kim Kardashian shapewear for their embalmed body?|A familiar fashion product is applied to a specific morbid and vain request.
