fill|4|taylor-swift|Taylor Swift re-recorded my last words. The bonus track revealed ___.|The familiar re-recording practice makes a final private statement a scandalous release.
fill|4|beyonce|Beyonce's funeral choreography required six dancers to carry ___.|An extravagant performance gives mourning a concrete excessive stage demand.
fill|4|jay-z|Jay-Z bought my haunted mansion. The ghost now owes him ___.|A business persona turns a supernatural occupant into a specific investment return.
fill|4|rihanna|Rihanna's makeup concealed my corpse's embarrassing ___.|A familiar beauty business becomes a concrete and morbid cosmetic problem.
fill|3|drake|Drake left a breakup voicemail so long the phone charged him for ___.|The melodramatic call has a consequence but little distinct dark escalation.
fill|4|kanye-west|Kanye West's designer coffin had no lid, just a certificate saying ___.|A fashion persona gives an unusable funeral product a legible pretentious justification.
fill|4|kendrick-lamar|Kendrick Lamar's diss track named every heir except ___, who got the house.|A public lyrical feud becomes a sharply consequential inheritance announcement.
fill|4|snoop-dogg|Snoop Dogg's crematorium lounge banned smoking only when ___.|A familiar laid-back smoking persona gives the morbid venue a contradictory house rule.
fill|4|eminem|Eminem rhymed my entire will. The executor mistook "estate" for ___.|Fast lyrical delivery creates a specific and costly estate misunderstanding.
fill|4|dr-dre|Dr. Dre remixed my heartbeat monitor. The nurse danced until ___.|Music production applied to medical monitoring supplies a clear dangerous consequence.
fill|3|ice-cube|Ice Cube's ghost demanded the seance DJ stop playing ___.|The ghost is dark but a disliked song blank remains generic.
fill|4|ice-t|Ice-T interrogated the crematorium until the ashes confessed to ___.|The television detective association creates an impossible but clear interrogation result.
fill|4|50-cent|50 Cent offered funeral insurance, but the payout was exactly ___.|The recognizable stage name gives an absurdly inadequate death benefit a coherent setup.
fill|4|ludacris|Ludacris installed nitrous in the hearse. The coffin landed in ___.|A familiar racing association produces a specific grotesque driving consequence.
fill|4|cardi-b|Cardi B narrated my bank statement. The censored section covered ___.|A forceful voice turns mundane finance into a concrete embarrassing disclosure.
fill|3|megan-thee-stallion|Megan Thee Stallion's probate dance class required proof of ___.|The setting is absurd but the relationship between dance and estate law feels thin.
fill|4|nicki-minaj|Nicki Minaj's alter egos each claimed the estate, except the one named ___.|A recognizable multiple-persona cue creates a specific absurd inheritance dispute.
fill|4|lizzo|Lizzo played the flute at my autopsy. The surgeon thought it was ___.|A familiar instrument appears in a concrete morbid setting with a useful misunderstanding.
fill|3|doja-cat|Doja Cat's ghost refused to haunt anyone without ___.|The fashion persona loosely supports the demand but the blank carries most of the joke.
fill|4|ariana-grande|Ariana Grande's high note cracked the urn and released ___.|A recognizable vocal trait triggers a concrete supernatural or grotesque event.
fill|4|billie-eilish|Billie Eilish whispered my eulogy so quietly the executor inherited ___.|A soft vocal style creates a specific disastrous misunderstanding of final instructions.
fill|4|lady-gaga|Lady Gaga's coffin outfit spoiled before the funeral. The smell reminded us of ___.|A memorable food-fashion association becomes physically grotesque in mourning.
fill|4|katy-perry|Katy Perry's funeral fireworks spelled my name wrong: ___.|A familiar explosive spectacle supplies a concrete insult at a permanent farewell.
fill|4|pink|Pink's aerial funeral act stopped when her harness caught on ___.|A recognizable acrobatic performance is interrupted by a specific morbid obstacle.
fill|3|madonna|Madonna reinvented herself as my executor and immediately sold ___.|Reinvention is recognizable but the executor action remains a generic sale blank.
fill|4|cher|Cher's comeback tour included my seance. Her first demand from the grave was ___.|A durable comeback persona gains a literal supernatural return and clear demand.
fill|4|celine-dion|Celine Dion's funeral note lasted longer than the ___.|A powerful sustained vocal is made excessive through a concrete morbid comparison.
fill|4|whitney-houston|Whitney Houston's ghost hit a note that shattered the ___.|A recognizable extraordinary voice causes a specific destructive supernatural event.
fill|4|janet-jackson|Janet Jackson's funeral dancers discovered the coffin had a secret compartment for ___.|Precision performance meets a concrete and suspicious funeral prop.
fill|4|michael-jackson|Michael Jackson's moonwalk confused the coroner, who recorded cause of death as ___.|A familiar movement creates a specific absurd medical determination.
fill|3|prince|Prince's will replaced my name with a symbol resembling ___.|A familiar naming cue is clear but the missing image bears all the outrageous content.
fill|4|elton-john|Elton John's funeral glasses reflected the thing nobody wanted to admit: ___.|An extravagant familiar accessory exposes a specific scandal in a solemn room.
fill|4|billy-joel|Billy Joel played my funeral piano until the tip jar filled with ___.|A piano-bar habit becomes grotesque through an inappropriate funeral payment.
fill|3|bruce-springsteen|Bruce Springsteen's funeral anthem demanded fair wages for ___.|The worker association is understandable but the missing subject must create the dark turn.
fill|4|jon-bon-jovi|Jon Bon Jovi's funeral crowd held up lighters and accidentally ignited ___.|A familiar concert gesture creates a concrete morbid disaster.
fill|4|ozzy-osbourne|Ozzy Osbourne inspected my dentures and asked if they could still bite ___.|A notorious biting association gains an absurd and concrete dental test.
fill|4|alice-cooper|Alice Cooper's stage coffin accidentally contained the accountant who ___.|A theatrical horror prop becomes a clear discovery of a consequential adult corpse.
fill|4|gene-simmons|Gene Simmons licensed my tombstone. The small print charged royalties for ___.|A merchandising persona gives a permanent grave marker a petty ongoing fee.
fill|4|paul-mccartney|Paul McCartney's funeral singalong stopped when the mourners sang my hidden ___.|A communal performance accidentally discloses a specific embarrassing secret.
fill|3|ringo-starr|Ringo Starr's drumroll continued until the executor handed him ___.|The prolonged cue is clear but the consequence is a generic requested item.
fill|4|john-lennon|John Lennon's ghost imagined a world without probate, so the heirs fought over ___.|A peace-minded association meets a concrete petty estate conflict after death.
fill|4|freddie-mercury|Freddie Mercury's ghost demanded an audience response to "Who stole my ___?"|A familiar crowd-leading voice turns a supernatural appearance into an accusatory call.
fill|4|mick-jagger|Mick Jagger strutted through the cemetery and dislocated the ___.|A familiar physical style creates a specific grotesque cemetery mishap.
fill|4|keith-richards|Keith Richards outlived my funeral policy. The insurer replaced it with ___.|A durable rock persona produces a clear absurd actuarial consequence.
fill|4|david-bowie|David Bowie's ghost changed personas again. This one specialized in haunting ___.|Reinvention provides a coherent supernatural occupation with a concrete target blank.
fill|4|bob-dylan|Bob Dylan mumbled my last words. The lawyer interpreted them as ___.|A recognizable delivery creates a costly and legible final-statement misunderstanding.
fill|3|bob-marley|Bob Marley's ghost said the crematorium needed more ___.|The relaxed musical association is clear but the generic request adds little premise.
fill|4|willie-nelson|Willie Nelson's funeral bus crossed the border carrying my ashes and ___.|A touring persona creates a specific suspicious transport situation with morbid cargo.
fill|4|johnny-cash|Johnny Cash sang my confession. The judge added a sentence for ___.|A prison-song association makes an artistic confession legally self-defeating.
fill|4|shania-twain|Shania Twain wasn't impressed by my coffin until the lid revealed ___.|A familiar unimpressed persona creates a concrete vanity test for death merchandise.
most-likely|4|taylor-swift|Who's most likely to ask Taylor Swift to release a deluxe edition of their will?|A familiar album strategy is applied to a concrete and absurd estate document.
most-likely|4|beyonce|Who's most likely to demand Beyonce-level choreography from their pallbearers?|A specific performance standard makes carrying a corpse outrageously theatrical.
most-likely|4|jay-z|Who's most likely to ask Jay-Z to buy shares in their haunted family crypt?|A business association turns a morbid family possession into an absurd investment.
most-likely|4|rihanna|Who's most likely to request Rihanna makeup for a corpse's final selfie?|A familiar beauty cue enables a concrete gross vanity ritual after death.
most-likely|3|drake|Who's most likely to ask Drake to leave a breakup message for their estate lawyer?|The moody message is readable but the celebrity changes little about a generic request.
most-likely|4|kanye-west|Who's most likely to order a Kanye West coffin that can't actually close?|A fashion-product association creates a specific absurdly unusable purchase.
most-likely|4|kendrick-lamar|Who's most likely to hire Kendrick Lamar to name their disinherited relatives?|A lyrical feud becomes a specific public humiliation with real estate stakes.
most-likely|4|snoop-dogg|Who's most likely to ask Snoop Dogg whether a crematorium counts as a smoking area?|A familiar smoking persona receives a literal and morbid interpretation of venue rules.
most-likely|4|eminem|Who's most likely to ask Eminem to rap their murder alibi at double speed?|Fast performance is used for a concretely self-defeating criminal defense.
most-likely|4|dr-dre|Who's most likely to ask Dr. Dre to add bass to their flatlining heart monitor?|A familiar production cue becomes an explicit grotesque misuse of emergency equipment.
most-likely|3|ice-cube|Who's most likely to invite Ice Cube's ghost to complain about funeral music?|The dark guest adds novelty but the actual complaint remains generic.
most-likely|4|ice-t|Who's most likely to ask Ice-T to interrogate an urn about a missing inheritance?|The detective association creates a concrete impossible interrogation of remains.
most-likely|4|50-cent|Who's most likely to ask 50 Cent for a refund on an embarrassingly cheap funeral?|A recognizable money-oriented name meets a specific petty complaint about death spending.
most-likely|4|ludacris|Who's most likely to ask Ludacris to fit a getaway engine inside their hearse?|The racing association becomes a specific absurd modification of a funeral vehicle.
most-likely|4|cardi-b|Who's most likely to hire Cardi B to read their overdraft fees at an intervention?|A forceful public voice makes private financial failure an excessive spectacle.
most-likely|3|megan-thee-stallion|Who's most likely to ask Megan Thee Stallion to choreograph an estate sale?|The performance-office mismatch is legible but weakly connected to the actual sale.
most-likely|4|nicki-minaj|Who's most likely to give each Nicki Minaj alter ego a separate share of their will?|Multiple personas create a concrete and absurd estate allocation.
most-likely|4|lizzo|Who's most likely to ask Lizzo to play flute while their organs are inventoried?|A familiar instrument provides a specific gross medical accompaniment.
most-likely|4|doja-cat|Who's most likely to dress as Doja Cat to intimidate a ghost in their wardrobe?|A fashion association produces a specific odd supernatural confrontation.
most-likely|4|ariana-grande|Who's most likely to ask Ariana Grande to shatter an ex's urn with one high note?|A familiar vocal trait becomes an explicit destructive and morbid revenge tactic.
most-likely|4|billie-eilish|Who's most likely to ask Billie Eilish to whisper their autopsy findings onstage?|A soft performance style collides with concrete gruesome public material.
most-likely|4|lady-gaga|Who's most likely to copy Lady Gaga's meat dress for their own open-casket funeral?|A recognizable outrageous fashion cue produces a specific grotesque final outfit.
most-likely|4|katy-perry|Who's most likely to ask Katy Perry to launch their ashes in concert fireworks?|A familiar spectacle provides a concrete excessive disposal of human remains.
most-likely|4|pink|Who's most likely to request Pink scatter their ashes from an aerial harness?|A familiar acrobatic performance becomes a specific dangerous funeral service.
most-likely|3|madonna|Who's most likely to ask Madonna to reinvent their dead relative's public image?|Reinvention is recognizable but the actual service lacks a concrete outrageous act.
most-likely|4|cher|Who's most likely to ask Cher's ghost if death cancels a scheduled comeback tour?|A familiar comeback persona creates a clear supernatural business question.
most-likely|4|celine-dion|Who's most likely to ask Celine Dion to hold a note until their ashes cool?|A powerful sustained voice is made excessive by a concrete cremation milestone.
most-likely|4|whitney-houston|Who's most likely to summon Whitney Houston's ghost to crack a locked family vault?|A familiar extraordinary voice becomes a specific supernatural inheritance tool.
most-likely|4|janet-jackson|Who's most likely to ask Janet Jackson to choreograph their coffin's trapdoor exit?|A performance association creates a concrete outrageous funeral illusion.
most-likely|4|michael-jackson|Who's most likely to moonwalk like Michael Jackson away from an autopsy table?|A familiar movement becomes a specific and morbid impossible escape.
most-likely|3|prince|Who's most likely to replace their legal name with a Prince-style symbol in a will?|The reference is clear but the administrative vanity is not especially outrageous.
most-likely|4|elton-john|Who's most likely to request Elton John glasses large enough to hide funeral tears?|A recognizable extravagant accessory becomes a specific excessive mourning tactic.
most-likely|4|billy-joel|Who's most likely to ask Billy Joel to collect funeral donations in his piano jar?|A piano-bar custom turns a solemn event into an inappropriate performance economy.
most-likely|3|bruce-springsteen|Who's most likely to request Bruce Springsteen sing about their unpaid funeral bill?|The working-life association is understandable but merely narrates a financial problem.
most-likely|4|jon-bon-jovi|Who's most likely to wave a lighter at Jon Bon Jovi during their own cremation?|A concert gesture is physically and grotesquely misplaced in a cremation.
most-likely|4|ozzy-osbourne|Who's most likely to ask Ozzy Osbourne to test whether their dentures can bite?|A familiar outrageous biting cue becomes a specific absurd dental service.
most-likely|4|alice-cooper|Who's most likely to hire Alice Cooper to make a real coffin look like a stage prop?|The horror-performance association gives a suspicious corpse a concrete concealment tactic.
most-likely|4|gene-simmons|Who's most likely to let Gene Simmons sell merchandise at their will reading?|A familiar merchandising persona creates an explicit crass estate spectacle.
most-likely|4|paul-mccartney|Who's most likely to ask Paul McCartney to sing a safe combination at probate?|A public performance is used for a specific disastrously exposed estate secret.
most-likely|3|ringo-starr|Who's most likely to hire Ringo Starr for a drumroll before announcing funeral costs?|The ceremony is inappropriate but fairly ordinary as an expensive-cost joke.
most-likely|4|john-lennon|Who's most likely to ask John Lennon's ghost to imagine away their estate taxes?|A peace-imagination association is misused for an explicit petty supernatural tax dodge.
most-likely|4|freddie-mercury|Who's most likely to ask Freddie Mercury's ghost to lead chants at their exorcism?|A familiar crowd performance becomes a specific and contradictory supernatural event.
most-likely|4|mick-jagger|Who's most likely to copy Mick Jagger's strut when escaping a cemetery security guard?|A familiar physical trait is applied to a concrete suspicious morbid escape.
most-likely|4|keith-richards|Who's most likely to name Keith Richards as backup beneficiary for the year 2200?|A durable rock persona gains a specific absurdly distant inheritance assumption.
most-likely|4|david-bowie|Who's most likely to ask David Bowie's ghost to design a witness-protection persona?|Reinvention becomes a concrete supernatural service for a criminal-risk situation.
most-likely|4|bob-dylan|Who's most likely to ask Bob Dylan to mumble their last confession beyond recognition?|A recognizable vocal delivery becomes a specific self-serving concealment after death.
most-likely|3|bob-marley|Who's most likely to ask Bob Marley's ghost to improve the crematorium's atmosphere?|The reference decorates a broad ambiance request without a sharp mechanism.
most-likely|4|willie-nelson|Who's most likely to ask Willie Nelson to smuggle their ashes across a border?|A touring persona gives remains a specific illegal transport request.
most-likely|4|johnny-cash|Who's most likely to ask Johnny Cash to sing an alibi from inside their prison cell?|A familiar prison-music association makes the purported defense obviously too late.
most-likely|4|shania-twain|Who's most likely to ask Shania Twain if a gold-plated coffin is impressive enough?|An unimpressed persona makes an explicitly extravagant death purchase a vain audition.
