fill|4|friends|On Friends, the adults split one coffin. The roommate agreement banned ___.|A familiar shared-living premise becomes a concrete grotesque contract dispute.
fill|4|seinfeld|Seinfeld's funeral episode revealed the deceased had died complaining about ___.|A recognizable petty-grievance structure gives death an absurdly trivial cause.
fill|4|the-office|The Office's HR department ruled that haunting your replacement counts as ___.|Workplace bureaucracy treats a specific supernatural act as an employment violation.
fill|4|parks-and-recreation|Parks and Recreation's cemetery permit denied my corpse permission to ___.|Civic paperwork creates a concrete ridiculous restriction even after death.
fill|4|the-simpsons|The Simpsons' adult poker night ended when the losing ghost wagered ___.|An explicitly adult gathering gives supernatural gambling a specific escalating stake.
fill|3|south-park|South Park's adult funeral guests refused to apologize for ___.|The adult setting is clear but a generic outrageous-apology blank lacks a mechanism.
fill|3|family-guy|Family Guy's adult divorce episode spent the whole cutaway explaining ___.|A familiar editing cue is recognizable but the unspecified subject carries the humor.
fill|4|american-dad|American Dad's adult spy buried his divorce papers in a bunker beside ___.|An adult intelligence persona makes an ordinary breakup an excessive concealment operation.
fill|4|rick-and-morty|Rick and Morty's adult scientist sold a portal that only led to ___.|The adult inventor and defective dimension-hopping product create a specific absurd purchase.
fill|4|bojack-horseman|BoJack Horseman's ghost asked his publicist to blame his death on ___.|A troubled celebrity setting gives a final publicity lie a concrete dark purpose.
fill|4|arrested-development|Arrested Development's adults hid the estate money inside a coffin full of ___.|A dysfunctional finance premise produces a clear grotesque concealment blank.
fill|4|its-always-sunny-in-philadelphia|Always Sunny's bar charged ghosts a cover fee plus a surcharge for ___.|A familiar exploitative bar setting invents a concrete petty afterlife business.
fill|4|curb-your-enthusiasm|Curb Your Enthusiasm's funeral argument began over the corpse's right to ___.|A recognizable etiquette dispute extends petty rights to an actual dead body.
fill|4|cheers|Cheers kept the dead regular's stool reserved until someone paid off his ___.|A familiar bar custom becomes a concrete and indefinite posthumous debt collection.
fill|4|frasier|Frasier diagnosed my ghost with unresolved feelings about ___.|An urbane psychiatry persona makes an actual haunting a petty therapeutic issue.
fill|4|the-golden-girls|The Golden Girls' seance stopped when the ghost demanded cheesecake and ___.|A familiar comfort-food cue gives supernatural contact an amusingly practical demand.
fill|4|roseanne|Roseanne's adult household pawned the urn to pay for ___.|A working-budget setting makes human remains a specific desperate financial asset.
fill|4|married-with-children|Married... with Children's adult spouses hid their divorce fund inside ___.|An explicitly adult marital rivalry supplies a concrete suspicious financial hiding place.
fill|4|mash-tv|M*A*S*H's adult surgeons held a funeral, then billed the corpse for ___.|A medical dark-comedy setting gives the deceased an absurd clinical charge.
fill|4|the-big-bang-theory|The Big Bang Theory's adult scientists proved my ghost was actually ___.|A familiar science-comedy premise opens a clear absurd explanation for a haunting.
fill|3|how-i-met-your-mother|How I Met Your Mother's adults needed nine seasons to explain my missing ___.|The long-story cue works but the missing object has no inherent dark consequence.
fill|4|modern-family|Modern Family's adults sold the family urn after discovering it contained ___.|A specific estate object gets a clear scandalous family revelation.
fill|4|brooklyn-nine-nine|Brooklyn Nine-Nine's ghost lineup failed because every suspect claimed ___.|Police procedure gives an impossible identification process a specific comic obstacle.
fill|4|community|Community's adult night class taught corpse disposal using only ___.|A dubious educational setting offers a specific outrageously inappropriate practical lesson.
fill|4|the-good-place|The Good Place deducted points for my funeral's sponsored ___.|A recognizable afterlife scoring mechanism targets a concrete commercial indignity.
fill|4|schitts-creek|Schitt's Creek's funeral budget covered one designer item: ___.|A status-conscious setting makes limited mourning funds a sharp vanity choice.
fill|4|new-girl|New Girl's adult roommates evicted the ghost after finding it had eaten ___.|Shared-housing etiquette gives supernatural occupancy a specific petty breaking point.
fill|4|30-rock|30 Rock sold my memorial to an advertiser whose contract demanded ___.|A familiar media-business setting gives a personal death a clear commercial intrusion.
fill|4|veep|Veep's campaign blamed the corpse in the debate audience on ___.|A political-spin setting supplies a concrete outrageous public scandal and excuse.
fill|4|silicon-valley-tv|Silicon Valley's funeral app required access to the dead user's ___.|A familiar technology-business setting makes posthumous privacy a specific absurd permission.
fill|4|succession|Succession's heirs applauded the will until it left the company to ___.|A familiar inheritance struggle makes the identity of an unworthy winner consequential.
fill|4|breaking-bad|Breaking Bad's adult chemistry lab accidentally produced cremation ashes that ___.|A hazardous chemistry association gives a morbid product a specific dangerous property.
fill|4|better-call-saul|Better Call Saul's funeral contract guaranteed a refund if the corpse ___.|A dubious legal-sales setting provides a concrete impossible consumer guarantee.
fill|4|the-sopranos|The Sopranos' funeral caterer requested cash, silence, and ___.|A familiar organized-crime association gives an ordinary vendor a specific coercive demand.
fill|4|the-wire|The Wire's city audit found the cemetery was billing taxpayers for ___.|A civic corruption setting makes a concrete morbid fraud easy to understand.
fill|4|mad-men|Mad Men's funeral ad promised your ashes would make women ___.|A cynical advertising persona treats human remains as a specific manipulative product.
fill|4|dexter-tv|Dexter's wedding planner added a plastic-sheet surcharge because ___.|A forensic-horror association gives an ordinary celebration a concrete suspicious expense.
fill|4|lost-tv|Lost's adult survivors opened the coffin and discovered another ___.|The familiar mystery-box structure becomes a concrete escalating burial revelation.
fill|4|the-walking-dead|The Walking Dead's funeral director charged extra when the corpse ___.|A familiar undead premise gives death services a clear labor-related surcharge.
fill|4|game-of-thrones|Game of Thrones' adult wedding guests signed a waiver covering ___.|A lethal adult political-wedding association makes legal protection grotesquely practical.
fill|4|house-of-the-dragon|House of the Dragon's adult ruler canceled cremation after the dragon ate ___.|A familiar huge creature gets a specific disastrous interference with death rituals.
fill|4|yellowstone-tv|Yellowstone's ranch buried the adult patriarch with his most treasured ___.|A possessive ranch-family setting gives burial a concrete potentially scandalous possession.
fill|4|the-white-lotus|The White Lotus charged the corpse a resort fee for using ___.|A luxury-hospitality setting creates a clear petty posthumous billing indignity.
fill|4|the-crown-tv|The Crown's royal funeral committee classified the deceased's ___.|Royal secrecy makes an ordinary bodily or personal detail an excessive state matter.
fill|4|downton-abbey|Downton Abbey's butler refused to serve the ghost until it changed ___.|A formal household setting turns a supernatural visitor into an etiquette violation.
fill|4|greys-anatomy|Grey's Anatomy's adult surgeons named my removed organ after ___.|Medical melodrama becomes a concrete invasive and inappropriate commemorative act.
fill|4|er-tv|ER's hospital billed my ghost for haunting the wrong ___.|Emergency administration applies a clear absurd service-location rule after death.
fill|4|house-tv|House diagnosed the adult patient with an allergy to ___. The coffin agreed.|A cynical diagnostic premise gains a concrete impossible confirmation from funeral equipment.
fill|4|csi-tv|CSI found the killer by analyzing the glitter on the victim's ___.|A recognizable forensic method becomes a specific grotesque and silly evidence search.
fill|4|law-and-order|Law & Order charged my ghost with illegally crossing ___.|A familiar legal setting creates an absurdly literal supernatural border offense.
most-likely|4|friends|Who's most likely to demand Friends-style rent sharing for their family crypt?|Shared-apartment economics become a concrete inappropriate rule for buried relatives.
most-likely|4|seinfeld|Who's most likely to stage a Seinfeld argument about the corpse getting better parking?|Petty social grievance is made specific and grotesque through priority for the dead.
most-likely|4|the-office|Who's most likely to use The Office as HR guidance for firing a workplace ghost?|A familiar workplace comedy becomes an obviously inadequate supernatural personnel manual.
most-likely|4|parks-and-recreation|Who's most likely to cite Parks and Recreation while demanding a corpse-parade permit?|Civic comedy is applied to a concrete excessive request involving human remains.
most-likely|4|the-simpsons|Who's most likely to copy The Simpsons' adult bar crowd at their own funeral reception?|An explicitly adult drinking cue gives mourning a deliberately inappropriate social model.
most-likely|3|south-park|Who's most likely to request a South Park roast at an adults-only funeral reception?|The adult boundary is clear but a vulgar roast is a fairly generic comic request.
most-likely|3|family-guy|Who's most likely to narrate a Family Guy cutaway during adult divorce mediation?|The recognizable editing reference is awkwardly applied but not strongly outrageous.
most-likely|4|american-dad|Who's most likely to build an American Dad-style bunker to hide divorce paperwork?|A spy-comedy cue supplies a concrete excessive response to a mundane adult breakup.
most-likely|4|rick-and-morty|Who's most likely to ask Rick and Morty's adult inventor for a portal out of probate?|An explicitly adult inventor provides an impossible escape from a petty legal process.
most-likely|4|bojack-horseman|Who's most likely to ask BoJack Horseman's publicist to spin their embarrassing death?|A celebrity-rehab setting creates a specific cynical posthumous image-management request.
most-likely|4|arrested-development|Who's most likely to copy Arrested Development's adults when hiding an estate from tax?|A dysfunctional family-finance cue supports a concrete and improper inheritance tactic.
most-likely|4|its-always-sunny-in-philadelphia|Who's most likely to run an Always Sunny-style bar tab for visiting ghosts?|The exploitative bar cue becomes a specific absurd supernatural business.
most-likely|4|curb-your-enthusiasm|Who's most likely to turn a coffin refund into a Curb Your Enthusiasm argument?|A familiar petty-conflict style is applied to a specific grotesque consumer complaint.
most-likely|4|cheers|Who's most likely to ask a Cheers bartender to collect a dead regular's bar tab?|A familiar recurring bar setting supplies a concrete absurd posthumous collection request.
most-likely|4|frasier|Who's most likely to imitate Frasier when diagnosing a ghost with class anxiety?|A recognizable therapy-and-status persona produces a concrete petty supernatural diagnosis.
most-likely|4|the-golden-girls|Who's most likely to demand Golden Girls-style cheesecake before agreeing to an exorcism?|A familiar comfort ritual becomes a specific and absurd condition for supernatural rescue.
most-likely|4|roseanne|Who's most likely to copy Roseanne's adult budget tactics by pawning a family urn?|An explicitly adult working-household cue gets a concrete morbid financial action.
most-likely|3|married-with-children|Who's most likely to quote Married... with Children at an adult divorce hearing?|The adult court setting is clear but quoting the show alone is only inappropriate.
most-likely|4|mash-tv|Who's most likely to request M*A*S*H-style gallows humor during their own autopsy?|A medical dark-comedy cue is applied to an impossible personal postmortem demand.
most-likely|4|the-big-bang-theory|Who's most likely to use The Big Bang Theory to calculate a ghost's unpaid rent?|A familiar science cue becomes a concrete petty supernatural accounting task.
most-likely|3|how-i-met-your-mother|Who's most likely to tell a How I Met Your Mother-length story at adult divorce court?|The long-story cue is legible but primarily describes an irritating speech.
most-likely|4|modern-family|Who's most likely to stage a Modern Family adult reunion solely to auction an urn?|An adult family-comedy cue turns reunion into a specific crass estate transaction.
most-likely|4|brooklyn-nine-nine|Who's most likely to use Brooklyn Nine-Nine tactics to arrest their own ghost?|Police comedy is misused for a concrete and impossible supernatural intervention.
most-likely|4|community|Who's most likely to cite Community as accreditation for an adult corpse-disposal class?|A dubious education cue supports a concrete outrageously inappropriate credential claim.
most-likely|4|the-good-place|Who's most likely to contest The Good Place points lost for monetizing their funeral?|The afterlife scoring premise gives a specific crass act a petty formal appeal.
most-likely|4|schitts-creek|Who's most likely to demand a Schitt's Creek-style luxury upgrade to a pauper's coffin?|A status-comedy cue creates a specific excessive request amid funeral poverty.
most-likely|4|new-girl|Who's most likely to write a New Girl roommate contract forbidding ghosts from snacking?|Shared-living comedy supplies a concrete petty rule for supernatural residents.
most-likely|4|30-rock|Who's most likely to demand a 30 Rock-style sponsor shout-out in their last words?|A media-business cue commercializes a concrete final personal statement.
most-likely|4|veep|Who's most likely to use Veep's campaign spin to explain a corpse at their dinner party?|A political-coverup association supplies a concrete outrageous private scandal.
most-likely|4|silicon-valley-tv|Who's most likely to pitch a Silicon Valley app that sells a dead user's location?|A tech-business cue produces a concrete crass and absurd privacy product.
most-likely|4|succession|Who's most likely to stage a Succession boardroom fight over an empty family urn?|A familiar inheritance struggle is applied to a specific petty funeral asset.
most-likely|4|breaking-bad|Who's most likely to use Breaking Bad as guidance for disposing of cremation residue?|A hazardous criminal-chemistry cue becomes a concrete disturbing household disposal choice.
most-likely|4|better-call-saul|Who's most likely to ask a Better Call Saul lawyer for a ghost's refund rights?|Dubious consumer-law advice is requested for a specific impossible client.
most-likely|4|the-sopranos|Who's most likely to request a Sopranos-style threat when funeral catering is late?|A crime-family cue turns a mundane service delay into a specific excessive response.
most-likely|4|the-wire|Who's most likely to use The Wire as a manual for hiding cemetery payroll fraud?|A civic-corruption cue is applied to a concrete and crass death-industry crime.
most-likely|4|mad-men|Who's most likely to pitch a Mad Men ad claiming their ashes increase sex appeal?|A cynical advertising association produces an explicit absurd claim for human remains.
most-likely|4|dexter-tv|Who's most likely to ask Dexter for stain-removal tips before their adult wedding?|A forensic serial-crime cue gives an ordinary ceremony a concrete suspicious preparation.
most-likely|4|lost-tv|Who's most likely to request a Lost-style mystery hatch inside their own coffin?|A recognizable mystery prop becomes a specific bizarre funeral customization.
most-likely|4|the-walking-dead|Who's most likely to invoke The Walking Dead when requesting a cremation warranty?|A familiar undead threat motivates a concrete excessive funeral-product guarantee.
most-likely|4|game-of-thrones|Who's most likely to demand Game of Thrones-level security at an adult wedding?|A lethal adult political-wedding cue makes a concrete precaution outrageously excessive.
most-likely|4|house-of-the-dragon|Who's most likely to request House of the Dragon-style cremation on a tiny patio?|An enormous fantasy-creature service is specifically and dangerously misplaced at home.
most-likely|4|yellowstone-tv|Who's most likely to use Yellowstone ranch tactics to defend a disputed burial plot?|A territorial ranch association becomes a specific excessive inheritance confrontation.
most-likely|4|the-white-lotus|Who's most likely to demand White Lotus concierge service for a corpse's minibar bill?|Luxury hospitality is applied to a concrete absurd posthumous consumer dispute.
most-likely|4|the-crown-tv|Who's most likely to cite The Crown while demanding royal secrecy for their autopsy?|A prestige-monarchy cue gives a personal death an excessive information restriction.
most-likely|4|downton-abbey|Who's most likely to enforce Downton Abbey table manners during a cannibal's dinner?|Formal etiquette clashes with a specific grotesque meal rather than generic luxury.
most-likely|4|greys-anatomy|Who's most likely to request Grey's Anatomy-style romantic lighting for an autopsy?|A medical-romance cue is applied to a concrete gross and emotionally wrong procedure.
most-likely|4|er-tv|Who's most likely to cite ER while asking if ghosts qualify for emergency triage?|A familiar hospital cue produces a specific impossible eligibility question.
most-likely|4|house-tv|Who's most likely to ask House to diagnose a coffin that keeps coughing?|A diagnostic-drama cue gives an impossible funeral object a concrete medical symptom.
most-likely|4|csi-tv|Who's most likely to request CSI analyze glitter found inside their adult divorce cake?|A recognizable forensic procedure becomes a specific absurd personal investigation.
most-likely|4|law-and-order|Who's most likely to play the Law & Order sting when reading a ghost its charges?|A familiar procedural sound is used for a concrete supernatural arrest ritual.
