fill|4|groupon|My Groupon cremation coupon expired while the body was still ___.|A discount deadline collides with a specific and grotesque funeral-service stage.
fill|4|angi|The Angi contractor soundproofed my coffin but left a hole for ___.|A home-improvement service becomes an absurdly customized burial product.
fill|4|yelp|The ghost's Yelp review gave the exorcist one star for ___.|A victim of supernatural removal uses a familiar review mechanism for a petty complaint.
fill|4|tripadvisor|Tripadvisor's cemetery review praised the view but complained about ___.|A tourist review treats an actual burial ground as a disappointing stay.
fill|4|expedia|Expedia bundled my funeral flight with an unexpected discount on ___.|Travel upselling at death creates a concrete crass commercial extra.
fill|4|booking-com|Booking.com listed my crypt as a shared room. My new roommate was ___.|A familiar accommodation listing creates a clear morbid surprise occupant.
fill|4|kayak|Kayak's fare alert said my ashes could fly cheaper if I removed ___.|Airfare optimization applies a specific absurd baggage instruction to human remains.
fill|3|trivago|Trivago ranked haunted hotels by how often the ghost ___.|The category is clear but an unspecified haunting behavior is a fairly broad blank.
fill|4|hotels-com|Hotels.com awarded my ghost a free night, but only inside ___.|A hospitality reward becomes a clear absurd restriction after death.
fill|4|orbitz|Orbitz rejected my corpse's passport photo because it showed ___.|Travel documentation creates a concrete impossible standards problem for a body.
fill|4|priceline|Priceline's mystery hotel turned out to be a morgue with complimentary ___.|A hidden accommodation deal produces an explicit morbid reveal and banal amenity blank.
fill|3|travelocity|Travelocity's gnome stood on my grave holding a sign that said ___.|The mascot makes a visual setup but an invented sign supplies nearly all the joke.
fill|4|lyft|Lyft's driver charged my ghost a cleaning fee after it left ___.|A familiar rideshare charge becomes a specific supernatural mess dispute.
fill|4|instacart|Instacart replaced the funeral flowers with a family-sized pack of ___.|A familiar grocery substitution creates a concrete inappropriate mourning delivery.
fill|4|postmates|Postmates delivered the urn to my ex, who tipped the driver with ___.|A practical delivery becomes a concrete petty revenge transaction involving remains.
fill|4|grubhub|Grubhub's seance order asked whether the ghost preferred its meal ___.|A familiar food-order choice becomes absurdly literal for a dead diner.
fill|4|opentable|OpenTable canceled the seance reservation because the ghost wouldn't ___.|Reservation rules supply a concrete mundane obstacle to supernatural hospitality.
fill|3|resy|Resy listed the family crypt as a private dining room with ___.|A restaurant-booking error is morbid but relies on an arbitrary amenity blank.
fill|4|ticketmaster|Ticketmaster's funeral ticket charged extra for standing close enough to ___.|A familiar fee complaint is made specific through an inappropriate proximity upgrade.
fill|4|stubhub|StubHub's scalped funeral ticket included backstage access to ___.|An event-ticket upgrade becomes a concrete grotesque privilege at a burial.
fill|4|seatgeek|SeatGeek marked the coffin's blind spot as "obstructed by ___."|A familiar seating warning turns funeral geometry into an absurd ticketing issue.
fill|4|eventbrite|Eventbrite's funeral RSVP required guests to prove they had never ___.|An event-registration rule gives mourning a specific suspicious eligibility condition.
fill|4|fandango|Fandango sold tickets to my autopsy and rated it inappropriate for ___.|A cinema-ticketing service becomes a concrete grotesque entertainment classifier.
fill|3|cameo|My Cameo condolence video ended with a sponsored reminder to ___.|A commercial condolence is clear but the missing instruction lacks a distinctive mechanism.
fill|4|onlyfans|The OnlyFans funeral stream charged extra to reveal the deceased's ___.|An adult subscription model monetizes a specific grotesque personal detail after death.
fill|4|patreon|My ghost's Patreon promised subscribers one haunting plus ___.|A familiar creator subscription turns supernatural harassment into a concrete tier benefit.
fill|4|gofundme|GoFundMe rejected my funeral fundraiser because the corpse was still ___.|A crowdfunding eligibility check exposes a concrete and suspicious defect in the death claim.
fill|4|kickstarter|Kickstarter's smart coffin achieved its stretch goal by adding ___.|A familiar project-funding mechanism gives funeral technology an excessive feature blank.
fill|3|indiegogo|Indiegogo's coffin prototype arrived without the promised ___.|A failed hardware delivery is clear but a missing feature alone is a generic setup.
fill|4|etsy|Etsy's personalized urn misspelled the deceased's name as ___.|A familiar custom gift suffers a concrete and permanently inappropriate inscription error.
fill|4|ebay|eBay's "slightly haunted" urn came with a certificate proving ___.|An online condition disclaimer produces a concrete absurd assurance about human remains.
fill|4|wish|Wish delivered a doll-sized coffin and instructed the undertaker to ___.|A familiar bargain-size mismatch gives the funeral worker a specific impossible correction.
fill|4|temu|Temu's bulk urn discount required proof that I had killed ___.|A cheap bulk-shopping mechanism gains an explicit grotesque qualification requirement.
fill|4|shein|SHEIN's burial outfit label warned: "Do not expose to ___."|A familiar garment-care instruction becomes absurdly impractical in burial.
fill|4|alibaba|Alibaba's coffin factory rejected my logo because it resembled ___.|Custom manufacturing makes a vanity funeral product a clear absurd design dispute.
fill|3|rakuten|Rakuten's funeral cash back arrived as a voucher for ___.|The commercial indignity works but an unspecified voucher is a generic reward joke.
fill|4|poshmark|Poshmark's funeral suit listing said the previous owner died of ___.|A resale condition note exposes a concrete grotesque provenance detail.
fill|4|mercari|Mercari's talking urn refused delivery until the buyer signed for ___.|A used-goods transaction gives a supernatural object a specific petty contract demand.
fill|3|depop|Depop's haunted jacket claimed the attached ghost was certified ___.|Fashion resale provides a clear supernatural item but an arbitrary certificate is thin.
fill|4|thredup|ThredUp rejected my burial suit because the pockets still contained ___.|A resale inspection creates a specific gross or incriminating death-related discovery.
fill|4|offerup|OfferUp's coffin seller insisted the test drive include ___.|A local-sale ritual is absurdly applied to a funeral product with a concrete extra demand.
fill|4|craigslist|Craigslist's roommate ad promised cheap rent if I agreed to exhume ___.|A familiar housing ad gains an explicit grotesque obligation rather than a vague warning.
fill|4|nextdoor|Nextdoor's missing-corpse post complained that the body had parked on ___.|A familiar neighborhood grievance trivializes a concrete morbid emergency.
fill|4|reddit|Reddit's ghost told me to delete my account after finding my posts about ___.|An online-history discovery becomes a specific supernatural judgment of private behavior.
fill|4|discord|Discord's seance server banned the ghost for repeatedly posting ___.|A familiar moderation mechanism treats an actual spirit as a disruptive community member.
fill|4|twitch|Twitch's funeral chat unlocked an emote every time the corpse ___.|A familiar livestream reward mechanic creates a concrete grotesque interaction.
fill|4|youtube|YouTube interrupted my autopsy tutorial with an ad selling ___.|An intrusive video ad becomes specifically inappropriate beside gross medical instruction.
fill|4|hulu|Hulu's funeral stream asked if the deceased was still ___.|A familiar streaming check-in receives a literal and morbid user-status interpretation.
fill|3|hbo|HBO adapted my probate hearing but demanded a close-up of ___.|Prestige-drama excess is understandable but the missing shot lacks a clear mechanism.
fill|4|peacock|Peacock buffered during the will reading, so the executor guessed I had left ___.|A familiar streaming failure causes a concrete and disastrous estate distribution.
most-likely|4|groupon|Who's most likely to ask Groupon whether a cremation coupon covers an extra limb?|A discount-service question becomes a concrete grotesque funeral billing issue.
most-likely|4|angi|Who's most likely to hire an Angi contractor to put soundproofing inside a coffin?|Home-improvement services are used for a specific disturbing burial modification.
most-likely|4|yelp|Who's most likely to leave an exorcist a Yelp review on behalf of the expelled ghost?|A familiar complaint mechanism takes the clearly absurd perspective of the removed spirit.
most-likely|4|tripadvisor|Who's most likely to review a family crypt on Tripadvisor before moving in permanently?|Tourist accommodation research becomes a concrete grotesque preparation for death.
most-likely|4|expedia|Who's most likely to ask Expedia to bundle funeral travel with a honeymoon upgrade?|A travel upsell creates a specific emotional and commercial mismatch at bereavement.
most-likely|4|booking-com|Who's most likely to list an occupied coffin as a Booking.com budget single room?|A familiar lodging listing becomes an explicit grotesque fraudulent accommodation.
most-likely|4|kayak|Who's most likely to use Kayak alerts to find the cheapest flight for stolen ashes?|Airfare shopping is motivated by a concrete outrageous theft of human remains.
most-likely|3|trivago|Who's most likely to demand Trivago compare hotels by the quality of their ghosts?|The supernatural shopping criterion is clear but the unspecified quality remains broad.
most-likely|4|hotels-com|Who's most likely to claim Hotels.com loyalty nights accumulated by their dead relative?|A familiar hospitality reward becomes a specific petty posthumous inheritance claim.
most-likely|4|orbitz|Who's most likely to ask Orbitz whether a corpse needs a fresh passport photograph?|Travel rules produce a concrete grotesque document question.
most-likely|4|priceline|Who's most likely to book a Priceline mystery room and insist the morgue honor breakfast?|A hidden accommodation reveal gets a specific absurd consumer demand.
most-likely|3|travelocity|Who's most likely to request a Travelocity gnome as the only witness at their seance?|A mascot replaces a human witness but the connection to the supernatural act is thin.
most-likely|4|lyft|Who's most likely to dispute a Lyft cleaning fee charged to their dripping ghost?|A mundane rideshare bill becomes a concrete petty supernatural dispute.
most-likely|4|instacart|Who's most likely to use Instacart substitutions as the menu for a cannibal dinner?|A familiar grocery shortcut is applied to a concrete grotesque meal.
most-likely|4|postmates|Who's most likely to send their ex an urn through Postmates and demand a delivery photo?|A familiar delivery safeguard becomes a specific morbid revenge action.
most-likely|4|grubhub|Who's most likely to leave Grubhub instructions to feed the ghost before the mourners?|Food-delivery priorities become a concrete absurd funeral-hosting rule.
most-likely|4|opentable|Who's most likely to demand OpenTable reserve a chair for a ghost's invisible companion?|A familiar restaurant reservation acquires a specific impossible extra diner.
most-likely|3|resy|Who's most likely to book a family crypt through Resy and complain about the lighting?|The booking-category error is clear but the complaint is a fairly ordinary ambiance joke.
most-likely|4|ticketmaster|Who's most likely to demand Ticketmaster refund the coffin's obstructed funeral view?|A familiar ticketing grievance takes the specific impossible perspective of the deceased.
most-likely|4|stubhub|Who's most likely to scalp StubHub tickets to their own suspicious funeral?|Reselling a personal death event is a concrete outrageous commercial act.
most-likely|4|seatgeek|Who's most likely to ask SeatGeek for seats within splashing distance of an autopsy?|A familiar seating criterion becomes an explicit grotesque audience preference.
most-likely|4|eventbrite|Who's most likely to make funeral guests upload alibis to Eventbrite before attending?|An event-registration tool becomes a concrete suspicious criminal screening process.
most-likely|4|fandango|Who's most likely to ask Fandango whether an autopsy has a post-credits scene?|A familiar movie expectation becomes an absurd specific question about medical dissection.
most-likely|3|cameo|Who's most likely to order a Cameo apology for stealing a friend's family urn?|The morbid theft is concrete but the celebrity-video mechanism adds limited escalation.
most-likely|4|onlyfans|Who's most likely to put a paywall on their open coffin using OnlyFans?|An adult subscription tool enables a specific grotesque monetization of death.
most-likely|4|patreon|Who's most likely to launch a Patreon tier promising one personal haunting per month?|A familiar creator business becomes an explicit absurd supernatural service.
most-likely|4|gofundme|Who's most likely to start a GoFundMe cremation campaign while the subject is still alive?|A familiar fundraiser becomes a specific disturbing premature death transaction.
most-likely|4|kickstarter|Who's most likely to pitch Kickstarter a coffin that automatically ejects unpaid mourners?|A familiar invention pitch proposes a concrete absurd funeral-payment mechanism.
most-likely|3|indiegogo|Who's most likely to fund an Indiegogo coffin prototype without asking where it opens?|The dark product is clear but reckless product research is a fairly generic behavior.
most-likely|4|etsy|Who's most likely to demand Etsy remake an urn because it misspelled their secret alias?|Custom-gift complaints expose a concrete absurdly private identity after death.
most-likely|4|ebay|Who's most likely to sell their ghost on eBay with a no-returns clause?|An online resale rule makes a supernatural possession a specific dubious transaction.
most-likely|4|wish|Who's most likely to ask Wish whether a tiny coffin can stretch to fit an adult?|A familiar cheap-size mismatch creates a concrete grotesque correction request.
most-likely|4|temu|Who's most likely to buy Temu urns in bulk before informing anyone about their plans?|A bulk purchase of death supplies creates a concrete suspicious social signal.
most-likely|4|shein|Who's most likely to request SHEIN burial clothes that survive an eventual exhumation?|A familiar fashion purchase gets a specific disturbing durability requirement.
most-likely|4|alibaba|Who's most likely to order Alibaba coffins printed with their own loyalty-program QR code?|Custom bulk manufacturing makes death a specific absurd customer-retention product.
most-likely|3|rakuten|Who's most likely to ask Rakuten for cash back on fake-funeral supplies?|A shopping reward is improperly applied but the actual purchase remains broad.
most-likely|4|poshmark|Who's most likely to sell a Poshmark suit before removing the deceased owner's dentures?|A resale shortcut becomes a specific gross failure to clear funeral clothing.
most-likely|4|mercari|Who's most likely to return a Mercari urn because its ghost refuses to pay utilities?|A marketplace refund is motivated by a concrete petty supernatural household dispute.
most-likely|3|depop|Who's most likely to charge more on Depop because the jacket includes a fashionable ghost?|The supernatural resale extra is clear but its fashion value feels arbitrary.
most-likely|4|thredup|Who's most likely to send ThredUp a burial suit with the death certificate still inside?|A clothing resale service receives a concrete inappropriate personal postmortem document.
most-likely|4|offerup|Who's most likely to demand an OfferUp coffin seller include a live demonstration?|A familiar local-sale precaution becomes a specific disturbing burial request.
most-likely|4|craigslist|Who's most likely to post a Craigslist roommate ad requiring an exhumation permit?|A housing search imposes an explicit grotesque eligibility condition.
most-likely|4|nextdoor|Who's most likely to complain on Nextdoor that a corpse is lowering property values?|A familiar neighborhood-status grievance trivializes a concrete morbid emergency.
most-likely|4|reddit|Who's most likely to ask Reddit whether deleting a ghost's browser history is ethical?|An online advice question makes supernatural privacy a specific petty moral dispute.
most-likely|4|discord|Who's most likely to ban a Discord ghost for posting spoilers about everyone's death?|A familiar moderation action becomes a specific supernatural misconduct rule.
most-likely|4|twitch|Who's most likely to offer Twitch viewers control of the speed of their own cremation?|A familiar interactive stream proposes a concrete grotesque audience power.
most-likely|4|youtube|Who's most likely to follow a YouTube coffin tutorial without measuring the corpse first?|A familiar DIY habit becomes a specific and morbid practical blunder.
most-likely|4|hulu|Who's most likely to ask Hulu if a dead subscriber counts as a shared household account?|A familiar subscription restriction creates a concrete absurd posthumous eligibility question.
most-likely|3|hbo|Who's most likely to ask HBO to turn their probate documents into a prestige thriller?|The adaptation request is readable but lacks a concrete dark or outrageous mechanism.
most-likely|4|peacock|Who's most likely to accuse Peacock buffering of hiding the embarrassing clause in a will?|A familiar streaming fault becomes a specific paranoid inheritance accusation.
